//----------------------------------------------------------
//
//	AtariAudio 1.25
//	Small & accurate ATARI-ST audio emulation
//	by Arnaud Carré aka Leonard/Oxygene (@leonard_coder)
//
//----------------------------------------------------------
#pragma once

static const uint8_t s_envData[10 * 32 * 4] =
{
	// Env00xx
	0x1f,0x1e,0x1d,0x1c,0x1b,0x1a,0x19,0x18,0x17,0x16,0x15,0x14,0x13,0x12,0x11,0x10,0xf,0xe,0xd,0xc,0xb,0xa,0x9,0x8,0x7,0x6,0x5,0x4,0x3,0x2,0x1,0x0,
	0x0,0x0,0x0,0x0,0x0,0x0,0x0,0x0,0x0,0x0,0x0,0x0,0x0,0x0,0x0,0x0,0x0,0x0,0x0,0x0,0x0,0x0,0x0,0x0,0x0,0x0,0x0,0x0,0x0,0x0,0x0,0x0,
	0x0,0x0,0x0,0x0,0x0,0x0,0x0,0x0,0x0,0x0,0x0,0x0,0x0,0x0,0x0,0x0,0x0,0x0,0x0,0x0,0x0,0x0,0x0,0x0,0x0,0x0,0x0,0x0,0x0,0x0,0x0,0x0,
	0x0,0x0,0x0,0x0,0x0,0x0,0x0,0x0,0x0,0x0,0x0,0x0,0x0,0x0,0x0,0x0,0x0,0x0,0x0,0x0,0x0,0x0,0x0,0x0,0x0,0x0,0x0,0x0,0x0,0x0,0x0,0x0,
	// Env01xx
	0x0,0x1,0x2,0x3,0x4,0x5,0x6,0x7,0x8,0x9,0xa,0xb,0xc,0xd,0xe,0xf,0x10,0x11,0x12,0x13,0x14,0x15,0x16,0x17,0x18,0x19,0x1a,0x1b,0x1c,0x1d,0x1e,0x1f,
	0x0,0x0,0x0,0x0,0x0,0x0,0x0,0x0,0x0,0x0,0x0,0x0,0x0,0x0,0x0,0x0,0x0,0x0,0x0,0x0,0x0,0x0,0x0,0x0,0x0,0x0,0x0,0x0,0x0,0x0,0x0,0x0,
	0x0,0x0,0x0,0x0,0x0,0x0,0x0,0x0,0x0,0x0,0x0,0x0,0x0,0x0,0x0,0x0,0x0,0x0,0x0,0x0,0x0,0x0,0x0,0x0,0x0,0x0,0x0,0x0,0x0,0x0,0x0,0x0,
	0x0,0x0,0x0,0x0,0x0,0x0,0x0,0x0,0x0,0x0,0x0,0x0,0x0,0x0,0x0,0x0,0x0,0x0,0x0,0x0,0x0,0x0,0x0,0x0,0x0,0x0,0x0,0x0,0x0,0x0,0x0,0x0,
	// Env 8
	0x1f,0x1e,0x1d,0x1c,0x1b,0x1a,0x19,0x18,0x17,0x16,0x15,0x14,0x13,0x12,0x11,0x10,0xf,0xe,0xd,0xc,0xb,0xa,0x9,0x8,0x7,0x6,0x5,0x4,0x3,0x2,0x1,0x0,
	0x1f,0x1e,0x1d,0x1c,0x1b,0x1a,0x19,0x18,0x17,0x16,0x15,0x14,0x13,0x12,0x11,0x10,0xf,0xe,0xd,0xc,0xb,0xa,0x9,0x8,0x7,0x6,0x5,0x4,0x3,0x2,0x1,0x0,
	0x1f,0x1e,0x1d,0x1c,0x1b,0x1a,0x19,0x18,0x17,0x16,0x15,0x14,0x13,0x12,0x11,0x10,0xf,0xe,0xd,0xc,0xb,0xa,0x9,0x8,0x7,0x6,0x5,0x4,0x3,0x2,0x1,0x0,
	0x1f,0x1e,0x1d,0x1c,0x1b,0x1a,0x19,0x18,0x17,0x16,0x15,0x14,0x13,0x12,0x11,0x10,0xf,0xe,0xd,0xc,0xb,0xa,0x9,0x8,0x7,0x6,0x5,0x4,0x3,0x2,0x1,0x0,
	// Env 9
	0x1f,0x1e,0x1d,0x1c,0x1b,0x1a,0x19,0x18,0x17,0x16,0x15,0x14,0x13,0x12,0x11,0x10,0xf,0xe,0xd,0xc,0xb,0xa,0x9,0x8,0x7,0x6,0x5,0x4,0x3,0x2,0x1,0x0,
	0x0,0x0,0x0,0x0,0x0,0x0,0x0,0x0,0x0,0x0,0x0,0x0,0x0,0x0,0x0,0x0,0x0,0x0,0x0,0x0,0x0,0x0,0x0,0x0,0x0,0x0,0x0,0x0,0x0,0x0,0x0,0x0,
	0x0,0x0,0x0,0x0,0x0,0x0,0x0,0x0,0x0,0x0,0x0,0x0,0x0,0x0,0x0,0x0,0x0,0x0,0x0,0x0,0x0,0x0,0x0,0x0,0x0,0x0,0x0,0x0,0x0,0x0,0x0,0x0,
	0x0,0x0,0x0,0x0,0x0,0x0,0x0,0x0,0x0,0x0,0x0,0x0,0x0,0x0,0x0,0x0,0x0,0x0,0x0,0x0,0x0,0x0,0x0,0x0,0x0,0x0,0x0,0x0,0x0,0x0,0x0,0x0,
	// Env 10
	0x1f,0x1e,0x1d,0x1c,0x1b,0x1a,0x19,0x18,0x17,0x16,0x15,0x14,0x13,0x12,0x11,0x10,0xf,0xe,0xd,0xc,0xb,0xa,0x9,0x8,0x7,0x6,0x5,0x4,0x3,0x2,0x1,0x0,
	0x0,0x1,0x2,0x3,0x4,0x5,0x6,0x7,0x8,0x9,0xa,0xb,0xc,0xd,0xe,0xf,0x10,0x11,0x12,0x13,0x14,0x15,0x16,0x17,0x18,0x19,0x1a,0x1b,0x1c,0x1d,0x1e,0x1f,
	0x1f,0x1e,0x1d,0x1c,0x1b,0x1a,0x19,0x18,0x17,0x16,0x15,0x14,0x13,0x12,0x11,0x10,0xf,0xe,0xd,0xc,0xb,0xa,0x9,0x8,0x7,0x6,0x5,0x4,0x3,0x2,0x1,0x0,
	0x0,0x1,0x2,0x3,0x4,0x5,0x6,0x7,0x8,0x9,0xa,0xb,0xc,0xd,0xe,0xf,0x10,0x11,0x12,0x13,0x14,0x15,0x16,0x17,0x18,0x19,0x1a,0x1b,0x1c,0x1d,0x1e,0x1f,
	// Env 11
	0x1f,0x1e,0x1d,0x1c,0x1b,0x1a,0x19,0x18,0x17,0x16,0x15,0x14,0x13,0x12,0x11,0x10,0xf,0xe,0xd,0xc,0xb,0xa,0x9,0x8,0x7,0x6,0x5,0x4,0x3,0x2,0x1,0x0,
	0x1f,0x1f,0x1f,0x1f,0x1f,0x1f,0x1f,0x1f,0x1f,0x1f,0x1f,0x1f,0x1f,0x1f,0x1f,0x1f,0x1f,0x1f,0x1f,0x1f,0x1f,0x1f,0x1f,0x1f,0x1f,0x1f,0x1f,0x1f,0x1f,0x1f,0x1f,0x1f,
	0x1f,0x1f,0x1f,0x1f,0x1f,0x1f,0x1f,0x1f,0x1f,0x1f,0x1f,0x1f,0x1f,0x1f,0x1f,0x1f,0x1f,0x1f,0x1f,0x1f,0x1f,0x1f,0x1f,0x1f,0x1f,0x1f,0x1f,0x1f,0x1f,0x1f,0x1f,0x1f,
	0x1f,0x1f,0x1f,0x1f,0x1f,0x1f,0x1f,0x1f,0x1f,0x1f,0x1f,0x1f,0x1f,0x1f,0x1f,0x1f,0x1f,0x1f,0x1f,0x1f,0x1f,0x1f,0x1f,0x1f,0x1f,0x1f,0x1f,0x1f,0x1f,0x1f,0x1f,0x1f,
	// Env 12
	0x0,0x1,0x2,0x3,0x4,0x5,0x6,0x7,0x8,0x9,0xa,0xb,0xc,0xd,0xe,0xf,0x10,0x11,0x12,0x13,0x14,0x15,0x16,0x17,0x18,0x19,0x1a,0x1b,0x1c,0x1d,0x1e,0x1f,
	0x0,0x1,0x2,0x3,0x4,0x5,0x6,0x7,0x8,0x9,0xa,0xb,0xc,0xd,0xe,0xf,0x10,0x11,0x12,0x13,0x14,0x15,0x16,0x17,0x18,0x19,0x1a,0x1b,0x1c,0x1d,0x1e,0x1f,
	0x0,0x1,0x2,0x3,0x4,0x5,0x6,0x7,0x8,0x9,0xa,0xb,0xc,0xd,0xe,0xf,0x10,0x11,0x12,0x13,0x14,0x15,0x16,0x17,0x18,0x19,0x1a,0x1b,0x1c,0x1d,0x1e,0x1f,
	0x0,0x1,0x2,0x3,0x4,0x5,0x6,0x7,0x8,0x9,0xa,0xb,0xc,0xd,0xe,0xf,0x10,0x11,0x12,0x13,0x14,0x15,0x16,0x17,0x18,0x19,0x1a,0x1b,0x1c,0x1d,0x1e,0x1f,
	// Env 13
	0x0,0x1,0x2,0x3,0x4,0x5,0x6,0x7,0x8,0x9,0xa,0xb,0xc,0xd,0xe,0xf,0x10,0x11,0x12,0x13,0x14,0x15,0x16,0x17,0x18,0x19,0x1a,0x1b,0x1c,0x1d,0x1e,0x1f,
	0x1f,0x1f,0x1f,0x1f,0x1f,0x1f,0x1f,0x1f,0x1f,0x1f,0x1f,0x1f,0x1f,0x1f,0x1f,0x1f,0x1f,0x1f,0x1f,0x1f,0x1f,0x1f,0x1f,0x1f,0x1f,0x1f,0x1f,0x1f,0x1f,0x1f,0x1f,0x1f,
	0x1f,0x1f,0x1f,0x1f,0x1f,0x1f,0x1f,0x1f,0x1f,0x1f,0x1f,0x1f,0x1f,0x1f,0x1f,0x1f,0x1f,0x1f,0x1f,0x1f,0x1f,0x1f,0x1f,0x1f,0x1f,0x1f,0x1f,0x1f,0x1f,0x1f,0x1f,0x1f,
	0x1f,0x1f,0x1f,0x1f,0x1f,0x1f,0x1f,0x1f,0x1f,0x1f,0x1f,0x1f,0x1f,0x1f,0x1f,0x1f,0x1f,0x1f,0x1f,0x1f,0x1f,0x1f,0x1f,0x1f,0x1f,0x1f,0x1f,0x1f,0x1f,0x1f,0x1f,0x1f,
	// Env 14
	0x0,0x1,0x2,0x3,0x4,0x5,0x6,0x7,0x8,0x9,0xa,0xb,0xc,0xd,0xe,0xf,0x10,0x11,0x12,0x13,0x14,0x15,0x16,0x17,0x18,0x19,0x1a,0x1b,0x1c,0x1d,0x1e,0x1f,
	0x1f,0x1e,0x1d,0x1c,0x1b,0x1a,0x19,0x18,0x17,0x16,0x15,0x14,0x13,0x12,0x11,0x10,0xf,0xe,0xd,0xc,0xb,0xa,0x9,0x8,0x7,0x6,0x5,0x4,0x3,0x2,0x1,0x0,
	0x0,0x1,0x2,0x3,0x4,0x5,0x6,0x7,0x8,0x9,0xa,0xb,0xc,0xd,0xe,0xf,0x10,0x11,0x12,0x13,0x14,0x15,0x16,0x17,0x18,0x19,0x1a,0x1b,0x1c,0x1d,0x1e,0x1f,
	0x1f,0x1e,0x1d,0x1c,0x1b,0x1a,0x19,0x18,0x17,0x16,0x15,0x14,0x13,0x12,0x11,0x10,0xf,0xe,0xd,0xc,0xb,0xa,0x9,0x8,0x7,0x6,0x5,0x4,0x3,0x2,0x1,0x0,
	// Env 15
	0x0,0x1,0x2,0x3,0x4,0x5,0x6,0x7,0x8,0x9,0xa,0xb,0xc,0xd,0xe,0xf,0x10,0x11,0x12,0x13,0x14,0x15,0x16,0x17,0x18,0x19,0x1a,0x1b,0x1c,0x1d,0x1e,0x1f,
	0x0,0x0,0x0,0x0,0x0,0x0,0x0,0x0,0x0,0x0,0x0,0x0,0x0,0x0,0x0,0x0,0x0,0x0,0x0,0x0,0x0,0x0,0x0,0x0,0x0,0x0,0x0,0x0,0x0,0x0,0x0,0x0,
	0x0,0x0,0x0,0x0,0x0,0x0,0x0,0x0,0x0,0x0,0x0,0x0,0x0,0x0,0x0,0x0,0x0,0x0,0x0,0x0,0x0,0x0,0x0,0x0,0x0,0x0,0x0,0x0,0x0,0x0,0x0,0x0,
	0x0,0x0,0x0,0x0,0x0,0x0,0x0,0x0,0x0,0x0,0x0,0x0,0x0,0x0,0x0,0x0,0x0,0x0,0x0,0x0,0x0,0x0,0x0,0x0,0x0,0x0,0x0,0x0,0x0,0x0,0x0,0x0,
};

#define	kFullVolume(a)	((a)/3)
static const uint32_t	s_ym2149LogLevels[32] =
{
	// 32 log volume of YM2149 (computed using 1.f / powf(sqrtf(2.f), level * 0.5f)
	kFullVolume(152),kFullVolume(181),kFullVolume(215),kFullVolume(255),
	kFullVolume(304),kFullVolume(362),kFullVolume(430),kFullVolume(511),
	kFullVolume(608),kFullVolume(724),kFullVolume(861),kFullVolume(1023),
	kFullVolume(1217),kFullVolume(1448),kFullVolume(1722),kFullVolume(2047),
	kFullVolume(2435),kFullVolume(2896),kFullVolume(3444),kFullVolume(4095),
	kFullVolume(4870),kFullVolume(5792),kFullVolume(6888),kFullVolume(8191),
	kFullVolume(9741),kFullVolume(11584),kFullVolume(13776),kFullVolume(16383),
	kFullVolume(19483),kFullVolume(23169),kFullVolume(27553),kFullVolume(32767)
};

// This large table was originally a 16*16*16 table, Measured and generated by Paulo Simoes on real hardware.
// As YM2149 enveloppe has 32 levels, I log-interpolated in between values to get a 32*32*32 mixing table
// If looking at a single voice playing, table goes:
// from: 0000,003c,007e,00c1,012c,01a6,0279,0363,04fc,06d8,0a1f,0ddd,1460,1cc3,2d12,43c0
//   to: 0000,0000,001e,003c,0056,007e,009b,00c1,00f0,012c,0163,01a6,0204,0279,02e4,0363,041b,04fc,05d7,06d8,0852,0a1f,0bd8,0ddd,10ce,1460,1835,1cc3,2401,2d12,3742,43c0

static const uint16_t s_ym2149RecordedMixTable[32 * 32 * 32] =
{
	0x0000,0x0000,0x001e,0x003c,0x0056,0x007e,0x009b,0x00c1,0x00f0,0x012c,0x0163,0x01a6,0x0204,0x0279,0x02e4,0x0363,0x041b,0x04fc,0x05d7,0x06d8,0x0852,0x0a1f,0x0bd8,0x0ddd,0x10ce,0x1460,0x1835,0x1cc3,0x2401,0x2d12,0x3742,0x43c0,
	0x0000,0x0000,0x003c,0x003c,0x007e,0x007e,0x00c1,0x00c1,0x012c,0x012c,0x01a6,0x01a6,0x0279,0x0279,0x0363,0x0363,0x04fc,0x04fc,0x06d8,0x06d8,0x0a1f,0x0a1f,0x0ddd,0x0ddd,0x1460,0x1460,0x1cc3,0x1cc3,0x2d12,0x2d12,0x43c0,0x43c0,
	0x001e,0x003c,0x0047,0x008e,0x0070,0x00d2,0x00bb,0x0117,0x0111,0x0183,0x0186,0x01fb,0x0227,0x02d1,0x0308,0x03b9,0x043d,0x054f,0x05f9,0x072a,0x0873,0x0a6f,0x0bf9,0x0e2a,0x10eb,0x14a7,0x184f,0x1d01,0x2411,0x2d3c,0x3744,0x43c5,
	0x003c,0x003c,0x008e,0x008e,0x00d2,0x00d2,0x0117,0x0117,0x0183,0x0183,0x01fb,0x01fb,0x02d1,0x02d1,0x03b9,0x03b9,0x054f,0x054f,0x072a,0x072a,0x0a6f,0x0a6f,0x0e2a,0x0e2a,0x14a7,0x14a7,0x1d01,0x1d01,0x2d3c,0x2d3c,0x43c5,0x43c5,
	0x0056,0x007e,0x0070,0x00d2,0x00c6,0x0116,0x010e,0x015c,0x0163,0x01c6,0x01d8,0x0241,0x0277,0x0313,0x0359,0x03fb,0x048d,0x0591,0x0646,0x076b,0x08c0,0x0ab0,0x0c41,0x0e65,0x1131,0x14df,0x188e,0x1d33,0x2446,0x2d5e,0x3760,0x43cc,
	0x007e,0x007e,0x00d2,0x00d2,0x0116,0x0116,0x015c,0x015c,0x01c6,0x01c6,0x0241,0x0241,0x0313,0x0313,0x03fb,0x03fb,0x0591,0x0591,0x076b,0x076b,0x0ab0,0x0ab0,0x0e65,0x0e65,0x14df,0x14df,0x1d33,0x1d33,0x2d5e,0x2d5e,0x43cc,0x43cc,
	0x009b,0x00c1,0x00bb,0x0117,0x010e,0x015c,0x0154,0x01a0,0x01aa,0x020a,0x021d,0x0287,0x02bf,0x0359,0x039d,0x0440,0x04d1,0x05d4,0x0689,0x07ad,0x0901,0x0aef,0x0c82,0x0ea4,0x116c,0x1518,0x18c5,0x1d66,0x2474,0x2d83,0x3778,0x43d4,
	0x00c1,0x00c1,0x0117,0x0117,0x015c,0x015c,0x01a0,0x01a0,0x020a,0x020a,0x0287,0x0287,0x0359,0x0359,0x0440,0x0440,0x05d4,0x05d4,0x07ad,0x07ad,0x0aef,0x0aef,0x0ea4,0x0ea4,0x1518,0x1518,0x1d66,0x1d66,0x2d83,0x2d83,0x43d4,0x43d4,
	0x00f0,0x012c,0x0111,0x0183,0x0163,0x01c6,0x01aa,0x020a,0x0201,0x027a,0x0273,0x02f3,0x0317,0x03c8,0x03f5,0x04ae,0x0526,0x063e,0x06dc,0x0815,0x0953,0x0b54,0x0cd1,0x0f08,0x11b8,0x1574,0x190a,0x1db9,0x24ab,0x2dbe,0x3795,0x43e3,
	0x012c,0x012c,0x0183,0x0183,0x01c6,0x01c6,0x020a,0x020a,0x027a,0x027a,0x02f3,0x02f3,0x03c8,0x03c8,0x04ae,0x04ae,0x063e,0x063e,0x0815,0x0815,0x0b54,0x0b54,0x0f08,0x0f08,0x1574,0x1574,0x1db9,0x1db9,0x2dbe,0x2dbe,0x43e3,0x43e3,
	0x0163,0x01a6,0x0186,0x01fb,0x01d8,0x0241,0x021d,0x0287,0x0273,0x02f3,0x02ea,0x036f,0x038b,0x0442,0x046a,0x0529,0x059b,0x06b7,0x074d,0x088b,0x09bf,0x0bc3,0x0d38,0x0f6e,0x121d,0x15d5,0x1966,0x1e13,0x24f9,0x2dfe,0x37c0,0x43f3,
	0x01a6,0x01a6,0x01fb,0x01fb,0x0241,0x0241,0x0287,0x0287,0x02f3,0x02f3,0x036f,0x036f,0x0442,0x0442,0x0529,0x0529,0x06b7,0x06b7,0x088b,0x088b,0x0bc3,0x0bc3,0x0f6e,0x0f6e,0x15d5,0x15d5,0x1e13,0x1e13,0x2dfe,0x2dfe,0x43f3,0x43f3,
	0x0204,0x0279,0x0227,0x02d1,0x0277,0x0313,0x02bf,0x0359,0x0317,0x03c8,0x038b,0x0442,0x042a,0x050e,0x0506,0x05ef,0x0637,0x077e,0x07e9,0x0952,0x0a56,0x0c83,0x0dc5,0x1020,0x12a3,0x1685,0x19e2,0x1eb1,0x2561,0x2e76,0x37f6,0x4419,
	0x0279,0x0279,0x02d1,0x02d1,0x0313,0x0313,0x0359,0x0359,0x03c8,0x03c8,0x0442,0x0442,0x050e,0x050e,0x05ef,0x05ef,0x077e,0x077e,0x0952,0x0952,0x0c83,0x0c83,0x1020,0x1020,0x1685,0x1685,0x1eb1,0x1eb1,0x2e76,0x2e76,0x4419,0x4419,
	0x02e4,0x0363,0x0308,0x03b9,0x0359,0x03fb,0x039d,0x0440,0x03f5,0x04ae,0x046a,0x0529,0x0506,0x05ef,0x05e2,0x06da,0x070d,0x0862,0x08b9,0x0a2a,0x0b27,0x0d59,0x0e78,0x10bd,0x1361,0x174b,0x1a98,0x1f68,0x25fd,0x2f06,0x3855,0x444f,
	0x0363,0x0363,0x03b9,0x03b9,0x03fb,0x03fb,0x0440,0x0440,0x04ae,0x04ae,0x0529,0x0529,0x05ef,0x05ef,0x06da,0x06da,0x0862,0x0862,0x0a2a,0x0a2a,0x0d59,0x0d59,0x10bd,0x10bd,0x174b,0x174b,0x1f68,0x1f68,0x2f06,0x2f06,0x444f,0x444f,
	0x041b,0x04fc,0x043d,0x054f,0x048d,0x0591,0x04d1,0x05d4,0x0526,0x063e,0x059b,0x06b7,0x0637,0x077e,0x070d,0x0862,0x083e,0x09ec,0x09e5,0x0bb0,0x0c46,0x0ed3,0x0f8e,0x1222,0x1450,0x18a7,0x1b94,0x20a7,0x26d7,0x3009,0x38de,0x44c7,
	0x04fc,0x04fc,0x054f,0x054f,0x0591,0x0591,0x05d4,0x05d4,0x063e,0x063e,0x06b7,0x06b7,0x077e,0x077e,0x0862,0x0862,0x09ec,0x09ec,0x0bb0,0x0bb0,0x0ed3,0x0ed3,0x1222,0x1222,0x18a7,0x18a7,0x20a7,0x20a7,0x3009,0x3009,0x44c7,0x44c7,
	0x05d7,0x06d8,0x05f9,0x072a,0x0646,0x076b,0x0689,0x07ad,0x06dc,0x0815,0x074d,0x088b,0x07e9,0x0952,0x08b9,0x0a2a,0x09e5,0x0bb0,0x0b8e,0x0d75,0x0dda,0x106b,0x1125,0x13d4,0x15d1,0x1a41,0x1cf1,0x21fb,0x281f,0x314d,0x39c6,0x457e,
	0x06d8,0x06d8,0x072a,0x072a,0x076b,0x076b,0x07ad,0x07ad,0x0815,0x0815,0x088b,0x088b,0x0952,0x0952,0x0a2a,0x0a2a,0x0bb0,0x0bb0,0x0d75,0x0d75,0x106b,0x106b,0x13d4,0x13d4,0x1a41,0x1a41,0x21fb,0x21fb,0x314d,0x314d,0x457e,0x457e,
	0x0852,0x0a1f,0x0873,0x0a6f,0x08c0,0x0ab0,0x0901,0x0aef,0x0953,0x0b54,0x09bf,0x0bc3,0x0a56,0x0c83,0x0b27,0x0d59,0x0c46,0x0ed3,0x0dda,0x106b,0x1015,0x1339,0x134e,0x16b3,0x17fd,0x1d07,0x1ef8,0x248a,0x29dc,0x3392,0x3b29,0x46fe,
	0x0a1f,0x0a1f,0x0a6f,0x0a6f,0x0ab0,0x0ab0,0x0aef,0x0aef,0x0b54,0x0b54,0x0bc3,0x0bc3,0x0c83,0x0c83,0x0d59,0x0d59,0x0ed3,0x0ed3,0x106b,0x106b,0x1339,0x1339,0x16b3,0x16b3,0x1d07,0x1d07,0x248a,0x248a,0x3392,0x3392,0x46fe,0x46fe,
	0x0bd8,0x0ddd,0x0bf9,0x0e2a,0x0c41,0x0e65,0x0c82,0x0ea4,0x0cd1,0x0f08,0x0d38,0x0f6e,0x0dc5,0x1020,0x0e78,0x10bd,0x0f8e,0x1222,0x1125,0x13d4,0x134e,0x16b3,0x1668,0x1a20,0x1b17,0x2056,0x21f4,0x27b7,0x2c8b,0x364e,0x3d5b,0x4901,
	0x0ddd,0x0ddd,0x0e2a,0x0e2a,0x0e65,0x0e65,0x0ea4,0x0ea4,0x0f08,0x0f08,0x0f6e,0x0f6e,0x1020,0x1020,0x10bd,0x10bd,0x1222,0x1222,0x13d4,0x13d4,0x16b3,0x16b3,0x1a20,0x1a20,0x2056,0x2056,0x27b7,0x27b7,0x364e,0x364e,0x4901,0x4901,
	0x10ce,0x1460,0x10eb,0x14a7,0x1131,0x14df,0x116c,0x1518,0x11b8,0x1574,0x121d,0x15d5,0x12a3,0x1685,0x1361,0x174b,0x1450,0x18a7,0x15d1,0x1a41,0x17fd,0x1d07,0x1b17,0x2056,0x1f96,0x2631,0x266c,0x2da8,0x30c7,0x3be9,0x40ee,0x4da3,
	0x1460,0x1460,0x14a7,0x14a7,0x14df,0x14df,0x1518,0x1518,0x1574,0x1574,0x15d5,0x15d5,0x1685,0x1685,0x174b,0x174b,0x18a7,0x18a7,0x1a41,0x1a41,0x1d07,0x1d07,0x2056,0x2056,0x2631,0x2631,0x2da8,0x2da8,0x3be9,0x3be9,0x4da3,0x4da3,
	0x1835,0x1cc3,0x184f,0x1d01,0x188e,0x1d33,0x18c5,0x1d66,0x190a,0x1db9,0x1966,0x1e13,0x19e2,0x1eb1,0x1a98,0x1f68,0x1b94,0x20a7,0x1cf1,0x21fb,0x1ef8,0x248a,0x21f4,0x27b7,0x266c,0x2da8,0x2ce9,0x34d1,0x3750,0x4305,0x46db,0x53cd,
	0x1cc3,0x1cc3,0x1d01,0x1d01,0x1d33,0x1d33,0x1d66,0x1d66,0x1db9,0x1db9,0x1e13,0x1e13,0x1eb1,0x1eb1,0x1f68,0x1f68,0x20a7,0x20a7,0x21fb,0x21fb,0x248a,0x248a,0x27b7,0x27b7,0x2da8,0x2da8,0x34d1,0x34d1,0x4305,0x4305,0x53cd,0x53cd,
	0x2401,0x2d12,0x2411,0x2d3c,0x2446,0x2d5e,0x2474,0x2d83,0x24ab,0x2dbe,0x24f9,0x2dfe,0x2561,0x2e76,0x25fd,0x2f06,0x26d7,0x3009,0x281f,0x314d,0x29dc,0x3392,0x2c8b,0x364e,0x30c7,0x3be9,0x3750,0x4305,0x40dc,0x4fa7,0x4fcb,0x5f02,
	0x2d12,0x2d12,0x2d3c,0x2d3c,0x2d5e,0x2d5e,0x2d83,0x2d83,0x2dbe,0x2dbe,0x2dfe,0x2dfe,0x2e76,0x2e76,0x2f06,0x2f06,0x3009,0x3009,0x314d,0x314d,0x3392,0x3392,0x364e,0x364e,0x3be9,0x3be9,0x4305,0x4305,0x4fa7,0x4fa7,0x5f02,0x5f02,
	0x3742,0x43c0,0x3744,0x43c5,0x3760,0x43cc,0x3778,0x43d4,0x3795,0x43e3,0x37c0,0x43f3,0x37f6,0x4419,0x3855,0x444f,0x38de,0x44c7,0x39c6,0x457e,0x3b29,0x46fe,0x3d5b,0x4901,0x40ee,0x4da3,0x46db,0x53cd,0x4fcb,0x5f02,0x5d1c,0x6cd8,
	0x43c0,0x43c0,0x43c5,0x43c5,0x43cc,0x43cc,0x43d4,0x43d4,0x43e3,0x43e3,0x43f3,0x43f3,0x4419,0x4419,0x444f,0x444f,0x44c7,0x44c7,0x457e,0x457e,0x46fe,0x46fe,0x4901,0x4901,0x4da3,0x4da3,0x53cd,0x53cd,0x5f02,0x5f02,0x6cd8,0x6cd8,
	0x0000,0x0000,0x003c,0x003c,0x007e,0x007e,0x00c1,0x00c1,0x012c,0x012c,0x01a6,0x01a6,0x0279,0x0279,0x0363,0x0363,0x04fc,0x04fc,0x06d8,0x06d8,0x0a1f,0x0a1f,0x0ddd,0x0ddd,0x1460,0x1460,0x1cc3,0x1cc3,0x2d12,0x2d12,0x43c0,0x43c0,
	0x0000,0x0000,0x003c,0x003c,0x007e,0x007e,0x00c1,0x00c1,0x012c,0x012c,0x01a6,0x01a6,0x0279,0x0279,0x0363,0x0363,0x04fc,0x04fc,0x06d8,0x06d8,0x0a1f,0x0a1f,0x0ddd,0x0ddd,0x1460,0x1460,0x1cc3,0x1cc3,0x2d12,0x2d12,0x43c0,0x43c0,
	0x003c,0x003c,0x008e,0x008e,0x00d2,0x00d2,0x0117,0x0117,0x0183,0x0183,0x01fb,0x01fb,0x02d1,0x02d1,0x03b9,0x03b9,0x054f,0x054f,0x072a,0x072a,0x0a6f,0x0a6f,0x0e2a,0x0e2a,0x14a7,0x14a7,0x1d01,0x1d01,0x2d3c,0x2d3c,0x43c5,0x43c5,
	0x003c,0x003c,0x008e,0x008e,0x00d2,0x00d2,0x0117,0x0117,0x0183,0x0183,0x01fb,0x01fb,0x02d1,0x02d1,0x03b9,0x03b9,0x054f,0x054f,0x072a,0x072a,0x0a6f,0x0a6f,0x0e2a,0x0e2a,0x14a7,0x14a7,0x1d01,0x1d01,0x2d3c,0x2d3c,0x43c5,0x43c5,
	0x007e,0x007e,0x00d2,0x00d2,0x0116,0x0116,0x015c,0x015c,0x01c6,0x01c6,0x0241,0x0241,0x0313,0x0313,0x03fb,0x03fb,0x0591,0x0591,0x076b,0x076b,0x0ab0,0x0ab0,0x0e65,0x0e65,0x14df,0x14df,0x1d33,0x1d33,0x2d5e,0x2d5e,0x43cc,0x43cc,
	0x007e,0x007e,0x00d2,0x00d2,0x0116,0x0116,0x015c,0x015c,0x01c6,0x01c6,0x0241,0x0241,0x0313,0x0313,0x03fb,0x03fb,0x0591,0x0591,0x076b,0x076b,0x0ab0,0x0ab0,0x0e65,0x0e65,0x14df,0x14df,0x1d33,0x1d33,0x2d5e,0x2d5e,0x43cc,0x43cc,
	0x00c1,0x00c1,0x0117,0x0117,0x015c,0x015c,0x01a0,0x01a0,0x020a,0x020a,0x0287,0x0287,0x0359,0x0359,0x0440,0x0440,0x05d4,0x05d4,0x07ad,0x07ad,0x0aef,0x0aef,0x0ea4,0x0ea4,0x1518,0x1518,0x1d66,0x1d66,0x2d83,0x2d83,0x43d4,0x43d4,
	0x00c1,0x00c1,0x0117,0x0117,0x015c,0x015c,0x01a0,0x01a0,0x020a,0x020a,0x0287,0x0287,0x0359,0x0359,0x0440,0x0440,0x05d4,0x05d4,0x07ad,0x07ad,0x0aef,0x0aef,0x0ea4,0x0ea4,0x1518,0x1518,0x1d66,0x1d66,0x2d83,0x2d83,0x43d4,0x43d4,
	0x012c,0x012c,0x0183,0x0183,0x01c6,0x01c6,0x020a,0x020a,0x027a,0x027a,0x02f3,0x02f3,0x03c8,0x03c8,0x04ae,0x04ae,0x063e,0x063e,0x0815,0x0815,0x0b54,0x0b54,0x0f08,0x0f08,0x1574,0x1574,0x1db9,0x1db9,0x2dbe,0x2dbe,0x43e3,0x43e3,
	0x012c,0x012c,0x0183,0x0183,0x01c6,0x01c6,0x020a,0x020a,0x027a,0x027a,0x02f3,0x02f3,0x03c8,0x03c8,0x04ae,0x04ae,0x063e,0x063e,0x0815,0x0815,0x0b54,0x0b54,0x0f08,0x0f08,0x1574,0x1574,0x1db9,0x1db9,0x2dbe,0x2dbe,0x43e3,0x43e3,
	0x01a6,0x01a6,0x01fb,0x01fb,0x0241,0x0241,0x0287,0x0287,0x02f3,0x02f3,0x036f,0x036f,0x0442,0x0442,0x0529,0x0529,0x06b7,0x06b7,0x088b,0x088b,0x0bc3,0x0bc3,0x0f6e,0x0f6e,0x15d5,0x15d5,0x1e13,0x1e13,0x2dfe,0x2dfe,0x43f3,0x43f3,
	0x01a6,0x01a6,0x01fb,0x01fb,0x0241,0x0241,0x0287,0x0287,0x02f3,0x02f3,0x036f,0x036f,0x0442,0x0442,0x0529,0x0529,0x06b7,0x06b7,0x088b,0x088b,0x0bc3,0x0bc3,0x0f6e,0x0f6e,0x15d5,0x15d5,0x1e13,0x1e13,0x2dfe,0x2dfe,0x43f3,0x43f3,
	0x0279,0x0279,0x02d1,0x02d1,0x0313,0x0313,0x0359,0x0359,0x03c8,0x03c8,0x0442,0x0442,0x050e,0x050e,0x05ef,0x05ef,0x077e,0x077e,0x0952,0x0952,0x0c83,0x0c83,0x1020,0x1020,0x1685,0x1685,0x1eb1,0x1eb1,0x2e76,0x2e76,0x4419,0x4419,
	0x0279,0x0279,0x02d1,0x02d1,0x0313,0x0313,0x0359,0x0359,0x03c8,0x03c8,0x0442,0x0442,0x050e,0x050e,0x05ef,0x05ef,0x077e,0x077e,0x0952,0x0952,0x0c83,0x0c83,0x1020,0x1020,0x1685,0x1685,0x1eb1,0x1eb1,0x2e76,0x2e76,0x4419,0x4419,
	0x0363,0x0363,0x03b9,0x03b9,0x03fb,0x03fb,0x0440,0x0440,0x04ae,0x04ae,0x0529,0x0529,0x05ef,0x05ef,0x06da,0x06da,0x0862,0x0862,0x0a2a,0x0a2a,0x0d59,0x0d59,0x10bd,0x10bd,0x174b,0x174b,0x1f68,0x1f68,0x2f06,0x2f06,0x444f,0x444f,
	0x0363,0x0363,0x03b9,0x03b9,0x03fb,0x03fb,0x0440,0x0440,0x04ae,0x04ae,0x0529,0x0529,0x05ef,0x05ef,0x06da,0x06da,0x0862,0x0862,0x0a2a,0x0a2a,0x0d59,0x0d59,0x10bd,0x10bd,0x174b,0x174b,0x1f68,0x1f68,0x2f06,0x2f06,0x444f,0x444f,
	0x04fc,0x04fc,0x054f,0x054f,0x0591,0x0591,0x05d4,0x05d4,0x063e,0x063e,0x06b7,0x06b7,0x077e,0x077e,0x0862,0x0862,0x09ec,0x09ec,0x0bb0,0x0bb0,0x0ed3,0x0ed3,0x1222,0x1222,0x18a7,0x18a7,0x20a7,0x20a7,0x3009,0x3009,0x44c7,0x44c7,
	0x04fc,0x04fc,0x054f,0x054f,0x0591,0x0591,0x05d4,0x05d4,0x063e,0x063e,0x06b7,0x06b7,0x077e,0x077e,0x0862,0x0862,0x09ec,0x09ec,0x0bb0,0x0bb0,0x0ed3,0x0ed3,0x1222,0x1222,0x18a7,0x18a7,0x20a7,0x20a7,0x3009,0x3009,0x44c7,0x44c7,
	0x06d8,0x06d8,0x072a,0x072a,0x076b,0x076b,0x07ad,0x07ad,0x0815,0x0815,0x088b,0x088b,0x0952,0x0952,0x0a2a,0x0a2a,0x0bb0,0x0bb0,0x0d75,0x0d75,0x106b,0x106b,0x13d4,0x13d4,0x1a41,0x1a41,0x21fb,0x21fb,0x314d,0x314d,0x457e,0x457e,
	0x06d8,0x06d8,0x072a,0x072a,0x076b,0x076b,0x07ad,0x07ad,0x0815,0x0815,0x088b,0x088b,0x0952,0x0952,0x0a2a,0x0a2a,0x0bb0,0x0bb0,0x0d75,0x0d75,0x106b,0x106b,0x13d4,0x13d4,0x1a41,0x1a41,0x21fb,0x21fb,0x314d,0x314d,0x457e,0x457e,
	0x0a1f,0x0a1f,0x0a6f,0x0a6f,0x0ab0,0x0ab0,0x0aef,0x0aef,0x0b54,0x0b54,0x0bc3,0x0bc3,0x0c83,0x0c83,0x0d59,0x0d59,0x0ed3,0x0ed3,0x106b,0x106b,0x1339,0x1339,0x16b3,0x16b3,0x1d07,0x1d07,0x248a,0x248a,0x3392,0x3392,0x46fe,0x46fe,
	0x0a1f,0x0a1f,0x0a6f,0x0a6f,0x0ab0,0x0ab0,0x0aef,0x0aef,0x0b54,0x0b54,0x0bc3,0x0bc3,0x0c83,0x0c83,0x0d59,0x0d59,0x0ed3,0x0ed3,0x106b,0x106b,0x1339,0x1339,0x16b3,0x16b3,0x1d07,0x1d07,0x248a,0x248a,0x3392,0x3392,0x46fe,0x46fe,
	0x0ddd,0x0ddd,0x0e2a,0x0e2a,0x0e65,0x0e65,0x0ea4,0x0ea4,0x0f08,0x0f08,0x0f6e,0x0f6e,0x1020,0x1020,0x10bd,0x10bd,0x1222,0x1222,0x13d4,0x13d4,0x16b3,0x16b3,0x1a20,0x1a20,0x2056,0x2056,0x27b7,0x27b7,0x364e,0x364e,0x4901,0x4901,
	0x0ddd,0x0ddd,0x0e2a,0x0e2a,0x0e65,0x0e65,0x0ea4,0x0ea4,0x0f08,0x0f08,0x0f6e,0x0f6e,0x1020,0x1020,0x10bd,0x10bd,0x1222,0x1222,0x13d4,0x13d4,0x16b3,0x16b3,0x1a20,0x1a20,0x2056,0x2056,0x27b7,0x27b7,0x364e,0x364e,0x4901,0x4901,
	0x1460,0x1460,0x14a7,0x14a7,0x14df,0x14df,0x1518,0x1518,0x1574,0x1574,0x15d5,0x15d5,0x1685,0x1685,0x174b,0x174b,0x18a7,0x18a7,0x1a41,0x1a41,0x1d07,0x1d07,0x2056,0x2056,0x2631,0x2631,0x2da8,0x2da8,0x3be9,0x3be9,0x4da3,0x4da3,
	0x1460,0x1460,0x14a7,0x14a7,0x14df,0x14df,0x1518,0x1518,0x1574,0x1574,0x15d5,0x15d5,0x1685,0x1685,0x174b,0x174b,0x18a7,0x18a7,0x1a41,0x1a41,0x1d07,0x1d07,0x2056,0x2056,0x2631,0x2631,0x2da8,0x2da8,0x3be9,0x3be9,0x4da3,0x4da3,
	0x1cc3,0x1cc3,0x1d01,0x1d01,0x1d33,0x1d33,0x1d66,0x1d66,0x1db9,0x1db9,0x1e13,0x1e13,0x1eb1,0x1eb1,0x1f68,0x1f68,0x20a7,0x20a7,0x21fb,0x21fb,0x248a,0x248a,0x27b7,0x27b7,0x2da8,0x2da8,0x34d1,0x34d1,0x4305,0x4305,0x53cd,0x53cd,
	0x1cc3,0x1cc3,0x1d01,0x1d01,0x1d33,0x1d33,0x1d66,0x1d66,0x1db9,0x1db9,0x1e13,0x1e13,0x1eb1,0x1eb1,0x1f68,0x1f68,0x20a7,0x20a7,0x21fb,0x21fb,0x248a,0x248a,0x27b7,0x27b7,0x2da8,0x2da8,0x34d1,0x34d1,0x4305,0x4305,0x53cd,0x53cd,
	0x2d12,0x2d12,0x2d3c,0x2d3c,0x2d5e,0x2d5e,0x2d83,0x2d83,0x2dbe,0x2dbe,0x2dfe,0x2dfe,0x2e76,0x2e76,0x2f06,0x2f06,0x3009,0x3009,0x314d,0x314d,0x3392,0x3392,0x364e,0x364e,0x3be9,0x3be9,0x4305,0x4305,0x4fa7,0x4fa7,0x5f02,0x5f02,
	0x2d12,0x2d12,0x2d3c,0x2d3c,0x2d5e,0x2d5e,0x2d83,0x2d83,0x2dbe,0x2dbe,0x2dfe,0x2dfe,0x2e76,0x2e76,0x2f06,0x2f06,0x3009,0x3009,0x314d,0x314d,0x3392,0x3392,0x364e,0x364e,0x3be9,0x3be9,0x4305,0x4305,0x4fa7,0x4fa7,0x5f02,0x5f02,
	0x43c0,0x43c0,0x43c5,0x43c5,0x43cc,0x43cc,0x43d4,0x43d4,0x43e3,0x43e3,0x43f3,0x43f3,0x4419,0x4419,0x444f,0x444f,0x44c7,0x44c7,0x457e,0x457e,0x46fe,0x46fe,0x4901,0x4901,0x4da3,0x4da3,0x53cd,0x53cd,0x5f02,0x5f02,0x6cd8,0x6cd8,
	0x43c0,0x43c0,0x43c5,0x43c5,0x43cc,0x43cc,0x43d4,0x43d4,0x43e3,0x43e3,0x43f3,0x43f3,0x4419,0x4419,0x444f,0x444f,0x44c7,0x44c7,0x457e,0x457e,0x46fe,0x46fe,0x4901,0x4901,0x4da3,0x4da3,0x53cd,0x53cd,0x5f02,0x5f02,0x6cd8,0x6cd8,
	0x001e,0x003c,0x0047,0x008e,0x0070,0x00d2,0x00bb,0x0117,0x0111,0x0183,0x0186,0x01fb,0x0227,0x02d1,0x0308,0x03b9,0x043d,0x054f,0x05f9,0x072a,0x0873,0x0a6f,0x0bf9,0x0e2a,0x10eb,0x14a7,0x184f,0x1d01,0x2411,0x2d3c,0x3744,0x43c5,
	0x003c,0x003c,0x008e,0x008e,0x00d2,0x00d2,0x0117,0x0117,0x0183,0x0183,0x01fb,0x01fb,0x02d1,0x02d1,0x03b9,0x03b9,0x054f,0x054f,0x072a,0x072a,0x0a6f,0x0a6f,0x0e2a,0x0e2a,0x14a7,0x14a7,0x1d01,0x1d01,0x2d3c,0x2d3c,0x43c5,0x43c5,
	0x0047,0x008e,0x0071,0x00e3,0x0085,0x0128,0x00d5,0x016b,0x012e,0x01d9,0x01a5,0x0251,0x0246,0x0325,0x0329,0x040c,0x045d,0x05a1,0x061b,0x077d,0x0894,0x0ac1,0x0c19,0x0e76,0x1107,0x14ec,0x186a,0x1d41,0x2423,0x2d68,0x3748,0x43cf,
	0x008e,0x008e,0x00e3,0x00e3,0x0128,0x0128,0x016b,0x016b,0x01d9,0x01d9,0x0251,0x0251,0x0325,0x0325,0x040c,0x040c,0x05a1,0x05a1,0x077d,0x077d,0x0ac1,0x0ac1,0x0e76,0x0e76,0x14ec,0x14ec,0x1d41,0x1d41,0x2d68,0x2d68,0x43cf,0x43cf,
	0x0070,0x00d2,0x0085,0x0128,0x00e3,0x016d,0x012d,0x01b2,0x0184,0x021d,0x01fa,0x0296,0x0299,0x036a,0x037b,0x044f,0x04ae,0x05e4,0x0668,0x07bd,0x08e0,0x0b01,0x0c61,0x0eb2,0x114d,0x1523,0x18a8,0x1d71,0x2457,0x2d89,0x3764,0x43d4,
	0x00d2,0x00d2,0x0128,0x0128,0x016d,0x016d,0x01b2,0x01b2,0x021d,0x021d,0x0296,0x0296,0x036a,0x036a,0x044f,0x044f,0x05e4,0x05e4,0x07bd,0x07bd,0x0b01,0x0b01,0x0eb2,0x0eb2,0x1523,0x1523,0x1d71,0x1d71,0x2d89,0x2d89,0x43d4,0x43d4,
	0x00bb,0x0117,0x00d5,0x016b,0x012d,0x01b2,0x0175,0x01f5,0x01cc,0x0261,0x0240,0x02db,0x02e1,0x03ae,0x03c0,0x0494,0x04f2,0x0626,0x06ab,0x07fe,0x0923,0x0b41,0x0ca2,0x0ef1,0x1189,0x155e,0x18e0,0x1da6,0x2485,0x2daf,0x377c,0x43dd,
	0x0117,0x0117,0x016b,0x016b,0x01b2,0x01b2,0x01f5,0x01f5,0x0261,0x0261,0x02db,0x02db,0x03ae,0x03ae,0x0494,0x0494,0x0626,0x0626,0x07fe,0x07fe,0x0b41,0x0b41,0x0ef1,0x0ef1,0x155e,0x155e,0x1da6,0x1da6,0x2daf,0x2daf,0x43dd,0x43dd,
	0x0111,0x0183,0x012e,0x01d9,0x0184,0x021d,0x01cc,0x0261,0x0222,0x02ce,0x0296,0x034a,0x0338,0x041b,0x0418,0x0503,0x0549,0x0693,0x06ff,0x0866,0x0972,0x0ba0,0x0cf0,0x0f50,0x11d6,0x15bb,0x1924,0x1df7,0x24bc,0x2de7,0x3799,0x43ec,
	0x0183,0x0183,0x01d9,0x01d9,0x021d,0x021d,0x0261,0x0261,0x02ce,0x02ce,0x034a,0x034a,0x041b,0x041b,0x0503,0x0503,0x0693,0x0693,0x0866,0x0866,0x0ba0,0x0ba0,0x0f50,0x0f50,0x15bb,0x15bb,0x1df7,0x1df7,0x2de7,0x2de7,0x43ec,0x43ec,
	0x0186,0x01fb,0x01a5,0x0251,0x01fa,0x0296,0x0240,0x02db,0x0296,0x034a,0x030d,0x03c3,0x03ad,0x0495,0x048c,0x057a,0x05bc,0x0708,0x076f,0x08dc,0x09e0,0x0c12,0x0d56,0x0fb5,0x123a,0x161c,0x1981,0x1e52,0x250a,0x2e29,0x37c3,0x43fa,
	0x01fb,0x01fb,0x0251,0x0251,0x0296,0x0296,0x02db,0x02db,0x034a,0x034a,0x03c3,0x03c3,0x0495,0x0495,0x057a,0x057a,0x0708,0x0708,0x08dc,0x08dc,0x0c12,0x0c12,0x0fb5,0x0fb5,0x161c,0x161c,0x1e52,0x1e52,0x2e29,0x2e29,0x43fa,0x43fa,
	0x0227,0x02d1,0x0246,0x0325,0x0299,0x036a,0x02e1,0x03ae,0x0338,0x041b,0x03ad,0x0495,0x044b,0x0560,0x052a,0x0644,0x0659,0x07d0,0x080a,0x09a0,0x0a75,0x0cce,0x0ddc,0x1057,0x12c0,0x16c9,0x19fb,0x1eed,0x2571,0x2e9e,0x37fa,0x4421,
	0x02d1,0x02d1,0x0325,0x0325,0x036a,0x036a,0x03ae,0x03ae,0x041b,0x041b,0x0495,0x0495,0x0560,0x0560,0x0644,0x0644,0x07d0,0x07d0,0x09a0,0x09a0,0x0cce,0x0cce,0x1057,0x1057,0x16c9,0x16c9,0x1eed,0x1eed,0x2e9e,0x2e9e,0x4421,0x4421,
	0x0308,0x03b9,0x0329,0x040c,0x037b,0x044f,0x03c0,0x0494,0x0418,0x0503,0x048c,0x057a,0x052a,0x0644,0x0605,0x072c,0x072e,0x08b1,0x08db,0x0a79,0x0b48,0x0da8,0x0e96,0x1103,0x137d,0x178e,0x1ab0,0x1fa2,0x260d,0x2f2e,0x3859,0x4458,
	0x03b9,0x03b9,0x040c,0x040c,0x044f,0x044f,0x0494,0x0494,0x0503,0x0503,0x057a,0x057a,0x0644,0x0644,0x072c,0x072c,0x08b1,0x08b1,0x0a79,0x0a79,0x0da8,0x0da8,0x1103,0x1103,0x178e,0x178e,0x1fa2,0x1fa2,0x2f2e,0x2f2e,0x4458,0x4458,
	0x043d,0x054f,0x045d,0x05a1,0x04ae,0x05e4,0x04f2,0x0626,0x0549,0x0693,0x05bc,0x0708,0x0659,0x07d0,0x072e,0x08b1,0x085e,0x0a39,0x0a07,0x0bff,0x0c63,0x0f1a,0x0fad,0x1269,0x146a,0x18e6,0x1bab,0x20df,0x26e6,0x302e,0x38e1,0x44cf,
	0x054f,0x054f,0x05a1,0x05a1,0x05e4,0x05e4,0x0626,0x0626,0x0693,0x0693,0x0708,0x0708,0x07d0,0x07d0,0x08b1,0x08b1,0x0a39,0x0a39,0x0bff,0x0bff,0x0f1a,0x0f1a,0x1269,0x1269,0x18e6,0x18e6,0x20df,0x20df,0x302e,0x302e,0x44cf,0x44cf,
	0x05f9,0x072a,0x061b,0x077d,0x0668,0x07bd,0x06ab,0x07fe,0x06ff,0x0866,0x076f,0x08dc,0x080a,0x09a0,0x08db,0x0a79,0x0a07,0x0bff,0x0bae,0x0dc1,0x0dee,0x109b,0x1141,0x1417,0x15eb,0x1a80,0x1d04,0x2228,0x282c,0x316e,0x39c8,0x4583,
	0x072a,0x072a,0x077d,0x077d,0x07bd,0x07bd,0x07fe,0x07fe,0x0866,0x0866,0x08dc,0x08dc,0x09a0,0x09a0,0x0a79,0x0a79,0x0bff,0x0bff,0x0dc1,0x0dc1,0x109b,0x109b,0x1417,0x1417,0x1a80,0x1a80,0x2228,0x2228,0x316e,0x316e,0x4583,0x4583,
	0x0873,0x0a6f,0x0894,0x0ac1,0x08e0,0x0b01,0x0923,0x0b41,0x0972,0x0ba0,0x09e0,0x0c12,0x0a75,0x0cce,0x0b48,0x0da8,0x0c63,0x0f1a,0x0dee,0x109b,0x1032,0x137e,0x136a,0x16f5,0x1815,0x1d41,0x1f0e,0x24bc,0x29e8,0x33b0,0x3b2a,0x4702,
	0x0a6f,0x0a6f,0x0ac1,0x0ac1,0x0b01,0x0b01,0x0b41,0x0b41,0x0ba0,0x0ba0,0x0c12,0x0c12,0x0cce,0x0cce,0x0da8,0x0da8,0x0f1a,0x0f1a,0x109b,0x109b,0x137e,0x137e,0x16f5,0x16f5,0x1d41,0x1d41,0x24bc,0x24bc,0x33b0,0x33b0,0x4702,0x4702,
	0x0bf9,0x0e2a,0x0c19,0x0e76,0x0c61,0x0eb2,0x0ca2,0x0ef1,0x0cf0,0x0f50,0x0d56,0x0fb5,0x0ddc,0x1057,0x0e96,0x1103,0x0fad,0x1269,0x1141,0x1417,0x136a,0x16f5,0x1683,0x1a5f,0x1b2d,0x208b,0x2207,0x27e4,0x2c95,0x3666,0x3d5c,0x4902,
	0x0e2a,0x0e2a,0x0e76,0x0e76,0x0eb2,0x0eb2,0x0ef1,0x0ef1,0x0f50,0x0f50,0x0fb5,0x0fb5,0x1057,0x1057,0x1103,0x1103,0x1269,0x1269,0x1417,0x1417,0x16f5,0x16f5,0x1a5f,0x1a5f,0x208b,0x208b,0x27e4,0x27e4,0x3666,0x3666,0x4902,0x4902,
	0x10eb,0x14a7,0x1107,0x14ec,0x114d,0x1523,0x1189,0x155e,0x11d6,0x15bb,0x123a,0x161c,0x12c0,0x16c9,0x137d,0x178e,0x146a,0x18e6,0x15eb,0x1a80,0x1815,0x1d41,0x1b2d,0x208b,0x1fa9,0x265f,0x267b,0x2dcc,0x30cc,0x3bf7,0x40ee,0x4da3,
	0x14a7,0x14a7,0x14ec,0x14ec,0x1523,0x1523,0x155e,0x155e,0x15bb,0x15bb,0x161c,0x161c,0x16c9,0x16c9,0x178e,0x178e,0x18e6,0x18e6,0x1a80,0x1a80,0x1d41,0x1d41,0x208b,0x208b,0x265f,0x265f,0x2dcc,0x2dcc,0x3bf7,0x3bf7,0x4da3,0x4da3,
	0x184f,0x1d01,0x186a,0x1d41,0x18a8,0x1d71,0x18e0,0x1da6,0x1924,0x1df7,0x1981,0x1e52,0x19fb,0x1eed,0x1ab0,0x1fa2,0x1bab,0x20df,0x1d04,0x2228,0x1f0e,0x24bc,0x2207,0x27e4,0x267b,0x2dcc,0x2cf3,0x34e8,0x3752,0x430a,0x46db,0x53cd,
	0x1d01,0x1d01,0x1d41,0x1d41,0x1d71,0x1d71,0x1da6,0x1da6,0x1df7,0x1df7,0x1e52,0x1e52,0x1eed,0x1eed,0x1fa2,0x1fa2,0x20df,0x20df,0x2228,0x2228,0x24bc,0x24bc,0x27e4,0x27e4,0x2dcc,0x2dcc,0x34e8,0x34e8,0x430a,0x430a,0x53cd,0x53cd,
	0x2411,0x2d3c,0x2423,0x2d68,0x2457,0x2d89,0x2485,0x2daf,0x24bc,0x2de7,0x250a,0x2e29,0x2571,0x2e9e,0x260d,0x2f2e,0x26e6,0x302e,0x282c,0x316e,0x29e8,0x33b0,0x2c95,0x3666,0x30cc,0x3bf7,0x3752,0x430a,0x40dc,0x4fa8,0x4fcb,0x5f02,
	0x2d3c,0x2d3c,0x2d68,0x2d68,0x2d89,0x2d89,0x2daf,0x2daf,0x2de7,0x2de7,0x2e29,0x2e29,0x2e9e,0x2e9e,0x2f2e,0x2f2e,0x302e,0x302e,0x316e,0x316e,0x33b0,0x33b0,0x3666,0x3666,0x3bf7,0x3bf7,0x430a,0x430a,0x4fa8,0x4fa8,0x5f02,0x5f02,
	0x3744,0x43c5,0x3748,0x43cf,0x3764,0x43d4,0x377c,0x43dd,0x3799,0x43ec,0x37c3,0x43fa,0x37fa,0x4421,0x3859,0x4458,0x38e1,0x44cf,0x39c8,0x4583,0x3b2a,0x4702,0x3d5c,0x4902,0x40ee,0x4da3,0x46db,0x53cd,0x4fcb,0x5f02,0x5d1c,0x6cd8,
	0x43c5,0x43c5,0x43cf,0x43cf,0x43d4,0x43d4,0x43dd,0x43dd,0x43ec,0x43ec,0x43fa,0x43fa,0x4421,0x4421,0x4458,0x4458,0x44cf,0x44cf,0x4583,0x4583,0x4702,0x4702,0x4902,0x4902,0x4da3,0x4da3,0x53cd,0x53cd,0x5f02,0x5f02,0x6cd8,0x6cd8,
	0x003c,0x003c,0x008e,0x008e,0x00d2,0x00d2,0x0117,0x0117,0x0183,0x0183,0x01fb,0x01fb,0x02d1,0x02d1,0x03b9,0x03b9,0x054f,0x054f,0x072a,0x072a,0x0a6f,0x0a6f,0x0e2a,0x0e2a,0x14a7,0x14a7,0x1d01,0x1d01,0x2d3c,0x2d3c,0x43c5,0x43c5,
	0x003c,0x003c,0x008e,0x008e,0x00d2,0x00d2,0x0117,0x0117,0x0183,0x0183,0x01fb,0x01fb,0x02d1,0x02d1,0x03b9,0x03b9,0x054f,0x054f,0x072a,0x072a,0x0a6f,0x0a6f,0x0e2a,0x0e2a,0x14a7,0x14a7,0x1d01,0x1d01,0x2d3c,0x2d3c,0x43c5,0x43c5,
	0x008e,0x008e,0x00e3,0x00e3,0x0128,0x0128,0x016b,0x016b,0x01d9,0x01d9,0x0251,0x0251,0x0325,0x0325,0x040c,0x040c,0x05a1,0x05a1,0x077d,0x077d,0x0ac1,0x0ac1,0x0e76,0x0e76,0x14ec,0x14ec,0x1d41,0x1d41,0x2d68,0x2d68,0x43cf,0x43cf,
	0x008e,0x008e,0x00e3,0x00e3,0x0128,0x0128,0x016b,0x016b,0x01d9,0x01d9,0x0251,0x0251,0x0325,0x0325,0x040c,0x040c,0x05a1,0x05a1,0x077d,0x077d,0x0ac1,0x0ac1,0x0e76,0x0e76,0x14ec,0x14ec,0x1d41,0x1d41,0x2d68,0x2d68,0x43cf,0x43cf,
	0x00d2,0x00d2,0x0128,0x0128,0x016d,0x016d,0x01b2,0x01b2,0x021d,0x021d,0x0296,0x0296,0x036a,0x036a,0x044f,0x044f,0x05e4,0x05e4,0x07bd,0x07bd,0x0b01,0x0b01,0x0eb2,0x0eb2,0x1523,0x1523,0x1d71,0x1d71,0x2d89,0x2d89,0x43d4,0x43d4,
	0x00d2,0x00d2,0x0128,0x0128,0x016d,0x016d,0x01b2,0x01b2,0x021d,0x021d,0x0296,0x0296,0x036a,0x036a,0x044f,0x044f,0x05e4,0x05e4,0x07bd,0x07bd,0x0b01,0x0b01,0x0eb2,0x0eb2,0x1523,0x1523,0x1d71,0x1d71,0x2d89,0x2d89,0x43d4,0x43d4,
	0x0117,0x0117,0x016b,0x016b,0x01b2,0x01b2,0x01f5,0x01f5,0x0261,0x0261,0x02db,0x02db,0x03ae,0x03ae,0x0494,0x0494,0x0626,0x0626,0x07fe,0x07fe,0x0b41,0x0b41,0x0ef1,0x0ef1,0x155e,0x155e,0x1da6,0x1da6,0x2daf,0x2daf,0x43dd,0x43dd,
	0x0117,0x0117,0x016b,0x016b,0x01b2,0x01b2,0x01f5,0x01f5,0x0261,0x0261,0x02db,0x02db,0x03ae,0x03ae,0x0494,0x0494,0x0626,0x0626,0x07fe,0x07fe,0x0b41,0x0b41,0x0ef1,0x0ef1,0x155e,0x155e,0x1da6,0x1da6,0x2daf,0x2daf,0x43dd,0x43dd,
	0x0183,0x0183,0x01d9,0x01d9,0x021d,0x021d,0x0261,0x0261,0x02ce,0x02ce,0x034a,0x034a,0x041b,0x041b,0x0503,0x0503,0x0693,0x0693,0x0866,0x0866,0x0ba0,0x0ba0,0x0f50,0x0f50,0x15bb,0x15bb,0x1df7,0x1df7,0x2de7,0x2de7,0x43ec,0x43ec,
	0x0183,0x0183,0x01d9,0x01d9,0x021d,0x021d,0x0261,0x0261,0x02ce,0x02ce,0x034a,0x034a,0x041b,0x041b,0x0503,0x0503,0x0693,0x0693,0x0866,0x0866,0x0ba0,0x0ba0,0x0f50,0x0f50,0x15bb,0x15bb,0x1df7,0x1df7,0x2de7,0x2de7,0x43ec,0x43ec,
	0x01fb,0x01fb,0x0251,0x0251,0x0296,0x0296,0x02db,0x02db,0x034a,0x034a,0x03c3,0x03c3,0x0495,0x0495,0x057a,0x057a,0x0708,0x0708,0x08dc,0x08dc,0x0c12,0x0c12,0x0fb5,0x0fb5,0x161c,0x161c,0x1e52,0x1e52,0x2e29,0x2e29,0x43fa,0x43fa,
	0x01fb,0x01fb,0x0251,0x0251,0x0296,0x0296,0x02db,0x02db,0x034a,0x034a,0x03c3,0x03c3,0x0495,0x0495,0x057a,0x057a,0x0708,0x0708,0x08dc,0x08dc,0x0c12,0x0c12,0x0fb5,0x0fb5,0x161c,0x161c,0x1e52,0x1e52,0x2e29,0x2e29,0x43fa,0x43fa,
	0x02d1,0x02d1,0x0325,0x0325,0x036a,0x036a,0x03ae,0x03ae,0x041b,0x041b,0x0495,0x0495,0x0560,0x0560,0x0644,0x0644,0x07d0,0x07d0,0x09a0,0x09a0,0x0cce,0x0cce,0x1057,0x1057,0x16c9,0x16c9,0x1eed,0x1eed,0x2e9e,0x2e9e,0x4421,0x4421,
	0x02d1,0x02d1,0x0325,0x0325,0x036a,0x036a,0x03ae,0x03ae,0x041b,0x041b,0x0495,0x0495,0x0560,0x0560,0x0644,0x0644,0x07d0,0x07d0,0x09a0,0x09a0,0x0cce,0x0cce,0x1057,0x1057,0x16c9,0x16c9,0x1eed,0x1eed,0x2e9e,0x2e9e,0x4421,0x4421,
	0x03b9,0x03b9,0x040c,0x040c,0x044f,0x044f,0x0494,0x0494,0x0503,0x0503,0x057a,0x057a,0x0644,0x0644,0x072c,0x072c,0x08b1,0x08b1,0x0a79,0x0a79,0x0da8,0x0da8,0x1103,0x1103,0x178e,0x178e,0x1fa2,0x1fa2,0x2f2e,0x2f2e,0x4458,0x4458,
	0x03b9,0x03b9,0x040c,0x040c,0x044f,0x044f,0x0494,0x0494,0x0503,0x0503,0x057a,0x057a,0x0644,0x0644,0x072c,0x072c,0x08b1,0x08b1,0x0a79,0x0a79,0x0da8,0x0da8,0x1103,0x1103,0x178e,0x178e,0x1fa2,0x1fa2,0x2f2e,0x2f2e,0x4458,0x4458,
	0x054f,0x054f,0x05a1,0x05a1,0x05e4,0x05e4,0x0626,0x0626,0x0693,0x0693,0x0708,0x0708,0x07d0,0x07d0,0x08b1,0x08b1,0x0a39,0x0a39,0x0bff,0x0bff,0x0f1a,0x0f1a,0x1269,0x1269,0x18e6,0x18e6,0x20df,0x20df,0x302e,0x302e,0x44cf,0x44cf,
	0x054f,0x054f,0x05a1,0x05a1,0x05e4,0x05e4,0x0626,0x0626,0x0693,0x0693,0x0708,0x0708,0x07d0,0x07d0,0x08b1,0x08b1,0x0a39,0x0a39,0x0bff,0x0bff,0x0f1a,0x0f1a,0x1269,0x1269,0x18e6,0x18e6,0x20df,0x20df,0x302e,0x302e,0x44cf,0x44cf,
	0x072a,0x072a,0x077d,0x077d,0x07bd,0x07bd,0x07fe,0x07fe,0x0866,0x0866,0x08dc,0x08dc,0x09a0,0x09a0,0x0a79,0x0a79,0x0bff,0x0bff,0x0dc1,0x0dc1,0x109b,0x109b,0x1417,0x1417,0x1a80,0x1a80,0x2228,0x2228,0x316e,0x316e,0x4583,0x4583,
	0x072a,0x072a,0x077d,0x077d,0x07bd,0x07bd,0x07fe,0x07fe,0x0866,0x0866,0x08dc,0x08dc,0x09a0,0x09a0,0x0a79,0x0a79,0x0bff,0x0bff,0x0dc1,0x0dc1,0x109b,0x109b,0x1417,0x1417,0x1a80,0x1a80,0x2228,0x2228,0x316e,0x316e,0x4583,0x4583,
	0x0a6f,0x0a6f,0x0ac1,0x0ac1,0x0b01,0x0b01,0x0b41,0x0b41,0x0ba0,0x0ba0,0x0c12,0x0c12,0x0cce,0x0cce,0x0da8,0x0da8,0x0f1a,0x0f1a,0x109b,0x109b,0x137e,0x137e,0x16f5,0x16f5,0x1d41,0x1d41,0x24bc,0x24bc,0x33b0,0x33b0,0x4702,0x4702,
	0x0a6f,0x0a6f,0x0ac1,0x0ac1,0x0b01,0x0b01,0x0b41,0x0b41,0x0ba0,0x0ba0,0x0c12,0x0c12,0x0cce,0x0cce,0x0da8,0x0da8,0x0f1a,0x0f1a,0x109b,0x109b,0x137e,0x137e,0x16f5,0x16f5,0x1d41,0x1d41,0x24bc,0x24bc,0x33b0,0x33b0,0x4702,0x4702,
	0x0e2a,0x0e2a,0x0e76,0x0e76,0x0eb2,0x0eb2,0x0ef1,0x0ef1,0x0f50,0x0f50,0x0fb5,0x0fb5,0x1057,0x1057,0x1103,0x1103,0x1269,0x1269,0x1417,0x1417,0x16f5,0x16f5,0x1a5f,0x1a5f,0x208b,0x208b,0x27e4,0x27e4,0x3666,0x3666,0x4902,0x4902,
	0x0e2a,0x0e2a,0x0e76,0x0e76,0x0eb2,0x0eb2,0x0ef1,0x0ef1,0x0f50,0x0f50,0x0fb5,0x0fb5,0x1057,0x1057,0x1103,0x1103,0x1269,0x1269,0x1417,0x1417,0x16f5,0x16f5,0x1a5f,0x1a5f,0x208b,0x208b,0x27e4,0x27e4,0x3666,0x3666,0x4902,0x4902,
	0x14a7,0x14a7,0x14ec,0x14ec,0x1523,0x1523,0x155e,0x155e,0x15bb,0x15bb,0x161c,0x161c,0x16c9,0x16c9,0x178e,0x178e,0x18e6,0x18e6,0x1a80,0x1a80,0x1d41,0x1d41,0x208b,0x208b,0x265f,0x265f,0x2dcc,0x2dcc,0x3bf7,0x3bf7,0x4da3,0x4da3,
	0x14a7,0x14a7,0x14ec,0x14ec,0x1523,0x1523,0x155e,0x155e,0x15bb,0x15bb,0x161c,0x161c,0x16c9,0x16c9,0x178e,0x178e,0x18e6,0x18e6,0x1a80,0x1a80,0x1d41,0x1d41,0x208b,0x208b,0x265f,0x265f,0x2dcc,0x2dcc,0x3bf7,0x3bf7,0x4da3,0x4da3,
	0x1d01,0x1d01,0x1d41,0x1d41,0x1d71,0x1d71,0x1da6,0x1da6,0x1df7,0x1df7,0x1e52,0x1e52,0x1eed,0x1eed,0x1fa2,0x1fa2,0x20df,0x20df,0x2228,0x2228,0x24bc,0x24bc,0x27e4,0x27e4,0x2dcc,0x2dcc,0x34e8,0x34e8,0x430a,0x430a,0x53cd,0x53cd,
	0x1d01,0x1d01,0x1d41,0x1d41,0x1d71,0x1d71,0x1da6,0x1da6,0x1df7,0x1df7,0x1e52,0x1e52,0x1eed,0x1eed,0x1fa2,0x1fa2,0x20df,0x20df,0x2228,0x2228,0x24bc,0x24bc,0x27e4,0x27e4,0x2dcc,0x2dcc,0x34e8,0x34e8,0x430a,0x430a,0x53cd,0x53cd,
	0x2d3c,0x2d3c,0x2d68,0x2d68,0x2d89,0x2d89,0x2daf,0x2daf,0x2de7,0x2de7,0x2e29,0x2e29,0x2e9e,0x2e9e,0x2f2e,0x2f2e,0x302e,0x302e,0x316e,0x316e,0x33b0,0x33b0,0x3666,0x3666,0x3bf7,0x3bf7,0x430a,0x430a,0x4fa8,0x4fa8,0x5f02,0x5f02,
	0x2d3c,0x2d3c,0x2d68,0x2d68,0x2d89,0x2d89,0x2daf,0x2daf,0x2de7,0x2de7,0x2e29,0x2e29,0x2e9e,0x2e9e,0x2f2e,0x2f2e,0x302e,0x302e,0x316e,0x316e,0x33b0,0x33b0,0x3666,0x3666,0x3bf7,0x3bf7,0x430a,0x430a,0x4fa8,0x4fa8,0x5f02,0x5f02,
	0x43c5,0x43c5,0x43cf,0x43cf,0x43d4,0x43d4,0x43dd,0x43dd,0x43ec,0x43ec,0x43fa,0x43fa,0x4421,0x4421,0x4458,0x4458,0x44cf,0x44cf,0x4583,0x4583,0x4702,0x4702,0x4902,0x4902,0x4da3,0x4da3,0x53cd,0x53cd,0x5f02,0x5f02,0x6cd8,0x6cd8,
	0x43c5,0x43c5,0x43cf,0x43cf,0x43d4,0x43d4,0x43dd,0x43dd,0x43ec,0x43ec,0x43fa,0x43fa,0x4421,0x4421,0x4458,0x4458,0x44cf,0x44cf,0x4583,0x4583,0x4702,0x4702,0x4902,0x4902,0x4da3,0x4da3,0x53cd,0x53cd,0x5f02,0x5f02,0x6cd8,0x6cd8,
	0x0056,0x007e,0x0070,0x00d2,0x00c6,0x0116,0x010e,0x015c,0x0163,0x01c6,0x01d8,0x0241,0x0277,0x0313,0x0359,0x03fb,0x048d,0x0591,0x0646,0x076b,0x08c0,0x0ab0,0x0c41,0x0e65,0x1131,0x14df,0x188e,0x1d33,0x2446,0x2d5e,0x3760,0x43cc,
	0x007e,0x007e,0x00d2,0x00d2,0x0116,0x0116,0x015c,0x015c,0x01c6,0x01c6,0x0241,0x0241,0x0313,0x0313,0x03fb,0x03fb,0x0591,0x0591,0x076b,0x076b,0x0ab0,0x0ab0,0x0e65,0x0e65,0x14df,0x14df,0x1d33,0x1d33,0x2d5e,0x2d5e,0x43cc,0x43cc,
	0x0070,0x00d2,0x0085,0x0128,0x00e3,0x016d,0x012d,0x01b2,0x0184,0x021d,0x01fa,0x0296,0x0299,0x036a,0x037b,0x044f,0x04ae,0x05e4,0x0668,0x07bd,0x08e0,0x0b01,0x0c61,0x0eb2,0x114d,0x1523,0x18a8,0x1d71,0x2457,0x2d89,0x3764,0x43d4,
	0x00d2,0x00d2,0x0128,0x0128,0x016d,0x016d,0x01b2,0x01b2,0x021d,0x021d,0x0296,0x0296,0x036a,0x036a,0x044f,0x044f,0x05e4,0x05e4,0x07bd,0x07bd,0x0b01,0x0b01,0x0eb2,0x0eb2,0x1523,0x1523,0x1d71,0x1d71,0x2d89,0x2d89,0x43d4,0x43d4,
	0x00c6,0x0116,0x00e3,0x016d,0x0139,0x01b2,0x0181,0x01f6,0x01d6,0x0262,0x024c,0x02db,0x02eb,0x03ae,0x03ca,0x0493,0x04fc,0x0626,0x06b5,0x0800,0x092e,0x0b41,0x0cac,0x0ef0,0x1193,0x155e,0x18e7,0x1da6,0x248e,0x2daf,0x3782,0x43dc,
	0x0116,0x0116,0x016d,0x016d,0x01b2,0x01b2,0x01f6,0x01f6,0x0262,0x0262,0x02db,0x02db,0x03ae,0x03ae,0x0493,0x0493,0x0626,0x0626,0x0800,0x0800,0x0b41,0x0b41,0x0ef0,0x0ef0,0x155e,0x155e,0x1da6,0x1da6,0x2daf,0x2daf,0x43dc,0x43dc,
	0x010e,0x015c,0x012d,0x01b2,0x0181,0x01f6,0x01c8,0x023b,0x021e,0x02a7,0x0292,0x0321,0x0332,0x03f3,0x0411,0x04d8,0x0541,0x066a,0x06f8,0x0840,0x096e,0x0b7f,0x0cec,0x0f2e,0x11d1,0x159a,0x191e,0x1dd9,0x24bb,0x2dd3,0x3799,0x43e4,
	0x015c,0x015c,0x01b2,0x01b2,0x01f6,0x01f6,0x023b,0x023b,0x02a7,0x02a7,0x0321,0x0321,0x03f3,0x03f3,0x04d8,0x04d8,0x066a,0x066a,0x0840,0x0840,0x0b7f,0x0b7f,0x0f2e,0x0f2e,0x159a,0x159a,0x1dd9,0x1dd9,0x2dd3,0x2dd3,0x43e4,0x43e4,
	0x0163,0x01c6,0x0184,0x021d,0x01d6,0x0262,0x021e,0x02a7,0x0274,0x0314,0x02e8,0x038f,0x0389,0x0462,0x0468,0x0549,0x0597,0x06d5,0x074b,0x08a7,0x09bd,0x0bdf,0x0d3a,0x0f8c,0x121b,0x15f2,0x1961,0x1e27,0x24f2,0x2e0b,0x37b6,0x43f2,
	0x01c6,0x01c6,0x021d,0x021d,0x0262,0x0262,0x02a7,0x02a7,0x0314,0x0314,0x038f,0x038f,0x0462,0x0462,0x0549,0x0549,0x06d5,0x06d5,0x08a7,0x08a7,0x0bdf,0x0bdf,0x0f8c,0x0f8c,0x15f2,0x15f2,0x1e27,0x1e27,0x2e0b,0x2e0b,0x43f2,0x43f2,
	0x01d8,0x0241,0x01fa,0x0296,0x024c,0x02db,0x0292,0x0321,0x02e8,0x038f,0x035d,0x0409,0x03fe,0x04da,0x04db,0x05bf,0x060c,0x074d,0x07bd,0x091e,0x0a2b,0x0c50,0x0d9c,0x0ff0,0x127e,0x1656,0x19c0,0x1e84,0x253f,0x2e4c,0x37df,0x4402,
	0x0241,0x0241,0x0296,0x0296,0x02db,0x02db,0x0321,0x0321,0x038f,0x038f,0x0409,0x0409,0x04da,0x04da,0x05bf,0x05bf,0x074d,0x074d,0x091e,0x091e,0x0c50,0x0c50,0x0ff0,0x0ff0,0x1656,0x1656,0x1e84,0x1e84,0x2e4c,0x2e4c,0x4402,0x4402,
	0x0277,0x0313,0x0299,0x036a,0x02eb,0x03ae,0x0332,0x03f3,0x0389,0x0462,0x03fe,0x04da,0x049b,0x05a5,0x0578,0x0688,0x06a5,0x0811,0x0854,0x09df,0x0ac0,0x0d0c,0x0e1c,0x1080,0x1301,0x16ff,0x1a3a,0x1f1d,0x25a6,0x2ec0,0x3816,0x4427,
	0x0313,0x0313,0x036a,0x036a,0x03ae,0x03ae,0x03f3,0x03f3,0x0462,0x0462,0x04da,0x04da,0x05a5,0x05a5,0x0688,0x0688,0x0811,0x0811,0x09df,0x09df,0x0d0c,0x0d0c,0x1080,0x1080,0x16ff,0x16ff,0x1f1d,0x1f1d,0x2ec0,0x2ec0,0x4427,0x4427,
	0x0359,0x03fb,0x037b,0x044f,0x03ca,0x0493,0x0411,0x04d8,0x0468,0x0549,0x04db,0x05bf,0x0578,0x0688,0x0650,0x076c,0x077c,0x08f3,0x0927,0x0ab9,0x0b90,0x0de5,0x0eda,0x113c,0x13b5,0x17c7,0x1aec,0x1fd1,0x263f,0x2f4f,0x3873,0x445d,
	0x03fb,0x03fb,0x044f,0x044f,0x0493,0x0493,0x04d8,0x04d8,0x0549,0x0549,0x05bf,0x05bf,0x0688,0x0688,0x076c,0x076c,0x08f3,0x08f3,0x0ab9,0x0ab9,0x0de5,0x0de5,0x113c,0x113c,0x17c7,0x17c7,0x1fd1,0x1fd1,0x2f4f,0x2f4f,0x445d,0x445d,
	0x048d,0x0591,0x04ae,0x05e4,0x04fc,0x0626,0x0541,0x066a,0x0597,0x06d5,0x060c,0x074d,0x06a5,0x0811,0x077c,0x08f3,0x08aa,0x0a79,0x0a51,0x0c3f,0x0cac,0x0f56,0x0ff3,0x12a2,0x14aa,0x191c,0x1be7,0x210f,0x2716,0x304d,0x38fc,0x44d5,
	0x0591,0x0591,0x05e4,0x05e4,0x0626,0x0626,0x066a,0x066a,0x06d5,0x06d5,0x074d,0x074d,0x0811,0x0811,0x08f3,0x08f3,0x0a79,0x0a79,0x0c3f,0x0c3f,0x0f56,0x0f56,0x12a2,0x12a2,0x191c,0x191c,0x210f,0x210f,0x304d,0x304d,0x44d5,0x44d5,
	0x0646,0x076b,0x0668,0x07bd,0x06b5,0x0800,0x06f8,0x0840,0x074b,0x08a7,0x07bd,0x091e,0x0854,0x09df,0x0927,0x0ab9,0x0a51,0x0c3f,0x0bf4,0x0dfc,0x0e33,0x10d0,0x1182,0x144d,0x162c,0x1ab4,0x1d3b,0x2251,0x285a,0x318b,0x39e2,0x458b,
	0x076b,0x076b,0x07bd,0x07bd,0x0800,0x0800,0x0840,0x0840,0x08a7,0x08a7,0x091e,0x091e,0x09df,0x09df,0x0ab9,0x0ab9,0x0c3f,0x0c3f,0x0dfc,0x0dfc,0x10d0,0x10d0,0x144d,0x144d,0x1ab4,0x1ab4,0x2251,0x2251,0x318b,0x318b,0x458b,0x458b,
	0x08c0,0x0ab0,0x08e0,0x0b01,0x092e,0x0b41,0x096e,0x0b7f,0x09bd,0x0bdf,0x0a2b,0x0c50,0x0ac0,0x0d0c,0x0b90,0x0de5,0x0cac,0x0f56,0x0e33,0x10d0,0x1077,0x13b6,0x139c,0x1729,0x1851,0x1d71,0x1f44,0x24e4,0x2a0d,0x33c7,0x3b40,0x4706,
	0x0ab0,0x0ab0,0x0b01,0x0b01,0x0b41,0x0b41,0x0b7f,0x0b7f,0x0bdf,0x0bdf,0x0c50,0x0c50,0x0d0c,0x0d0c,0x0de5,0x0de5,0x0f56,0x0f56,0x10d0,0x10d0,0x13b6,0x13b6,0x1729,0x1729,0x1d71,0x1d71,0x24e4,0x24e4,0x33c7,0x33c7,0x4706,0x4706,
	0x0c41,0x0e65,0x0c61,0x0eb2,0x0cac,0x0ef0,0x0cec,0x0f2e,0x0d3a,0x0f8c,0x0d9c,0x0ff0,0x0e1c,0x1080,0x0eda,0x113c,0x0ff3,0x12a2,0x1182,0x144d,0x139c,0x1729,0x16c1,0x1a92,0x1b67,0x20b6,0x2238,0x2809,0x2cbc,0x367b,0x3d6f,0x4905,
	0x0e65,0x0e65,0x0eb2,0x0eb2,0x0ef0,0x0ef0,0x0f2e,0x0f2e,0x0f8c,0x0f8c,0x0ff0,0x0ff0,0x1080,0x1080,0x113c,0x113c,0x12a2,0x12a2,0x144d,0x144d,0x1729,0x1729,0x1a92,0x1a92,0x20b6,0x20b6,0x2809,0x2809,0x367b,0x367b,0x4905,0x4905,
	0x1131,0x14df,0x114d,0x1523,0x1193,0x155e,0x11d1,0x159a,0x121b,0x15f2,0x127e,0x1656,0x1301,0x16ff,0x13b5,0x17c7,0x14aa,0x191c,0x162c,0x1ab4,0x1851,0x1d71,0x1b67,0x20b6,0x1fdf,0x2686,0x26a7,0x2de9,0x30ed,0x3c03,0x40fd,0x4da4,
	0x14df,0x14df,0x1523,0x1523,0x155e,0x155e,0x159a,0x159a,0x15f2,0x15f2,0x1656,0x1656,0x16ff,0x16ff,0x17c7,0x17c7,0x191c,0x191c,0x1ab4,0x1ab4,0x1d71,0x1d71,0x20b6,0x20b6,0x2686,0x2686,0x2de9,0x2de9,0x3c03,0x3c03,0x4da4,0x4da4,
	0x188e,0x1d33,0x18a8,0x1d71,0x18e7,0x1da6,0x191e,0x1dd9,0x1961,0x1e27,0x19c0,0x1e84,0x1a3a,0x1f1d,0x1aec,0x1fd1,0x1be7,0x210f,0x1d3b,0x2251,0x1f44,0x24e4,0x2238,0x2809,0x26a7,0x2de9,0x2d16,0x34fc,0x376c,0x4313,0x46e3,0x53ce,
	0x1d33,0x1d33,0x1d71,0x1d71,0x1da6,0x1da6,0x1dd9,0x1dd9,0x1e27,0x1e27,0x1e84,0x1e84,0x1f1d,0x1f1d,0x1fd1,0x1fd1,0x210f,0x210f,0x2251,0x2251,0x24e4,0x24e4,0x2809,0x2809,0x2de9,0x2de9,0x34fc,0x34fc,0x4313,0x4313,0x53ce,0x53ce,
	0x2446,0x2d5e,0x2457,0x2d89,0x248e,0x2daf,0x24bb,0x2dd3,0x24f2,0x2e0b,0x253f,0x2e4c,0x25a6,0x2ec0,0x263f,0x2f4f,0x2716,0x304d,0x285a,0x318b,0x2a0d,0x33c7,0x2cbc,0x367b,0x30ed,0x3c03,0x376c,0x4313,0x40eb,0x4fa9,0x4fcf,0x5f03,
	0x2d5e,0x2d5e,0x2d89,0x2d89,0x2daf,0x2daf,0x2dd3,0x2dd3,0x2e0b,0x2e0b,0x2e4c,0x2e4c,0x2ec0,0x2ec0,0x2f4f,0x2f4f,0x304d,0x304d,0x318b,0x318b,0x33c7,0x33c7,0x367b,0x367b,0x3c03,0x3c03,0x4313,0x4313,0x4fa9,0x4fa9,0x5f03,0x5f03,
	0x3760,0x43cc,0x3764,0x43d4,0x3782,0x43dc,0x3799,0x43e4,0x37b6,0x43f2,0x37df,0x4402,0x3816,0x4427,0x3873,0x445d,0x38fc,0x44d5,0x39e2,0x458b,0x3b40,0x4706,0x3d6f,0x4905,0x40fd,0x4da4,0x46e3,0x53ce,0x4fcf,0x5f03,0x5d1d,0x6cd9,
	0x43cc,0x43cc,0x43d4,0x43d4,0x43dc,0x43dc,0x43e4,0x43e4,0x43f2,0x43f2,0x4402,0x4402,0x4427,0x4427,0x445d,0x445d,0x44d5,0x44d5,0x458b,0x458b,0x4706,0x4706,0x4905,0x4905,0x4da4,0x4da4,0x53ce,0x53ce,0x5f03,0x5f03,0x6cd9,0x6cd9,
	0x007e,0x007e,0x00d2,0x00d2,0x0116,0x0116,0x015c,0x015c,0x01c6,0x01c6,0x0241,0x0241,0x0313,0x0313,0x03fb,0x03fb,0x0591,0x0591,0x076b,0x076b,0x0ab0,0x0ab0,0x0e65,0x0e65,0x14df,0x14df,0x1d33,0x1d33,0x2d5e,0x2d5e,0x43cc,0x43cc,
	0x007e,0x007e,0x00d2,0x00d2,0x0116,0x0116,0x015c,0x015c,0x01c6,0x01c6,0x0241,0x0241,0x0313,0x0313,0x03fb,0x03fb,0x0591,0x0591,0x076b,0x076b,0x0ab0,0x0ab0,0x0e65,0x0e65,0x14df,0x14df,0x1d33,0x1d33,0x2d5e,0x2d5e,0x43cc,0x43cc,
	0x00d2,0x00d2,0x0128,0x0128,0x016d,0x016d,0x01b2,0x01b2,0x021d,0x021d,0x0296,0x0296,0x036a,0x036a,0x044f,0x044f,0x05e4,0x05e4,0x07bd,0x07bd,0x0b01,0x0b01,0x0eb2,0x0eb2,0x1523,0x1523,0x1d71,0x1d71,0x2d89,0x2d89,0x43d4,0x43d4,
	0x00d2,0x00d2,0x0128,0x0128,0x016d,0x016d,0x01b2,0x01b2,0x021d,0x021d,0x0296,0x0296,0x036a,0x036a,0x044f,0x044f,0x05e4,0x05e4,0x07bd,0x07bd,0x0b01,0x0b01,0x0eb2,0x0eb2,0x1523,0x1523,0x1d71,0x1d71,0x2d89,0x2d89,0x43d4,0x43d4,
	0x0116,0x0116,0x016d,0x016d,0x01b2,0x01b2,0x01f6,0x01f6,0x0262,0x0262,0x02db,0x02db,0x03ae,0x03ae,0x0493,0x0493,0x0626,0x0626,0x0800,0x0800,0x0b41,0x0b41,0x0ef0,0x0ef0,0x155e,0x155e,0x1da6,0x1da6,0x2daf,0x2daf,0x43dc,0x43dc,
	0x0116,0x0116,0x016d,0x016d,0x01b2,0x01b2,0x01f6,0x01f6,0x0262,0x0262,0x02db,0x02db,0x03ae,0x03ae,0x0493,0x0493,0x0626,0x0626,0x0800,0x0800,0x0b41,0x0b41,0x0ef0,0x0ef0,0x155e,0x155e,0x1da6,0x1da6,0x2daf,0x2daf,0x43dc,0x43dc,
	0x015c,0x015c,0x01b2,0x01b2,0x01f6,0x01f6,0x023b,0x023b,0x02a7,0x02a7,0x0321,0x0321,0x03f3,0x03f3,0x04d8,0x04d8,0x066a,0x066a,0x0840,0x0840,0x0b7f,0x0b7f,0x0f2e,0x0f2e,0x159a,0x159a,0x1dd9,0x1dd9,0x2dd3,0x2dd3,0x43e4,0x43e4,
	0x015c,0x015c,0x01b2,0x01b2,0x01f6,0x01f6,0x023b,0x023b,0x02a7,0x02a7,0x0321,0x0321,0x03f3,0x03f3,0x04d8,0x04d8,0x066a,0x066a,0x0840,0x0840,0x0b7f,0x0b7f,0x0f2e,0x0f2e,0x159a,0x159a,0x1dd9,0x1dd9,0x2dd3,0x2dd3,0x43e4,0x43e4,
	0x01c6,0x01c6,0x021d,0x021d,0x0262,0x0262,0x02a7,0x02a7,0x0314,0x0314,0x038f,0x038f,0x0462,0x0462,0x0549,0x0549,0x06d5,0x06d5,0x08a7,0x08a7,0x0bdf,0x0bdf,0x0f8c,0x0f8c,0x15f2,0x15f2,0x1e27,0x1e27,0x2e0b,0x2e0b,0x43f2,0x43f2,
	0x01c6,0x01c6,0x021d,0x021d,0x0262,0x0262,0x02a7,0x02a7,0x0314,0x0314,0x038f,0x038f,0x0462,0x0462,0x0549,0x0549,0x06d5,0x06d5,0x08a7,0x08a7,0x0bdf,0x0bdf,0x0f8c,0x0f8c,0x15f2,0x15f2,0x1e27,0x1e27,0x2e0b,0x2e0b,0x43f2,0x43f2,
	0x0241,0x0241,0x0296,0x0296,0x02db,0x02db,0x0321,0x0321,0x038f,0x038f,0x0409,0x0409,0x04da,0x04da,0x05bf,0x05bf,0x074d,0x074d,0x091e,0x091e,0x0c50,0x0c50,0x0ff0,0x0ff0,0x1656,0x1656,0x1e84,0x1e84,0x2e4c,0x2e4c,0x4402,0x4402,
	0x0241,0x0241,0x0296,0x0296,0x02db,0x02db,0x0321,0x0321,0x038f,0x038f,0x0409,0x0409,0x04da,0x04da,0x05bf,0x05bf,0x074d,0x074d,0x091e,0x091e,0x0c50,0x0c50,0x0ff0,0x0ff0,0x1656,0x1656,0x1e84,0x1e84,0x2e4c,0x2e4c,0x4402,0x4402,
	0x0313,0x0313,0x036a,0x036a,0x03ae,0x03ae,0x03f3,0x03f3,0x0462,0x0462,0x04da,0x04da,0x05a5,0x05a5,0x0688,0x0688,0x0811,0x0811,0x09df,0x09df,0x0d0c,0x0d0c,0x1080,0x1080,0x16ff,0x16ff,0x1f1d,0x1f1d,0x2ec0,0x2ec0,0x4427,0x4427,
	0x0313,0x0313,0x036a,0x036a,0x03ae,0x03ae,0x03f3,0x03f3,0x0462,0x0462,0x04da,0x04da,0x05a5,0x05a5,0x0688,0x0688,0x0811,0x0811,0x09df,0x09df,0x0d0c,0x0d0c,0x1080,0x1080,0x16ff,0x16ff,0x1f1d,0x1f1d,0x2ec0,0x2ec0,0x4427,0x4427,
	0x03fb,0x03fb,0x044f,0x044f,0x0493,0x0493,0x04d8,0x04d8,0x0549,0x0549,0x05bf,0x05bf,0x0688,0x0688,0x076c,0x076c,0x08f3,0x08f3,0x0ab9,0x0ab9,0x0de5,0x0de5,0x113c,0x113c,0x17c7,0x17c7,0x1fd1,0x1fd1,0x2f4f,0x2f4f,0x445d,0x445d,
	0x03fb,0x03fb,0x044f,0x044f,0x0493,0x0493,0x04d8,0x04d8,0x0549,0x0549,0x05bf,0x05bf,0x0688,0x0688,0x076c,0x076c,0x08f3,0x08f3,0x0ab9,0x0ab9,0x0de5,0x0de5,0x113c,0x113c,0x17c7,0x17c7,0x1fd1,0x1fd1,0x2f4f,0x2f4f,0x445d,0x445d,
	0x0591,0x0591,0x05e4,0x05e4,0x0626,0x0626,0x066a,0x066a,0x06d5,0x06d5,0x074d,0x074d,0x0811,0x0811,0x08f3,0x08f3,0x0a79,0x0a79,0x0c3f,0x0c3f,0x0f56,0x0f56,0x12a2,0x12a2,0x191c,0x191c,0x210f,0x210f,0x304d,0x304d,0x44d5,0x44d5,
	0x0591,0x0591,0x05e4,0x05e4,0x0626,0x0626,0x066a,0x066a,0x06d5,0x06d5,0x074d,0x074d,0x0811,0x0811,0x08f3,0x08f3,0x0a79,0x0a79,0x0c3f,0x0c3f,0x0f56,0x0f56,0x12a2,0x12a2,0x191c,0x191c,0x210f,0x210f,0x304d,0x304d,0x44d5,0x44d5,
	0x076b,0x076b,0x07bd,0x07bd,0x0800,0x0800,0x0840,0x0840,0x08a7,0x08a7,0x091e,0x091e,0x09df,0x09df,0x0ab9,0x0ab9,0x0c3f,0x0c3f,0x0dfc,0x0dfc,0x10d0,0x10d0,0x144d,0x144d,0x1ab4,0x1ab4,0x2251,0x2251,0x318b,0x318b,0x458b,0x458b,
	0x076b,0x076b,0x07bd,0x07bd,0x0800,0x0800,0x0840,0x0840,0x08a7,0x08a7,0x091e,0x091e,0x09df,0x09df,0x0ab9,0x0ab9,0x0c3f,0x0c3f,0x0dfc,0x0dfc,0x10d0,0x10d0,0x144d,0x144d,0x1ab4,0x1ab4,0x2251,0x2251,0x318b,0x318b,0x458b,0x458b,
	0x0ab0,0x0ab0,0x0b01,0x0b01,0x0b41,0x0b41,0x0b7f,0x0b7f,0x0bdf,0x0bdf,0x0c50,0x0c50,0x0d0c,0x0d0c,0x0de5,0x0de5,0x0f56,0x0f56,0x10d0,0x10d0,0x13b6,0x13b6,0x1729,0x1729,0x1d71,0x1d71,0x24e4,0x24e4,0x33c7,0x33c7,0x4706,0x4706,
	0x0ab0,0x0ab0,0x0b01,0x0b01,0x0b41,0x0b41,0x0b7f,0x0b7f,0x0bdf,0x0bdf,0x0c50,0x0c50,0x0d0c,0x0d0c,0x0de5,0x0de5,0x0f56,0x0f56,0x10d0,0x10d0,0x13b6,0x13b6,0x1729,0x1729,0x1d71,0x1d71,0x24e4,0x24e4,0x33c7,0x33c7,0x4706,0x4706,
	0x0e65,0x0e65,0x0eb2,0x0eb2,0x0ef0,0x0ef0,0x0f2e,0x0f2e,0x0f8c,0x0f8c,0x0ff0,0x0ff0,0x1080,0x1080,0x113c,0x113c,0x12a2,0x12a2,0x144d,0x144d,0x1729,0x1729,0x1a92,0x1a92,0x20b6,0x20b6,0x2809,0x2809,0x367b,0x367b,0x4905,0x4905,
	0x0e65,0x0e65,0x0eb2,0x0eb2,0x0ef0,0x0ef0,0x0f2e,0x0f2e,0x0f8c,0x0f8c,0x0ff0,0x0ff0,0x1080,0x1080,0x113c,0x113c,0x12a2,0x12a2,0x144d,0x144d,0x1729,0x1729,0x1a92,0x1a92,0x20b6,0x20b6,0x2809,0x2809,0x367b,0x367b,0x4905,0x4905,
	0x14df,0x14df,0x1523,0x1523,0x155e,0x155e,0x159a,0x159a,0x15f2,0x15f2,0x1656,0x1656,0x16ff,0x16ff,0x17c7,0x17c7,0x191c,0x191c,0x1ab4,0x1ab4,0x1d71,0x1d71,0x20b6,0x20b6,0x2686,0x2686,0x2de9,0x2de9,0x3c03,0x3c03,0x4da4,0x4da4,
	0x14df,0x14df,0x1523,0x1523,0x155e,0x155e,0x159a,0x159a,0x15f2,0x15f2,0x1656,0x1656,0x16ff,0x16ff,0x17c7,0x17c7,0x191c,0x191c,0x1ab4,0x1ab4,0x1d71,0x1d71,0x20b6,0x20b6,0x2686,0x2686,0x2de9,0x2de9,0x3c03,0x3c03,0x4da4,0x4da4,
	0x1d33,0x1d33,0x1d71,0x1d71,0x1da6,0x1da6,0x1dd9,0x1dd9,0x1e27,0x1e27,0x1e84,0x1e84,0x1f1d,0x1f1d,0x1fd1,0x1fd1,0x210f,0x210f,0x2251,0x2251,0x24e4,0x24e4,0x2809,0x2809,0x2de9,0x2de9,0x34fc,0x34fc,0x4313,0x4313,0x53ce,0x53ce,
	0x1d33,0x1d33,0x1d71,0x1d71,0x1da6,0x1da6,0x1dd9,0x1dd9,0x1e27,0x1e27,0x1e84,0x1e84,0x1f1d,0x1f1d,0x1fd1,0x1fd1,0x210f,0x210f,0x2251,0x2251,0x24e4,0x24e4,0x2809,0x2809,0x2de9,0x2de9,0x34fc,0x34fc,0x4313,0x4313,0x53ce,0x53ce,
	0x2d5e,0x2d5e,0x2d89,0x2d89,0x2daf,0x2daf,0x2dd3,0x2dd3,0x2e0b,0x2e0b,0x2e4c,0x2e4c,0x2ec0,0x2ec0,0x2f4f,0x2f4f,0x304d,0x304d,0x318b,0x318b,0x33c7,0x33c7,0x367b,0x367b,0x3c03,0x3c03,0x4313,0x4313,0x4fa9,0x4fa9,0x5f03,0x5f03,
	0x2d5e,0x2d5e,0x2d89,0x2d89,0x2daf,0x2daf,0x2dd3,0x2dd3,0x2e0b,0x2e0b,0x2e4c,0x2e4c,0x2ec0,0x2ec0,0x2f4f,0x2f4f,0x304d,0x304d,0x318b,0x318b,0x33c7,0x33c7,0x367b,0x367b,0x3c03,0x3c03,0x4313,0x4313,0x4fa9,0x4fa9,0x5f03,0x5f03,
	0x43cc,0x43cc,0x43d4,0x43d4,0x43dc,0x43dc,0x43e4,0x43e4,0x43f2,0x43f2,0x4402,0x4402,0x4427,0x4427,0x445d,0x445d,0x44d5,0x44d5,0x458b,0x458b,0x4706,0x4706,0x4905,0x4905,0x4da4,0x4da4,0x53ce,0x53ce,0x5f03,0x5f03,0x6cd9,0x6cd9,
	0x43cc,0x43cc,0x43d4,0x43d4,0x43dc,0x43dc,0x43e4,0x43e4,0x43f2,0x43f2,0x4402,0x4402,0x4427,0x4427,0x445d,0x445d,0x44d5,0x44d5,0x458b,0x458b,0x4706,0x4706,0x4905,0x4905,0x4da4,0x4da4,0x53ce,0x53ce,0x5f03,0x5f03,0x6cd9,0x6cd9,
	0x009b,0x00c1,0x00bb,0x0117,0x010e,0x015c,0x0154,0x01a0,0x01aa,0x020a,0x021d,0x0287,0x02bf,0x0359,0x039d,0x0440,0x04d1,0x05d4,0x0689,0x07ad,0x0901,0x0aef,0x0c82,0x0ea4,0x116c,0x1518,0x18c5,0x1d66,0x2474,0x2d83,0x3778,0x43d4,
	0x00c1,0x00c1,0x0117,0x0117,0x015c,0x015c,0x01a0,0x01a0,0x020a,0x020a,0x0287,0x0287,0x0359,0x0359,0x0440,0x0440,0x05d4,0x05d4,0x07ad,0x07ad,0x0aef,0x0aef,0x0ea4,0x0ea4,0x1518,0x1518,0x1d66,0x1d66,0x2d83,0x2d83,0x43d4,0x43d4,
	0x00bb,0x0117,0x00d5,0x016b,0x012d,0x01b2,0x0175,0x01f5,0x01cc,0x0261,0x0240,0x02db,0x02e1,0x03ae,0x03c0,0x0494,0x04f2,0x0626,0x06ab,0x07fe,0x0923,0x0b41,0x0ca2,0x0ef1,0x1189,0x155e,0x18e0,0x1da6,0x2485,0x2daf,0x377c,0x43dd,
	0x0117,0x0117,0x016b,0x016b,0x01b2,0x01b2,0x01f5,0x01f5,0x0261,0x0261,0x02db,0x02db,0x03ae,0x03ae,0x0494,0x0494,0x0626,0x0626,0x07fe,0x07fe,0x0b41,0x0b41,0x0ef1,0x0ef1,0x155e,0x155e,0x1da6,0x1da6,0x2daf,0x2daf,0x43dd,0x43dd,
	0x010e,0x015c,0x012d,0x01b2,0x0181,0x01f6,0x01c8,0x023b,0x021e,0x02a7,0x0292,0x0321,0x0332,0x03f3,0x0411,0x04d8,0x0541,0x066a,0x06f8,0x0840,0x096e,0x0b7f,0x0cec,0x0f2e,0x11d1,0x159a,0x191e,0x1dd9,0x24bb,0x2dd3,0x3799,0x43e4,
	0x015c,0x015c,0x01b2,0x01b2,0x01f6,0x01f6,0x023b,0x023b,0x02a7,0x02a7,0x0321,0x0321,0x03f3,0x03f3,0x04d8,0x04d8,0x066a,0x066a,0x0840,0x0840,0x0b7f,0x0b7f,0x0f2e,0x0f2e,0x159a,0x159a,0x1dd9,0x1dd9,0x2dd3,0x2dd3,0x43e4,0x43e4,
	0x0154,0x01a0,0x0175,0x01f5,0x01c8,0x023b,0x020f,0x0282,0x0263,0x02e9,0x02d8,0x0367,0x0378,0x0437,0x0456,0x051e,0x0586,0x06ad,0x073a,0x087f,0x09b0,0x0bbc,0x0d2b,0x0f69,0x120e,0x15d3,0x1956,0x1e0b,0x24eb,0x2df9,0x37b4,0x43ee,
	0x01a0,0x01a0,0x01f5,0x01f5,0x023b,0x023b,0x0282,0x0282,0x02e9,0x02e9,0x0367,0x0367,0x0437,0x0437,0x051e,0x051e,0x06ad,0x06ad,0x087f,0x087f,0x0bbc,0x0bbc,0x0f69,0x0f69,0x15d3,0x15d3,0x1e0b,0x1e0b,0x2df9,0x2df9,0x43ee,0x43ee,
	0x01aa,0x020a,0x01cc,0x0261,0x021e,0x02a7,0x0263,0x02e9,0x02bb,0x0358,0x032e,0x03d2,0x03cf,0x04a5,0x04ad,0x058a,0x05db,0x0716,0x078f,0x08e9,0x09ff,0x0c1f,0x0d77,0x0fc6,0x1256,0x1627,0x199b,0x1e5b,0x251f,0x2e2d,0x37d0,0x43fb,
	0x020a,0x020a,0x0261,0x0261,0x02a7,0x02a7,0x02e9,0x02e9,0x0358,0x0358,0x03d2,0x03d2,0x04a5,0x04a5,0x058a,0x058a,0x0716,0x0716,0x08e9,0x08e9,0x0c1f,0x0c1f,0x0fc6,0x0fc6,0x1627,0x1627,0x1e5b,0x1e5b,0x2e2d,0x2e2d,0x43fb,0x43fb,
	0x021d,0x0287,0x0240,0x02db,0x0292,0x0321,0x02d8,0x0367,0x032e,0x03d2,0x03a2,0x044b,0x0444,0x051e,0x0520,0x0600,0x0651,0x078e,0x0800,0x095f,0x0a6d,0x0c91,0x0dd9,0x1029,0x12b9,0x168e,0x19f5,0x1eb6,0x256a,0x2e6f,0x37f9,0x440c,
	0x0287,0x0287,0x02db,0x02db,0x0321,0x0321,0x0367,0x0367,0x03d2,0x03d2,0x044b,0x044b,0x051e,0x051e,0x0600,0x0600,0x078e,0x078e,0x095f,0x095f,0x0c91,0x0c91,0x1029,0x1029,0x168e,0x168e,0x1eb6,0x1eb6,0x2e6f,0x2e6f,0x440c,0x440c,
	0x02bf,0x0359,0x02e1,0x03ae,0x0332,0x03f3,0x0378,0x0437,0x03cf,0x04a5,0x0444,0x051e,0x04e1,0x05e7,0x05bc,0x06c8,0x06e9,0x0851,0x0899,0x0a21,0x0b01,0x0d4a,0x0e55,0x10af,0x133a,0x1733,0x1a72,0x1f50,0x25d2,0x2ee1,0x382f,0x4430,
	0x0359,0x0359,0x03ae,0x03ae,0x03f3,0x03f3,0x0437,0x0437,0x04a5,0x04a5,0x051e,0x051e,0x05e7,0x05e7,0x06c8,0x06c8,0x0851,0x0851,0x0a21,0x0a21,0x0d4a,0x0d4a,0x10af,0x10af,0x1733,0x1733,0x1f50,0x1f50,0x2ee1,0x2ee1,0x4430,0x4430,
	0x039d,0x0440,0x03c0,0x0494,0x0411,0x04d8,0x0456,0x051e,0x04ad,0x058a,0x0520,0x0600,0x05bc,0x06c8,0x0695,0x07ae,0x07c0,0x0933,0x0967,0x0af7,0x0bcf,0x0e21,0x0f18,0x1178,0x13e4,0x17fc,0x1b20,0x1fff,0x266a,0x2f6f,0x388b,0x4465,
	0x0440,0x0440,0x0494,0x0494,0x04d8,0x04d8,0x051e,0x051e,0x058a,0x058a,0x0600,0x0600,0x06c8,0x06c8,0x07ae,0x07ae,0x0933,0x0933,0x0af7,0x0af7,0x0e21,0x0e21,0x1178,0x1178,0x17fc,0x17fc,0x1fff,0x1fff,0x2f6f,0x2f6f,0x4465,0x4465,
	0x04d1,0x05d4,0x04f2,0x0626,0x0541,0x066a,0x0586,0x06ad,0x05db,0x0716,0x0651,0x078e,0x06e9,0x0851,0x07c0,0x0933,0x08eb,0x0ab9,0x0a91,0x0c7b,0x0cea,0x0f8e,0x102f,0x12db,0x14e3,0x1952,0x1c1b,0x213b,0x2740,0x306d,0x3913,0x44dc,
	0x05d4,0x05d4,0x0626,0x0626,0x066a,0x066a,0x06ad,0x06ad,0x0716,0x0716,0x078e,0x078e,0x0851,0x0851,0x0933,0x0933,0x0ab9,0x0ab9,0x0c7b,0x0c7b,0x0f8e,0x0f8e,0x12db,0x12db,0x1952,0x1952,0x213b,0x213b,0x306d,0x306d,0x44dc,0x44dc,
	0x0689,0x07ad,0x06ab,0x07fe,0x06f8,0x0840,0x073a,0x087f,0x078f,0x08e9,0x0800,0x095f,0x0899,0x0a21,0x0967,0x0af7,0x0a91,0x0c7b,0x0c33,0x0e38,0x0e71,0x1109,0x11bc,0x1484,0x1661,0x1ae3,0x1d6d,0x227d,0x2884,0x31aa,0x39f7,0x4590,
	0x07ad,0x07ad,0x07fe,0x07fe,0x0840,0x0840,0x087f,0x087f,0x08e9,0x08e9,0x095f,0x095f,0x0a21,0x0a21,0x0af7,0x0af7,0x0c7b,0x0c7b,0x0e38,0x0e38,0x1109,0x1109,0x1484,0x1484,0x1ae3,0x1ae3,0x227d,0x227d,0x31aa,0x31aa,0x4590,0x4590,
	0x0901,0x0aef,0x0923,0x0b41,0x096e,0x0b7f,0x09b0,0x0bbc,0x09ff,0x0c1f,0x0a6d,0x0c91,0x0b01,0x0d4a,0x0bcf,0x0e21,0x0cea,0x0f8e,0x0e71,0x1109,0x10b0,0x13eb,0x13d1,0x175d,0x1886,0x1da0,0x1f74,0x250d,0x2a30,0x33df,0x3b53,0x470a,
	0x0aef,0x0aef,0x0b41,0x0b41,0x0b7f,0x0b7f,0x0bbc,0x0bbc,0x0c1f,0x0c1f,0x0c91,0x0c91,0x0d4a,0x0d4a,0x0e21,0x0e21,0x0f8e,0x0f8e,0x1109,0x1109,0x13eb,0x13eb,0x175d,0x175d,0x1da0,0x1da0,0x250d,0x250d,0x33df,0x33df,0x470a,0x470a,
	0x0c82,0x0ea4,0x0ca2,0x0ef1,0x0cec,0x0f2e,0x0d2b,0x0f69,0x0d77,0x0fc6,0x0dd9,0x1029,0x0e55,0x10af,0x0f18,0x1178,0x102f,0x12db,0x11bc,0x1484,0x13d1,0x175d,0x16f8,0x1ac5,0x1b98,0x20e1,0x2265,0x2830,0x2cdd,0x3691,0x3d7e,0x4908,
	0x0ea4,0x0ea4,0x0ef1,0x0ef1,0x0f2e,0x0f2e,0x0f69,0x0f69,0x0fc6,0x0fc6,0x1029,0x1029,0x10af,0x10af,0x1178,0x1178,0x12db,0x12db,0x1484,0x1484,0x175d,0x175d,0x1ac5,0x1ac5,0x20e1,0x20e1,0x2830,0x2830,0x3691,0x3691,0x4908,0x4908,
	0x116c,0x1518,0x1189,0x155e,0x11d1,0x159a,0x120e,0x15d3,0x1256,0x1627,0x12b9,0x168e,0x133a,0x1733,0x13e4,0x17fc,0x14e3,0x1952,0x1661,0x1ae3,0x1886,0x1da0,0x1b98,0x20e1,0x200e,0x26ac,0x26cd,0x2e08,0x3109,0x3c10,0x410a,0x4da5,
	0x1518,0x1518,0x155e,0x155e,0x159a,0x159a,0x15d3,0x15d3,0x1627,0x1627,0x168e,0x168e,0x1733,0x1733,0x17fc,0x17fc,0x1952,0x1952,0x1ae3,0x1ae3,0x1da0,0x1da0,0x20e1,0x20e1,0x26ac,0x26ac,0x2e08,0x2e08,0x3c10,0x3c10,0x4da5,0x4da5,
	0x18c5,0x1d66,0x18e0,0x1da6,0x191e,0x1dd9,0x1956,0x1e0b,0x199b,0x1e5b,0x19f5,0x1eb6,0x1a72,0x1f50,0x1b20,0x1fff,0x1c1b,0x213b,0x1d6d,0x227d,0x1f74,0x250d,0x2265,0x2830,0x26cd,0x2e08,0x2d36,0x3511,0x3780,0x431a,0x46eb,0x53cf,
	0x1d66,0x1d66,0x1da6,0x1da6,0x1dd9,0x1dd9,0x1e0b,0x1e0b,0x1e5b,0x1e5b,0x1eb6,0x1eb6,0x1f50,0x1f50,0x1fff,0x1fff,0x213b,0x213b,0x227d,0x227d,0x250d,0x250d,0x2830,0x2830,0x2e08,0x2e08,0x3511,0x3511,0x431a,0x431a,0x53cf,0x53cf,
	0x2474,0x2d83,0x2485,0x2daf,0x24bb,0x2dd3,0x24eb,0x2df9,0x251f,0x2e2d,0x256a,0x2e6f,0x25d2,0x2ee1,0x266a,0x2f6f,0x2740,0x306d,0x2884,0x31aa,0x2a30,0x33df,0x2cdd,0x3691,0x3109,0x3c10,0x3780,0x431a,0x40f8,0x4fac,0x4fd4,0x5f03,
	0x2d83,0x2d83,0x2daf,0x2daf,0x2dd3,0x2dd3,0x2df9,0x2df9,0x2e2d,0x2e2d,0x2e6f,0x2e6f,0x2ee1,0x2ee1,0x2f6f,0x2f6f,0x306d,0x306d,0x31aa,0x31aa,0x33df,0x33df,0x3691,0x3691,0x3c10,0x3c10,0x431a,0x431a,0x4fac,0x4fac,0x5f03,0x5f03,
	0x3778,0x43d4,0x377c,0x43dd,0x3799,0x43e4,0x37b4,0x43ee,0x37d0,0x43fb,0x37f9,0x440c,0x382f,0x4430,0x388b,0x4465,0x3913,0x44dc,0x39f7,0x4590,0x3b53,0x470a,0x3d7e,0x4908,0x410a,0x4da5,0x46eb,0x53cf,0x4fd4,0x5f03,0x5d1e,0x6cd9,
	0x43d4,0x43d4,0x43dd,0x43dd,0x43e4,0x43e4,0x43ee,0x43ee,0x43fb,0x43fb,0x440c,0x440c,0x4430,0x4430,0x4465,0x4465,0x44dc,0x44dc,0x4590,0x4590,0x470a,0x470a,0x4908,0x4908,0x4da5,0x4da5,0x53cf,0x53cf,0x5f03,0x5f03,0x6cd9,0x6cd9,
	0x00c1,0x00c1,0x0117,0x0117,0x015c,0x015c,0x01a0,0x01a0,0x020a,0x020a,0x0287,0x0287,0x0359,0x0359,0x0440,0x0440,0x05d4,0x05d4,0x07ad,0x07ad,0x0aef,0x0aef,0x0ea4,0x0ea4,0x1518,0x1518,0x1d66,0x1d66,0x2d83,0x2d83,0x43d4,0x43d4,
	0x00c1,0x00c1,0x0117,0x0117,0x015c,0x015c,0x01a0,0x01a0,0x020a,0x020a,0x0287,0x0287,0x0359,0x0359,0x0440,0x0440,0x05d4,0x05d4,0x07ad,0x07ad,0x0aef,0x0aef,0x0ea4,0x0ea4,0x1518,0x1518,0x1d66,0x1d66,0x2d83,0x2d83,0x43d4,0x43d4,
	0x0117,0x0117,0x016b,0x016b,0x01b2,0x01b2,0x01f5,0x01f5,0x0261,0x0261,0x02db,0x02db,0x03ae,0x03ae,0x0494,0x0494,0x0626,0x0626,0x07fe,0x07fe,0x0b41,0x0b41,0x0ef1,0x0ef1,0x155e,0x155e,0x1da6,0x1da6,0x2daf,0x2daf,0x43dd,0x43dd,
	0x0117,0x0117,0x016b,0x016b,0x01b2,0x01b2,0x01f5,0x01f5,0x0261,0x0261,0x02db,0x02db,0x03ae,0x03ae,0x0494,0x0494,0x0626,0x0626,0x07fe,0x07fe,0x0b41,0x0b41,0x0ef1,0x0ef1,0x155e,0x155e,0x1da6,0x1da6,0x2daf,0x2daf,0x43dd,0x43dd,
	0x015c,0x015c,0x01b2,0x01b2,0x01f6,0x01f6,0x023b,0x023b,0x02a7,0x02a7,0x0321,0x0321,0x03f3,0x03f3,0x04d8,0x04d8,0x066a,0x066a,0x0840,0x0840,0x0b7f,0x0b7f,0x0f2e,0x0f2e,0x159a,0x159a,0x1dd9,0x1dd9,0x2dd3,0x2dd3,0x43e4,0x43e4,
	0x015c,0x015c,0x01b2,0x01b2,0x01f6,0x01f6,0x023b,0x023b,0x02a7,0x02a7,0x0321,0x0321,0x03f3,0x03f3,0x04d8,0x04d8,0x066a,0x066a,0x0840,0x0840,0x0b7f,0x0b7f,0x0f2e,0x0f2e,0x159a,0x159a,0x1dd9,0x1dd9,0x2dd3,0x2dd3,0x43e4,0x43e4,
	0x01a0,0x01a0,0x01f5,0x01f5,0x023b,0x023b,0x0282,0x0282,0x02e9,0x02e9,0x0367,0x0367,0x0437,0x0437,0x051e,0x051e,0x06ad,0x06ad,0x087f,0x087f,0x0bbc,0x0bbc,0x0f69,0x0f69,0x15d3,0x15d3,0x1e0b,0x1e0b,0x2df9,0x2df9,0x43ee,0x43ee,
	0x01a0,0x01a0,0x01f5,0x01f5,0x023b,0x023b,0x0282,0x0282,0x02e9,0x02e9,0x0367,0x0367,0x0437,0x0437,0x051e,0x051e,0x06ad,0x06ad,0x087f,0x087f,0x0bbc,0x0bbc,0x0f69,0x0f69,0x15d3,0x15d3,0x1e0b,0x1e0b,0x2df9,0x2df9,0x43ee,0x43ee,
	0x020a,0x020a,0x0261,0x0261,0x02a7,0x02a7,0x02e9,0x02e9,0x0358,0x0358,0x03d2,0x03d2,0x04a5,0x04a5,0x058a,0x058a,0x0716,0x0716,0x08e9,0x08e9,0x0c1f,0x0c1f,0x0fc6,0x0fc6,0x1627,0x1627,0x1e5b,0x1e5b,0x2e2d,0x2e2d,0x43fb,0x43fb,
	0x020a,0x020a,0x0261,0x0261,0x02a7,0x02a7,0x02e9,0x02e9,0x0358,0x0358,0x03d2,0x03d2,0x04a5,0x04a5,0x058a,0x058a,0x0716,0x0716,0x08e9,0x08e9,0x0c1f,0x0c1f,0x0fc6,0x0fc6,0x1627,0x1627,0x1e5b,0x1e5b,0x2e2d,0x2e2d,0x43fb,0x43fb,
	0x0287,0x0287,0x02db,0x02db,0x0321,0x0321,0x0367,0x0367,0x03d2,0x03d2,0x044b,0x044b,0x051e,0x051e,0x0600,0x0600,0x078e,0x078e,0x095f,0x095f,0x0c91,0x0c91,0x1029,0x1029,0x168e,0x168e,0x1eb6,0x1eb6,0x2e6f,0x2e6f,0x440c,0x440c,
	0x0287,0x0287,0x02db,0x02db,0x0321,0x0321,0x0367,0x0367,0x03d2,0x03d2,0x044b,0x044b,0x051e,0x051e,0x0600,0x0600,0x078e,0x078e,0x095f,0x095f,0x0c91,0x0c91,0x1029,0x1029,0x168e,0x168e,0x1eb6,0x1eb6,0x2e6f,0x2e6f,0x440c,0x440c,
	0x0359,0x0359,0x03ae,0x03ae,0x03f3,0x03f3,0x0437,0x0437,0x04a5,0x04a5,0x051e,0x051e,0x05e7,0x05e7,0x06c8,0x06c8,0x0851,0x0851,0x0a21,0x0a21,0x0d4a,0x0d4a,0x10af,0x10af,0x1733,0x1733,0x1f50,0x1f50,0x2ee1,0x2ee1,0x4430,0x4430,
	0x0359,0x0359,0x03ae,0x03ae,0x03f3,0x03f3,0x0437,0x0437,0x04a5,0x04a5,0x051e,0x051e,0x05e7,0x05e7,0x06c8,0x06c8,0x0851,0x0851,0x0a21,0x0a21,0x0d4a,0x0d4a,0x10af,0x10af,0x1733,0x1733,0x1f50,0x1f50,0x2ee1,0x2ee1,0x4430,0x4430,
	0x0440,0x0440,0x0494,0x0494,0x04d8,0x04d8,0x051e,0x051e,0x058a,0x058a,0x0600,0x0600,0x06c8,0x06c8,0x07ae,0x07ae,0x0933,0x0933,0x0af7,0x0af7,0x0e21,0x0e21,0x1178,0x1178,0x17fc,0x17fc,0x1fff,0x1fff,0x2f6f,0x2f6f,0x4465,0x4465,
	0x0440,0x0440,0x0494,0x0494,0x04d8,0x04d8,0x051e,0x051e,0x058a,0x058a,0x0600,0x0600,0x06c8,0x06c8,0x07ae,0x07ae,0x0933,0x0933,0x0af7,0x0af7,0x0e21,0x0e21,0x1178,0x1178,0x17fc,0x17fc,0x1fff,0x1fff,0x2f6f,0x2f6f,0x4465,0x4465,
	0x05d4,0x05d4,0x0626,0x0626,0x066a,0x066a,0x06ad,0x06ad,0x0716,0x0716,0x078e,0x078e,0x0851,0x0851,0x0933,0x0933,0x0ab9,0x0ab9,0x0c7b,0x0c7b,0x0f8e,0x0f8e,0x12db,0x12db,0x1952,0x1952,0x213b,0x213b,0x306d,0x306d,0x44dc,0x44dc,
	0x05d4,0x05d4,0x0626,0x0626,0x066a,0x066a,0x06ad,0x06ad,0x0716,0x0716,0x078e,0x078e,0x0851,0x0851,0x0933,0x0933,0x0ab9,0x0ab9,0x0c7b,0x0c7b,0x0f8e,0x0f8e,0x12db,0x12db,0x1952,0x1952,0x213b,0x213b,0x306d,0x306d,0x44dc,0x44dc,
	0x07ad,0x07ad,0x07fe,0x07fe,0x0840,0x0840,0x087f,0x087f,0x08e9,0x08e9,0x095f,0x095f,0x0a21,0x0a21,0x0af7,0x0af7,0x0c7b,0x0c7b,0x0e38,0x0e38,0x1109,0x1109,0x1484,0x1484,0x1ae3,0x1ae3,0x227d,0x227d,0x31aa,0x31aa,0x4590,0x4590,
	0x07ad,0x07ad,0x07fe,0x07fe,0x0840,0x0840,0x087f,0x087f,0x08e9,0x08e9,0x095f,0x095f,0x0a21,0x0a21,0x0af7,0x0af7,0x0c7b,0x0c7b,0x0e38,0x0e38,0x1109,0x1109,0x1484,0x1484,0x1ae3,0x1ae3,0x227d,0x227d,0x31aa,0x31aa,0x4590,0x4590,
	0x0aef,0x0aef,0x0b41,0x0b41,0x0b7f,0x0b7f,0x0bbc,0x0bbc,0x0c1f,0x0c1f,0x0c91,0x0c91,0x0d4a,0x0d4a,0x0e21,0x0e21,0x0f8e,0x0f8e,0x1109,0x1109,0x13eb,0x13eb,0x175d,0x175d,0x1da0,0x1da0,0x250d,0x250d,0x33df,0x33df,0x470a,0x470a,
	0x0aef,0x0aef,0x0b41,0x0b41,0x0b7f,0x0b7f,0x0bbc,0x0bbc,0x0c1f,0x0c1f,0x0c91,0x0c91,0x0d4a,0x0d4a,0x0e21,0x0e21,0x0f8e,0x0f8e,0x1109,0x1109,0x13eb,0x13eb,0x175d,0x175d,0x1da0,0x1da0,0x250d,0x250d,0x33df,0x33df,0x470a,0x470a,
	0x0ea4,0x0ea4,0x0ef1,0x0ef1,0x0f2e,0x0f2e,0x0f69,0x0f69,0x0fc6,0x0fc6,0x1029,0x1029,0x10af,0x10af,0x1178,0x1178,0x12db,0x12db,0x1484,0x1484,0x175d,0x175d,0x1ac5,0x1ac5,0x20e1,0x20e1,0x2830,0x2830,0x3691,0x3691,0x4908,0x4908,
	0x0ea4,0x0ea4,0x0ef1,0x0ef1,0x0f2e,0x0f2e,0x0f69,0x0f69,0x0fc6,0x0fc6,0x1029,0x1029,0x10af,0x10af,0x1178,0x1178,0x12db,0x12db,0x1484,0x1484,0x175d,0x175d,0x1ac5,0x1ac5,0x20e1,0x20e1,0x2830,0x2830,0x3691,0x3691,0x4908,0x4908,
	0x1518,0x1518,0x155e,0x155e,0x159a,0x159a,0x15d3,0x15d3,0x1627,0x1627,0x168e,0x168e,0x1733,0x1733,0x17fc,0x17fc,0x1952,0x1952,0x1ae3,0x1ae3,0x1da0,0x1da0,0x20e1,0x20e1,0x26ac,0x26ac,0x2e08,0x2e08,0x3c10,0x3c10,0x4da5,0x4da5,
	0x1518,0x1518,0x155e,0x155e,0x159a,0x159a,0x15d3,0x15d3,0x1627,0x1627,0x168e,0x168e,0x1733,0x1733,0x17fc,0x17fc,0x1952,0x1952,0x1ae3,0x1ae3,0x1da0,0x1da0,0x20e1,0x20e1,0x26ac,0x26ac,0x2e08,0x2e08,0x3c10,0x3c10,0x4da5,0x4da5,
	0x1d66,0x1d66,0x1da6,0x1da6,0x1dd9,0x1dd9,0x1e0b,0x1e0b,0x1e5b,0x1e5b,0x1eb6,0x1eb6,0x1f50,0x1f50,0x1fff,0x1fff,0x213b,0x213b,0x227d,0x227d,0x250d,0x250d,0x2830,0x2830,0x2e08,0x2e08,0x3511,0x3511,0x431a,0x431a,0x53cf,0x53cf,
	0x1d66,0x1d66,0x1da6,0x1da6,0x1dd9,0x1dd9,0x1e0b,0x1e0b,0x1e5b,0x1e5b,0x1eb6,0x1eb6,0x1f50,0x1f50,0x1fff,0x1fff,0x213b,0x213b,0x227d,0x227d,0x250d,0x250d,0x2830,0x2830,0x2e08,0x2e08,0x3511,0x3511,0x431a,0x431a,0x53cf,0x53cf,
	0x2d83,0x2d83,0x2daf,0x2daf,0x2dd3,0x2dd3,0x2df9,0x2df9,0x2e2d,0x2e2d,0x2e6f,0x2e6f,0x2ee1,0x2ee1,0x2f6f,0x2f6f,0x306d,0x306d,0x31aa,0x31aa,0x33df,0x33df,0x3691,0x3691,0x3c10,0x3c10,0x431a,0x431a,0x4fac,0x4fac,0x5f03,0x5f03,
	0x2d83,0x2d83,0x2daf,0x2daf,0x2dd3,0x2dd3,0x2df9,0x2df9,0x2e2d,0x2e2d,0x2e6f,0x2e6f,0x2ee1,0x2ee1,0x2f6f,0x2f6f,0x306d,0x306d,0x31aa,0x31aa,0x33df,0x33df,0x3691,0x3691,0x3c10,0x3c10,0x431a,0x431a,0x4fac,0x4fac,0x5f03,0x5f03,
	0x43d4,0x43d4,0x43dd,0x43dd,0x43e4,0x43e4,0x43ee,0x43ee,0x43fb,0x43fb,0x440c,0x440c,0x4430,0x4430,0x4465,0x4465,0x44dc,0x44dc,0x4590,0x4590,0x470a,0x470a,0x4908,0x4908,0x4da5,0x4da5,0x53cf,0x53cf,0x5f03,0x5f03,0x6cd9,0x6cd9,
	0x43d4,0x43d4,0x43dd,0x43dd,0x43e4,0x43e4,0x43ee,0x43ee,0x43fb,0x43fb,0x440c,0x440c,0x4430,0x4430,0x4465,0x4465,0x44dc,0x44dc,0x4590,0x4590,0x470a,0x470a,0x4908,0x4908,0x4da5,0x4da5,0x53cf,0x53cf,0x5f03,0x5f03,0x6cd9,0x6cd9,
	0x00f0,0x012c,0x0111,0x0183,0x0163,0x01c6,0x01aa,0x020a,0x0201,0x027a,0x0273,0x02f3,0x0317,0x03c8,0x03f5,0x04ae,0x0526,0x063e,0x06dc,0x0815,0x0953,0x0b54,0x0cd1,0x0f08,0x11b8,0x1574,0x190a,0x1db9,0x24ab,0x2dbe,0x3795,0x43e3,
	0x012c,0x012c,0x0183,0x0183,0x01c6,0x01c6,0x020a,0x020a,0x027a,0x027a,0x02f3,0x02f3,0x03c8,0x03c8,0x04ae,0x04ae,0x063e,0x063e,0x0815,0x0815,0x0b54,0x0b54,0x0f08,0x0f08,0x1574,0x1574,0x1db9,0x1db9,0x2dbe,0x2dbe,0x43e3,0x43e3,
	0x0111,0x0183,0x012e,0x01d9,0x0184,0x021d,0x01cc,0x0261,0x0222,0x02ce,0x0296,0x034a,0x0338,0x041b,0x0418,0x0503,0x0549,0x0693,0x06ff,0x0866,0x0972,0x0ba0,0x0cf0,0x0f50,0x11d6,0x15bb,0x1924,0x1df7,0x24bc,0x2de7,0x3799,0x43ec,
	0x0183,0x0183,0x01d9,0x01d9,0x021d,0x021d,0x0261,0x0261,0x02ce,0x02ce,0x034a,0x034a,0x041b,0x041b,0x0503,0x0503,0x0693,0x0693,0x0866,0x0866,0x0ba0,0x0ba0,0x0f50,0x0f50,0x15bb,0x15bb,0x1df7,0x1df7,0x2de7,0x2de7,0x43ec,0x43ec,
	0x0163,0x01c6,0x0184,0x021d,0x01d6,0x0262,0x021e,0x02a7,0x0274,0x0314,0x02e8,0x038f,0x0389,0x0462,0x0468,0x0549,0x0597,0x06d5,0x074b,0x08a7,0x09bd,0x0bdf,0x0d3a,0x0f8c,0x121b,0x15f2,0x1961,0x1e27,0x24f2,0x2e0b,0x37b6,0x43f2,
	0x01c6,0x01c6,0x021d,0x021d,0x0262,0x0262,0x02a7,0x02a7,0x0314,0x0314,0x038f,0x038f,0x0462,0x0462,0x0549,0x0549,0x06d5,0x06d5,0x08a7,0x08a7,0x0bdf,0x0bdf,0x0f8c,0x0f8c,0x15f2,0x15f2,0x1e27,0x1e27,0x2e0b,0x2e0b,0x43f2,0x43f2,
	0x01aa,0x020a,0x01cc,0x0261,0x021e,0x02a7,0x0263,0x02e9,0x02bb,0x0358,0x032e,0x03d2,0x03cf,0x04a5,0x04ad,0x058a,0x05db,0x0716,0x078f,0x08e9,0x09ff,0x0c1f,0x0d77,0x0fc6,0x1256,0x1627,0x199b,0x1e5b,0x251f,0x2e2d,0x37d0,0x43fb,
	0x020a,0x020a,0x0261,0x0261,0x02a7,0x02a7,0x02e9,0x02e9,0x0358,0x0358,0x03d2,0x03d2,0x04a5,0x04a5,0x058a,0x058a,0x0716,0x0716,0x08e9,0x08e9,0x0c1f,0x0c1f,0x0fc6,0x0fc6,0x1627,0x1627,0x1e5b,0x1e5b,0x2e2d,0x2e2d,0x43fb,0x43fb,
	0x0201,0x027a,0x0222,0x02ce,0x0274,0x0314,0x02bb,0x0358,0x0312,0x03c4,0x0383,0x043f,0x0426,0x050f,0x0502,0x05f5,0x0631,0x0780,0x07e2,0x0950,0x0a4f,0x0c82,0x0dc0,0x101e,0x129e,0x1680,0x19df,0x1eac,0x2556,0x2e67,0x37ec,0x4408,
	0x027a,0x027a,0x02ce,0x02ce,0x0314,0x0314,0x0358,0x0358,0x03c4,0x03c4,0x043f,0x043f,0x050f,0x050f,0x05f5,0x05f5,0x0780,0x0780,0x0950,0x0950,0x0c82,0x0c82,0x101e,0x101e,0x1680,0x1680,0x1eac,0x1eac,0x2e67,0x2e67,0x4408,0x4408,
	0x0273,0x02f3,0x0296,0x034a,0x02e8,0x038f,0x032e,0x03d2,0x0383,0x043f,0x03f8,0x04b7,0x0499,0x0589,0x0574,0x0669,0x06a3,0x07f6,0x0852,0x09c6,0x0abd,0x0cf2,0x0e1d,0x106f,0x1302,0x16e9,0x1a37,0x1f06,0x25a2,0x2eaa,0x3813,0x441a,
	0x02f3,0x02f3,0x034a,0x034a,0x038f,0x038f,0x03d2,0x03d2,0x043f,0x043f,0x04b7,0x04b7,0x0589,0x0589,0x0669,0x0669,0x07f6,0x07f6,0x09c6,0x09c6,0x0cf2,0x0cf2,0x106f,0x106f,0x16e9,0x16e9,0x1f06,0x1f06,0x2eaa,0x2eaa,0x441a,0x441a,
	0x0317,0x03c8,0x0338,0x041b,0x0389,0x0462,0x03cf,0x04a5,0x0426,0x050f,0x0499,0x0589,0x0534,0x0650,0x0611,0x0733,0x073c,0x08ba,0x08e9,0x0a83,0x0b51,0x0dab,0x0e9f,0x1105,0x1381,0x178b,0x1ab4,0x1f9e,0x2608,0x2f1a,0x384a,0x443e,
	0x03c8,0x03c8,0x041b,0x041b,0x0462,0x0462,0x04a5,0x04a5,0x050f,0x050f,0x0589,0x0589,0x0650,0x0650,0x0733,0x0733,0x08ba,0x08ba,0x0a83,0x0a83,0x0dab,0x0dab,0x1105,0x1105,0x178b,0x178b,0x1f9e,0x1f9e,0x2f1a,0x2f1a,0x443e,0x443e,
	0x03f5,0x04ae,0x0418,0x0503,0x0468,0x0549,0x04ad,0x058a,0x0502,0x05f5,0x0574,0x0669,0x0611,0x0733,0x06e7,0x0814,0x0810,0x0997,0x09b8,0x0b5c,0x0c20,0x0e84,0x0f64,0x11d4,0x1423,0x1850,0x1b5e,0x204b,0x269f,0x2fa5,0x38a5,0x4472,
	0x04ae,0x04ae,0x0503,0x0503,0x0549,0x0549,0x058a,0x058a,0x05f5,0x05f5,0x0669,0x0669,0x0733,0x0733,0x0814,0x0814,0x0997,0x0997,0x0b5c,0x0b5c,0x0e84,0x0e84,0x11d4,0x11d4,0x1850,0x1850,0x204b,0x204b,0x2fa5,0x2fa5,0x4472,0x4472,
	0x0526,0x063e,0x0549,0x0693,0x0597,0x06d5,0x05db,0x0716,0x0631,0x0780,0x06a3,0x07f6,0x073c,0x08ba,0x0810,0x0997,0x093c,0x0b1c,0x0ae1,0x0cde,0x0d36,0x0fed,0x107a,0x1337,0x1529,0x19a4,0x1c58,0x2180,0x2771,0x30a0,0x392c,0x44e9,
	0x063e,0x063e,0x0693,0x0693,0x06d5,0x06d5,0x0716,0x0716,0x0780,0x0780,0x07f6,0x07f6,0x08ba,0x08ba,0x0997,0x0997,0x0b1c,0x0b1c,0x0cde,0x0cde,0x0fed,0x0fed,0x1337,0x1337,0x19a4,0x19a4,0x2180,0x2180,0x30a0,0x30a0,0x44e9,0x44e9,
	0x06dc,0x0815,0x06ff,0x0866,0x074b,0x08a7,0x078f,0x08e9,0x07e2,0x0950,0x0852,0x09c6,0x08e9,0x0a83,0x09b8,0x0b5c,0x0ae1,0x0cde,0x0c82,0x0e98,0x0eba,0x1162,0x1203,0x14dc,0x16a6,0x1b35,0x1daa,0x22c1,0x28b3,0x31d9,0x3a0e,0x459b,
	0x0815,0x0815,0x0866,0x0866,0x08a7,0x08a7,0x08e9,0x08e9,0x0950,0x0950,0x09c6,0x09c6,0x0a83,0x0a83,0x0b5c,0x0b5c,0x0cde,0x0cde,0x0e98,0x0e98,0x1162,0x1162,0x14dc,0x14dc,0x1b35,0x1b35,0x22c1,0x22c1,0x31d9,0x31d9,0x459b,0x459b,
	0x0953,0x0b54,0x0972,0x0ba0,0x09bd,0x0bdf,0x09ff,0x0c1f,0x0a4f,0x0c82,0x0abd,0x0cf2,0x0b51,0x0dab,0x0c20,0x0e84,0x0d36,0x0fed,0x0eba,0x1162,0x10fa,0x1445,0x1418,0x17b4,0x18c5,0x1de9,0x1fab,0x254f,0x2a5a,0x3403,0x3b68,0x4710,
	0x0b54,0x0b54,0x0ba0,0x0ba0,0x0bdf,0x0bdf,0x0c1f,0x0c1f,0x0c82,0x0c82,0x0cf2,0x0cf2,0x0dab,0x0dab,0x0e84,0x0e84,0x0fed,0x0fed,0x1162,0x1162,0x1445,0x1445,0x17b4,0x17b4,0x1de9,0x1de9,0x254f,0x254f,0x3403,0x3403,0x4710,0x4710,
	0x0cd1,0x0f08,0x0cf0,0x0f50,0x0d3a,0x0f8c,0x0d77,0x0fc6,0x0dc0,0x101e,0x0e1d,0x106f,0x0e9f,0x1105,0x0f64,0x11d4,0x107a,0x1337,0x1203,0x14dc,0x1418,0x17b4,0x173a,0x1b17,0x1bd3,0x2124,0x229b,0x286d,0x2d05,0x36b5,0x3d8e,0x490d,
	0x0f08,0x0f08,0x0f50,0x0f50,0x0f8c,0x0f8c,0x0fc6,0x0fc6,0x101e,0x101e,0x106f,0x106f,0x1105,0x1105,0x11d4,0x11d4,0x1337,0x1337,0x14dc,0x14dc,0x17b4,0x17b4,0x1b17,0x1b17,0x2124,0x2124,0x286d,0x286d,0x36b5,0x36b5,0x490d,0x490d,
	0x11b8,0x1574,0x11d6,0x15bb,0x121b,0x15f2,0x1256,0x1627,0x129e,0x1680,0x1302,0x16e9,0x1381,0x178b,0x1423,0x1850,0x1529,0x19a4,0x16a6,0x1b35,0x18c5,0x1de9,0x1bd3,0x2124,0x2046,0x26ea,0x26fb,0x2e39,0x312b,0x3c28,0x4119,0x4daa,
	0x1574,0x1574,0x15bb,0x15bb,0x15f2,0x15f2,0x1627,0x1627,0x1680,0x1680,0x16e9,0x16e9,0x178b,0x178b,0x1850,0x1850,0x19a4,0x19a4,0x1b35,0x1b35,0x1de9,0x1de9,0x2124,0x2124,0x26ea,0x26ea,0x2e39,0x2e39,0x3c28,0x3c28,0x4daa,0x4daa,
	0x190a,0x1db9,0x1924,0x1df7,0x1961,0x1e27,0x199b,0x1e5b,0x19df,0x1eac,0x1a37,0x1f06,0x1ab4,0x1f9e,0x1b5e,0x204b,0x1c58,0x2180,0x1daa,0x22c1,0x1fab,0x254f,0x229b,0x286d,0x26fb,0x2e39,0x2d5b,0x3533,0x3798,0x4326,0x46f3,0x53d0,
	0x1db9,0x1db9,0x1df7,0x1df7,0x1e27,0x1e27,0x1e5b,0x1e5b,0x1eac,0x1eac,0x1f06,0x1f06,0x1f9e,0x1f9e,0x204b,0x204b,0x2180,0x2180,0x22c1,0x22c1,0x254f,0x254f,0x286d,0x286d,0x2e39,0x2e39,0x3533,0x3533,0x4326,0x4326,0x53d0,0x53d0,
	0x24ab,0x2dbe,0x24bc,0x2de7,0x24f2,0x2e0b,0x251f,0x2e2d,0x2556,0x2e67,0x25a2,0x2eaa,0x2608,0x2f1a,0x269f,0x2fa5,0x2771,0x30a0,0x28b3,0x31d9,0x2a5a,0x3403,0x2d05,0x36b5,0x312b,0x3c28,0x3798,0x4326,0x4106,0x4fad,0x4fd9,0x5f04,
	0x2dbe,0x2dbe,0x2de7,0x2de7,0x2e0b,0x2e0b,0x2e2d,0x2e2d,0x2e67,0x2e67,0x2eaa,0x2eaa,0x2f1a,0x2f1a,0x2fa5,0x2fa5,0x30a0,0x30a0,0x31d9,0x31d9,0x3403,0x3403,0x36b5,0x36b5,0x3c28,0x3c28,0x4326,0x4326,0x4fad,0x4fad,0x5f04,0x5f04,
	0x3795,0x43e3,0x3799,0x43ec,0x37b6,0x43f2,0x37d0,0x43fb,0x37ec,0x4408,0x3813,0x441a,0x384a,0x443e,0x38a5,0x4472,0x392c,0x44e9,0x3a0e,0x459b,0x3b68,0x4710,0x3d8e,0x490d,0x4119,0x4daa,0x46f3,0x53d0,0x4fd9,0x5f04,0x5d1f,0x6cd9,
	0x43e3,0x43e3,0x43ec,0x43ec,0x43f2,0x43f2,0x43fb,0x43fb,0x4408,0x4408,0x441a,0x441a,0x443e,0x443e,0x4472,0x4472,0x44e9,0x44e9,0x459b,0x459b,0x4710,0x4710,0x490d,0x490d,0x4daa,0x4daa,0x53d0,0x53d0,0x5f04,0x5f04,0x6cd9,0x6cd9,
	0x012c,0x012c,0x0183,0x0183,0x01c6,0x01c6,0x020a,0x020a,0x027a,0x027a,0x02f3,0x02f3,0x03c8,0x03c8,0x04ae,0x04ae,0x063e,0x063e,0x0815,0x0815,0x0b54,0x0b54,0x0f08,0x0f08,0x1574,0x1574,0x1db9,0x1db9,0x2dbe,0x2dbe,0x43e3,0x43e3,
	0x012c,0x012c,0x0183,0x0183,0x01c6,0x01c6,0x020a,0x020a,0x027a,0x027a,0x02f3,0x02f3,0x03c8,0x03c8,0x04ae,0x04ae,0x063e,0x063e,0x0815,0x0815,0x0b54,0x0b54,0x0f08,0x0f08,0x1574,0x1574,0x1db9,0x1db9,0x2dbe,0x2dbe,0x43e3,0x43e3,
	0x0183,0x0183,0x01d9,0x01d9,0x021d,0x021d,0x0261,0x0261,0x02ce,0x02ce,0x034a,0x034a,0x041b,0x041b,0x0503,0x0503,0x0693,0x0693,0x0866,0x0866,0x0ba0,0x0ba0,0x0f50,0x0f50,0x15bb,0x15bb,0x1df7,0x1df7,0x2de7,0x2de7,0x43ec,0x43ec,
	0x0183,0x0183,0x01d9,0x01d9,0x021d,0x021d,0x0261,0x0261,0x02ce,0x02ce,0x034a,0x034a,0x041b,0x041b,0x0503,0x0503,0x0693,0x0693,0x0866,0x0866,0x0ba0,0x0ba0,0x0f50,0x0f50,0x15bb,0x15bb,0x1df7,0x1df7,0x2de7,0x2de7,0x43ec,0x43ec,
	0x01c6,0x01c6,0x021d,0x021d,0x0262,0x0262,0x02a7,0x02a7,0x0314,0x0314,0x038f,0x038f,0x0462,0x0462,0x0549,0x0549,0x06d5,0x06d5,0x08a7,0x08a7,0x0bdf,0x0bdf,0x0f8c,0x0f8c,0x15f2,0x15f2,0x1e27,0x1e27,0x2e0b,0x2e0b,0x43f2,0x43f2,
	0x01c6,0x01c6,0x021d,0x021d,0x0262,0x0262,0x02a7,0x02a7,0x0314,0x0314,0x038f,0x038f,0x0462,0x0462,0x0549,0x0549,0x06d5,0x06d5,0x08a7,0x08a7,0x0bdf,0x0bdf,0x0f8c,0x0f8c,0x15f2,0x15f2,0x1e27,0x1e27,0x2e0b,0x2e0b,0x43f2,0x43f2,
	0x020a,0x020a,0x0261,0x0261,0x02a7,0x02a7,0x02e9,0x02e9,0x0358,0x0358,0x03d2,0x03d2,0x04a5,0x04a5,0x058a,0x058a,0x0716,0x0716,0x08e9,0x08e9,0x0c1f,0x0c1f,0x0fc6,0x0fc6,0x1627,0x1627,0x1e5b,0x1e5b,0x2e2d,0x2e2d,0x43fb,0x43fb,
	0x020a,0x020a,0x0261,0x0261,0x02a7,0x02a7,0x02e9,0x02e9,0x0358,0x0358,0x03d2,0x03d2,0x04a5,0x04a5,0x058a,0x058a,0x0716,0x0716,0x08e9,0x08e9,0x0c1f,0x0c1f,0x0fc6,0x0fc6,0x1627,0x1627,0x1e5b,0x1e5b,0x2e2d,0x2e2d,0x43fb,0x43fb,
	0x027a,0x027a,0x02ce,0x02ce,0x0314,0x0314,0x0358,0x0358,0x03c4,0x03c4,0x043f,0x043f,0x050f,0x050f,0x05f5,0x05f5,0x0780,0x0780,0x0950,0x0950,0x0c82,0x0c82,0x101e,0x101e,0x1680,0x1680,0x1eac,0x1eac,0x2e67,0x2e67,0x4408,0x4408,
	0x027a,0x027a,0x02ce,0x02ce,0x0314,0x0314,0x0358,0x0358,0x03c4,0x03c4,0x043f,0x043f,0x050f,0x050f,0x05f5,0x05f5,0x0780,0x0780,0x0950,0x0950,0x0c82,0x0c82,0x101e,0x101e,0x1680,0x1680,0x1eac,0x1eac,0x2e67,0x2e67,0x4408,0x4408,
	0x02f3,0x02f3,0x034a,0x034a,0x038f,0x038f,0x03d2,0x03d2,0x043f,0x043f,0x04b7,0x04b7,0x0589,0x0589,0x0669,0x0669,0x07f6,0x07f6,0x09c6,0x09c6,0x0cf2,0x0cf2,0x106f,0x106f,0x16e9,0x16e9,0x1f06,0x1f06,0x2eaa,0x2eaa,0x441a,0x441a,
	0x02f3,0x02f3,0x034a,0x034a,0x038f,0x038f,0x03d2,0x03d2,0x043f,0x043f,0x04b7,0x04b7,0x0589,0x0589,0x0669,0x0669,0x07f6,0x07f6,0x09c6,0x09c6,0x0cf2,0x0cf2,0x106f,0x106f,0x16e9,0x16e9,0x1f06,0x1f06,0x2eaa,0x2eaa,0x441a,0x441a,
	0x03c8,0x03c8,0x041b,0x041b,0x0462,0x0462,0x04a5,0x04a5,0x050f,0x050f,0x0589,0x0589,0x0650,0x0650,0x0733,0x0733,0x08ba,0x08ba,0x0a83,0x0a83,0x0dab,0x0dab,0x1105,0x1105,0x178b,0x178b,0x1f9e,0x1f9e,0x2f1a,0x2f1a,0x443e,0x443e,
	0x03c8,0x03c8,0x041b,0x041b,0x0462,0x0462,0x04a5,0x04a5,0x050f,0x050f,0x0589,0x0589,0x0650,0x0650,0x0733,0x0733,0x08ba,0x08ba,0x0a83,0x0a83,0x0dab,0x0dab,0x1105,0x1105,0x178b,0x178b,0x1f9e,0x1f9e,0x2f1a,0x2f1a,0x443e,0x443e,
	0x04ae,0x04ae,0x0503,0x0503,0x0549,0x0549,0x058a,0x058a,0x05f5,0x05f5,0x0669,0x0669,0x0733,0x0733,0x0814,0x0814,0x0997,0x0997,0x0b5c,0x0b5c,0x0e84,0x0e84,0x11d4,0x11d4,0x1850,0x1850,0x204b,0x204b,0x2fa5,0x2fa5,0x4472,0x4472,
	0x04ae,0x04ae,0x0503,0x0503,0x0549,0x0549,0x058a,0x058a,0x05f5,0x05f5,0x0669,0x0669,0x0733,0x0733,0x0814,0x0814,0x0997,0x0997,0x0b5c,0x0b5c,0x0e84,0x0e84,0x11d4,0x11d4,0x1850,0x1850,0x204b,0x204b,0x2fa5,0x2fa5,0x4472,0x4472,
	0x063e,0x063e,0x0693,0x0693,0x06d5,0x06d5,0x0716,0x0716,0x0780,0x0780,0x07f6,0x07f6,0x08ba,0x08ba,0x0997,0x0997,0x0b1c,0x0b1c,0x0cde,0x0cde,0x0fed,0x0fed,0x1337,0x1337,0x19a4,0x19a4,0x2180,0x2180,0x30a0,0x30a0,0x44e9,0x44e9,
	0x063e,0x063e,0x0693,0x0693,0x06d5,0x06d5,0x0716,0x0716,0x0780,0x0780,0x07f6,0x07f6,0x08ba,0x08ba,0x0997,0x0997,0x0b1c,0x0b1c,0x0cde,0x0cde,0x0fed,0x0fed,0x1337,0x1337,0x19a4,0x19a4,0x2180,0x2180,0x30a0,0x30a0,0x44e9,0x44e9,
	0x0815,0x0815,0x0866,0x0866,0x08a7,0x08a7,0x08e9,0x08e9,0x0950,0x0950,0x09c6,0x09c6,0x0a83,0x0a83,0x0b5c,0x0b5c,0x0cde,0x0cde,0x0e98,0x0e98,0x1162,0x1162,0x14dc,0x14dc,0x1b35,0x1b35,0x22c1,0x22c1,0x31d9,0x31d9,0x459b,0x459b,
	0x0815,0x0815,0x0866,0x0866,0x08a7,0x08a7,0x08e9,0x08e9,0x0950,0x0950,0x09c6,0x09c6,0x0a83,0x0a83,0x0b5c,0x0b5c,0x0cde,0x0cde,0x0e98,0x0e98,0x1162,0x1162,0x14dc,0x14dc,0x1b35,0x1b35,0x22c1,0x22c1,0x31d9,0x31d9,0x459b,0x459b,
	0x0b54,0x0b54,0x0ba0,0x0ba0,0x0bdf,0x0bdf,0x0c1f,0x0c1f,0x0c82,0x0c82,0x0cf2,0x0cf2,0x0dab,0x0dab,0x0e84,0x0e84,0x0fed,0x0fed,0x1162,0x1162,0x1445,0x1445,0x17b4,0x17b4,0x1de9,0x1de9,0x254f,0x254f,0x3403,0x3403,0x4710,0x4710,
	0x0b54,0x0b54,0x0ba0,0x0ba0,0x0bdf,0x0bdf,0x0c1f,0x0c1f,0x0c82,0x0c82,0x0cf2,0x0cf2,0x0dab,0x0dab,0x0e84,0x0e84,0x0fed,0x0fed,0x1162,0x1162,0x1445,0x1445,0x17b4,0x17b4,0x1de9,0x1de9,0x254f,0x254f,0x3403,0x3403,0x4710,0x4710,
	0x0f08,0x0f08,0x0f50,0x0f50,0x0f8c,0x0f8c,0x0fc6,0x0fc6,0x101e,0x101e,0x106f,0x106f,0x1105,0x1105,0x11d4,0x11d4,0x1337,0x1337,0x14dc,0x14dc,0x17b4,0x17b4,0x1b17,0x1b17,0x2124,0x2124,0x286d,0x286d,0x36b5,0x36b5,0x490d,0x490d,
	0x0f08,0x0f08,0x0f50,0x0f50,0x0f8c,0x0f8c,0x0fc6,0x0fc6,0x101e,0x101e,0x106f,0x106f,0x1105,0x1105,0x11d4,0x11d4,0x1337,0x1337,0x14dc,0x14dc,0x17b4,0x17b4,0x1b17,0x1b17,0x2124,0x2124,0x286d,0x286d,0x36b5,0x36b5,0x490d,0x490d,
	0x1574,0x1574,0x15bb,0x15bb,0x15f2,0x15f2,0x1627,0x1627,0x1680,0x1680,0x16e9,0x16e9,0x178b,0x178b,0x1850,0x1850,0x19a4,0x19a4,0x1b35,0x1b35,0x1de9,0x1de9,0x2124,0x2124,0x26ea,0x26ea,0x2e39,0x2e39,0x3c28,0x3c28,0x4daa,0x4daa,
	0x1574,0x1574,0x15bb,0x15bb,0x15f2,0x15f2,0x1627,0x1627,0x1680,0x1680,0x16e9,0x16e9,0x178b,0x178b,0x1850,0x1850,0x19a4,0x19a4,0x1b35,0x1b35,0x1de9,0x1de9,0x2124,0x2124,0x26ea,0x26ea,0x2e39,0x2e39,0x3c28,0x3c28,0x4daa,0x4daa,
	0x1db9,0x1db9,0x1df7,0x1df7,0x1e27,0x1e27,0x1e5b,0x1e5b,0x1eac,0x1eac,0x1f06,0x1f06,0x1f9e,0x1f9e,0x204b,0x204b,0x2180,0x2180,0x22c1,0x22c1,0x254f,0x254f,0x286d,0x286d,0x2e39,0x2e39,0x3533,0x3533,0x4326,0x4326,0x53d0,0x53d0,
	0x1db9,0x1db9,0x1df7,0x1df7,0x1e27,0x1e27,0x1e5b,0x1e5b,0x1eac,0x1eac,0x1f06,0x1f06,0x1f9e,0x1f9e,0x204b,0x204b,0x2180,0x2180,0x22c1,0x22c1,0x254f,0x254f,0x286d,0x286d,0x2e39,0x2e39,0x3533,0x3533,0x4326,0x4326,0x53d0,0x53d0,
	0x2dbe,0x2dbe,0x2de7,0x2de7,0x2e0b,0x2e0b,0x2e2d,0x2e2d,0x2e67,0x2e67,0x2eaa,0x2eaa,0x2f1a,0x2f1a,0x2fa5,0x2fa5,0x30a0,0x30a0,0x31d9,0x31d9,0x3403,0x3403,0x36b5,0x36b5,0x3c28,0x3c28,0x4326,0x4326,0x4fad,0x4fad,0x5f04,0x5f04,
	0x2dbe,0x2dbe,0x2de7,0x2de7,0x2e0b,0x2e0b,0x2e2d,0x2e2d,0x2e67,0x2e67,0x2eaa,0x2eaa,0x2f1a,0x2f1a,0x2fa5,0x2fa5,0x30a0,0x30a0,0x31d9,0x31d9,0x3403,0x3403,0x36b5,0x36b5,0x3c28,0x3c28,0x4326,0x4326,0x4fad,0x4fad,0x5f04,0x5f04,
	0x43e3,0x43e3,0x43ec,0x43ec,0x43f2,0x43f2,0x43fb,0x43fb,0x4408,0x4408,0x441a,0x441a,0x443e,0x443e,0x4472,0x4472,0x44e9,0x44e9,0x459b,0x459b,0x4710,0x4710,0x490d,0x490d,0x4daa,0x4daa,0x53d0,0x53d0,0x5f04,0x5f04,0x6cd9,0x6cd9,
	0x43e3,0x43e3,0x43ec,0x43ec,0x43f2,0x43f2,0x43fb,0x43fb,0x4408,0x4408,0x441a,0x441a,0x443e,0x443e,0x4472,0x4472,0x44e9,0x44e9,0x459b,0x459b,0x4710,0x4710,0x490d,0x490d,0x4daa,0x4daa,0x53d0,0x53d0,0x5f04,0x5f04,0x6cd9,0x6cd9,
	0x0163,0x01a6,0x0186,0x01fb,0x01d8,0x0241,0x021d,0x0287,0x0273,0x02f3,0x02ea,0x036f,0x038b,0x0442,0x046a,0x0529,0x059b,0x06b7,0x074d,0x088b,0x09bf,0x0bc3,0x0d38,0x0f6e,0x121d,0x15d5,0x1966,0x1e13,0x24f9,0x2dfe,0x37c0,0x43f3,
	0x01a6,0x01a6,0x01fb,0x01fb,0x0241,0x0241,0x0287,0x0287,0x02f3,0x02f3,0x036f,0x036f,0x0442,0x0442,0x0529,0x0529,0x06b7,0x06b7,0x088b,0x088b,0x0bc3,0x0bc3,0x0f6e,0x0f6e,0x15d5,0x15d5,0x1e13,0x1e13,0x2dfe,0x2dfe,0x43f3,0x43f3,
	0x0186,0x01fb,0x01a5,0x0251,0x01fa,0x0296,0x0240,0x02db,0x0296,0x034a,0x030d,0x03c3,0x03ad,0x0495,0x048c,0x057a,0x05bc,0x0708,0x076f,0x08dc,0x09e0,0x0c12,0x0d56,0x0fb5,0x123a,0x161c,0x1981,0x1e52,0x250a,0x2e29,0x37c3,0x43fa,
	0x01fb,0x01fb,0x0251,0x0251,0x0296,0x0296,0x02db,0x02db,0x034a,0x034a,0x03c3,0x03c3,0x0495,0x0495,0x057a,0x057a,0x0708,0x0708,0x08dc,0x08dc,0x0c12,0x0c12,0x0fb5,0x0fb5,0x161c,0x161c,0x1e52,0x1e52,0x2e29,0x2e29,0x43fa,0x43fa,
	0x01d8,0x0241,0x01fa,0x0296,0x024c,0x02db,0x0292,0x0321,0x02e8,0x038f,0x035d,0x0409,0x03fe,0x04da,0x04db,0x05bf,0x060c,0x074d,0x07bd,0x091e,0x0a2b,0x0c50,0x0d9c,0x0ff0,0x127e,0x1656,0x19c0,0x1e84,0x253f,0x2e4c,0x37df,0x4402,
	0x0241,0x0241,0x0296,0x0296,0x02db,0x02db,0x0321,0x0321,0x038f,0x038f,0x0409,0x0409,0x04da,0x04da,0x05bf,0x05bf,0x074d,0x074d,0x091e,0x091e,0x0c50,0x0c50,0x0ff0,0x0ff0,0x1656,0x1656,0x1e84,0x1e84,0x2e4c,0x2e4c,0x4402,0x4402,
	0x021d,0x0287,0x0240,0x02db,0x0292,0x0321,0x02d8,0x0367,0x032e,0x03d2,0x03a2,0x044b,0x0444,0x051e,0x0520,0x0600,0x0651,0x078e,0x0800,0x095f,0x0a6d,0x0c91,0x0dd9,0x1029,0x12b9,0x168e,0x19f5,0x1eb6,0x256a,0x2e6f,0x37f9,0x440c,
	0x0287,0x0287,0x02db,0x02db,0x0321,0x0321,0x0367,0x0367,0x03d2,0x03d2,0x044b,0x044b,0x051e,0x051e,0x0600,0x0600,0x078e,0x078e,0x095f,0x095f,0x0c91,0x0c91,0x1029,0x1029,0x168e,0x168e,0x1eb6,0x1eb6,0x2e6f,0x2e6f,0x440c,0x440c,
	0x0273,0x02f3,0x0296,0x034a,0x02e8,0x038f,0x032e,0x03d2,0x0383,0x043f,0x03f8,0x04b7,0x0499,0x0589,0x0574,0x0669,0x06a3,0x07f6,0x0852,0x09c6,0x0abd,0x0cf2,0x0e1d,0x106f,0x1302,0x16e9,0x1a37,0x1f06,0x25a2,0x2eaa,0x3813,0x441a,
	0x02f3,0x02f3,0x034a,0x034a,0x038f,0x038f,0x03d2,0x03d2,0x043f,0x043f,0x04b7,0x04b7,0x0589,0x0589,0x0669,0x0669,0x07f6,0x07f6,0x09c6,0x09c6,0x0cf2,0x0cf2,0x106f,0x106f,0x16e9,0x16e9,0x1f06,0x1f06,0x2eaa,0x2eaa,0x441a,0x441a,
	0x02ea,0x036f,0x030d,0x03c3,0x035d,0x0409,0x03a2,0x044b,0x03f8,0x04b7,0x046b,0x0530,0x050c,0x0600,0x05e6,0x06e1,0x0714,0x086a,0x08c0,0x0a37,0x0b29,0x0d60,0x0e7b,0x10c4,0x1361,0x174d,0x1a91,0x1f5f,0x25ef,0x2eeb,0x383f,0x442e,
	0x036f,0x036f,0x03c3,0x03c3,0x0409,0x0409,0x044b,0x044b,0x04b7,0x04b7,0x0530,0x0530,0x0600,0x0600,0x06e1,0x06e1,0x086a,0x086a,0x0a37,0x0a37,0x0d60,0x0d60,0x10c4,0x10c4,0x174d,0x174d,0x1f5f,0x1f5f,0x2eeb,0x2eeb,0x442e,0x442e,
	0x038b,0x0442,0x03ad,0x0495,0x03fe,0x04da,0x0444,0x051e,0x0499,0x0589,0x050c,0x0600,0x05a7,0x06c7,0x0682,0x07a9,0x07aa,0x092c,0x0956,0x0af3,0x0bbc,0x0e18,0x0f04,0x116c,0x13d3,0x17ec,0x1b0f,0x1ff6,0x2654,0x2f5b,0x3876,0x4451,
	0x0442,0x0442,0x0495,0x0495,0x04da,0x04da,0x051e,0x051e,0x0589,0x0589,0x0600,0x0600,0x06c7,0x06c7,0x07a9,0x07a9,0x092c,0x092c,0x0af3,0x0af3,0x0e18,0x0e18,0x116c,0x116c,0x17ec,0x17ec,0x1ff6,0x1ff6,0x2f5b,0x2f5b,0x4451,0x4451,
	0x046a,0x0529,0x048c,0x057a,0x04db,0x05bf,0x0520,0x0600,0x0574,0x0669,0x05e6,0x06e1,0x0682,0x07a9,0x0756,0x0888,0x0880,0x0a0b,0x0a25,0x0bcc,0x0c86,0x0eed,0x0fc8,0x123a,0x1480,0x18b2,0x1bb6,0x20a0,0x26e8,0x2fe2,0x38ce,0x4484,
	0x0529,0x0529,0x057a,0x057a,0x05bf,0x05bf,0x0600,0x0600,0x0669,0x0669,0x06e1,0x06e1,0x07a9,0x07a9,0x0888,0x0888,0x0a0b,0x0a0b,0x0bcc,0x0bcc,0x0eed,0x0eed,0x123a,0x123a,0x18b2,0x18b2,0x20a0,0x20a0,0x2fe2,0x2fe2,0x4484,0x4484,
	0x059b,0x06b7,0x05bc,0x0708,0x060c,0x074d,0x0651,0x078e,0x06a3,0x07f6,0x0714,0x086a,0x07aa,0x092c,0x0880,0x0a0b,0x09a8,0x0b8d,0x0b4a,0x0d4b,0x0d9a,0x104a,0x10df,0x139c,0x1588,0x1a02,0x1ca7,0x21c6,0x27b8,0x30db,0x3952,0x44f8,
	0x06b7,0x06b7,0x0708,0x0708,0x074d,0x074d,0x078e,0x078e,0x07f6,0x07f6,0x086a,0x086a,0x092c,0x092c,0x0a0b,0x0a0b,0x0b8d,0x0b8d,0x0d4b,0x0d4b,0x104a,0x104a,0x139c,0x139c,0x1a02,0x1a02,0x21c6,0x21c6,0x30db,0x30db,0x44f8,0x44f8,
	0x074d,0x088b,0x076f,0x08dc,0x07bd,0x091e,0x0800,0x095f,0x0852,0x09c6,0x08c0,0x0a37,0x0956,0x0af3,0x0a25,0x0bcc,0x0b4a,0x0d4b,0x0ce9,0x0f01,0x0f1f,0x11c7,0x1264,0x153e,0x1703,0x1b90,0x1dfc,0x2312,0x28f4,0x3212,0x3a33,0x45a9,
	0x088b,0x088b,0x08dc,0x08dc,0x091e,0x091e,0x095f,0x095f,0x09c6,0x09c6,0x0a37,0x0a37,0x0af3,0x0af3,0x0bcc,0x0bcc,0x0d4b,0x0d4b,0x0f01,0x0f01,0x11c7,0x11c7,0x153e,0x153e,0x1b90,0x1b90,0x2312,0x2312,0x3212,0x3212,0x45a9,0x45a9,
	0x09bf,0x0bc3,0x09e0,0x0c12,0x0a2b,0x0c50,0x0a6d,0x0c91,0x0abd,0x0cf2,0x0b29,0x0d60,0x0bbc,0x0e18,0x0c86,0x0eed,0x0d9a,0x104a,0x0f1f,0x11c7,0x115c,0x14a8,0x1474,0x1813,0x191e,0x1e3f,0x1ffb,0x2599,0x2a9a,0x343a,0x3b88,0x471a,
	0x0bc3,0x0bc3,0x0c12,0x0c12,0x0c50,0x0c50,0x0c91,0x0c91,0x0cf2,0x0cf2,0x0d60,0x0d60,0x0e18,0x0e18,0x0eed,0x0eed,0x104a,0x104a,0x11c7,0x11c7,0x14a8,0x14a8,0x1813,0x1813,0x1e3f,0x1e3f,0x2599,0x2599,0x343a,0x343a,0x471a,0x471a,
	0x0d38,0x0f6e,0x0d56,0x0fb5,0x0d9c,0x0ff0,0x0dd9,0x1029,0x0e1d,0x106f,0x0e7b,0x10c4,0x0f04,0x116c,0x0fc8,0x123a,0x10df,0x139c,0x1264,0x153e,0x1474,0x1813,0x1795,0x1b71,0x1c28,0x2173,0x22e3,0x28b1,0x2d3e,0x36de,0x3da7,0x4915,
	0x0f6e,0x0f6e,0x0fb5,0x0fb5,0x0ff0,0x0ff0,0x1029,0x1029,0x106f,0x106f,0x10c4,0x10c4,0x116c,0x116c,0x123a,0x123a,0x139c,0x139c,0x153e,0x153e,0x1813,0x1813,0x1b71,0x1b71,0x2173,0x2173,0x28b1,0x28b1,0x36de,0x36de,0x4915,0x4915,
	0x121d,0x15d5,0x123a,0x161c,0x127e,0x1656,0x12b9,0x168e,0x1302,0x16e9,0x1361,0x174d,0x13d3,0x17ec,0x1480,0x18b2,0x1588,0x1a02,0x1703,0x1b90,0x191e,0x1e3f,0x1c28,0x2173,0x2094,0x272f,0x273c,0x2e73,0x315c,0x3c46,0x412f,0x4dac,
	0x15d5,0x15d5,0x161c,0x161c,0x1656,0x1656,0x168e,0x168e,0x16e9,0x16e9,0x174d,0x174d,0x17ec,0x17ec,0x18b2,0x18b2,0x1a02,0x1a02,0x1b90,0x1b90,0x1e3f,0x1e3f,0x2173,0x2173,0x272f,0x272f,0x2e73,0x2e73,0x3c46,0x3c46,0x4dac,0x4dac,
	0x1966,0x1e13,0x1981,0x1e52,0x19c0,0x1e84,0x19f5,0x1eb6,0x1a37,0x1f06,0x1a91,0x1f5f,0x1b0f,0x1ff6,0x1bb6,0x20a0,0x1ca7,0x21c6,0x1dfc,0x2312,0x1ffb,0x2599,0x22e3,0x28b1,0x273c,0x2e73,0x2d91,0x355d,0x37bc,0x4335,0x4701,0x53d1,
	0x1e13,0x1e13,0x1e52,0x1e52,0x1e84,0x1e84,0x1eb6,0x1eb6,0x1f06,0x1f06,0x1f5f,0x1f5f,0x1ff6,0x1ff6,0x20a0,0x20a0,0x21c6,0x21c6,0x2312,0x2312,0x2599,0x2599,0x28b1,0x28b1,0x2e73,0x2e73,0x355d,0x355d,0x4335,0x4335,0x53d1,0x53d1,
	0x24f9,0x2dfe,0x250a,0x2e29,0x253f,0x2e4c,0x256a,0x2e6f,0x25a2,0x2eaa,0x25ef,0x2eeb,0x2654,0x2f5b,0x26e8,0x2fe2,0x27b8,0x30db,0x28f4,0x3212,0x2a9a,0x343a,0x2d3e,0x36de,0x315c,0x3c46,0x37bc,0x4335,0x411b,0x4faf,0x4fe0,0x5f04,
	0x2dfe,0x2dfe,0x2e29,0x2e29,0x2e4c,0x2e4c,0x2e6f,0x2e6f,0x2eaa,0x2eaa,0x2eeb,0x2eeb,0x2f5b,0x2f5b,0x2fe2,0x2fe2,0x30db,0x30db,0x3212,0x3212,0x343a,0x343a,0x36de,0x36de,0x3c46,0x3c46,0x4335,0x4335,0x4faf,0x4faf,0x5f04,0x5f04,
	0x37c0,0x43f3,0x37c3,0x43fa,0x37df,0x4402,0x37f9,0x440c,0x3813,0x441a,0x383f,0x442e,0x3876,0x4451,0x38ce,0x4484,0x3952,0x44f8,0x3a33,0x45a9,0x3b88,0x471a,0x3da7,0x4915,0x412f,0x4dac,0x4701,0x53d1,0x4fe0,0x5f04,0x5d20,0x6cd9,
	0x43f3,0x43f3,0x43fa,0x43fa,0x4402,0x4402,0x440c,0x440c,0x441a,0x441a,0x442e,0x442e,0x4451,0x4451,0x4484,0x4484,0x44f8,0x44f8,0x45a9,0x45a9,0x471a,0x471a,0x4915,0x4915,0x4dac,0x4dac,0x53d1,0x53d1,0x5f04,0x5f04,0x6cd9,0x6cd9,
	0x01a6,0x01a6,0x01fb,0x01fb,0x0241,0x0241,0x0287,0x0287,0x02f3,0x02f3,0x036f,0x036f,0x0442,0x0442,0x0529,0x0529,0x06b7,0x06b7,0x088b,0x088b,0x0bc3,0x0bc3,0x0f6e,0x0f6e,0x15d5,0x15d5,0x1e13,0x1e13,0x2dfe,0x2dfe,0x43f3,0x43f3,
	0x01a6,0x01a6,0x01fb,0x01fb,0x0241,0x0241,0x0287,0x0287,0x02f3,0x02f3,0x036f,0x036f,0x0442,0x0442,0x0529,0x0529,0x06b7,0x06b7,0x088b,0x088b,0x0bc3,0x0bc3,0x0f6e,0x0f6e,0x15d5,0x15d5,0x1e13,0x1e13,0x2dfe,0x2dfe,0x43f3,0x43f3,
	0x01fb,0x01fb,0x0251,0x0251,0x0296,0x0296,0x02db,0x02db,0x034a,0x034a,0x03c3,0x03c3,0x0495,0x0495,0x057a,0x057a,0x0708,0x0708,0x08dc,0x08dc,0x0c12,0x0c12,0x0fb5,0x0fb5,0x161c,0x161c,0x1e52,0x1e52,0x2e29,0x2e29,0x43fa,0x43fa,
	0x01fb,0x01fb,0x0251,0x0251,0x0296,0x0296,0x02db,0x02db,0x034a,0x034a,0x03c3,0x03c3,0x0495,0x0495,0x057a,0x057a,0x0708,0x0708,0x08dc,0x08dc,0x0c12,0x0c12,0x0fb5,0x0fb5,0x161c,0x161c,0x1e52,0x1e52,0x2e29,0x2e29,0x43fa,0x43fa,
	0x0241,0x0241,0x0296,0x0296,0x02db,0x02db,0x0321,0x0321,0x038f,0x038f,0x0409,0x0409,0x04da,0x04da,0x05bf,0x05bf,0x074d,0x074d,0x091e,0x091e,0x0c50,0x0c50,0x0ff0,0x0ff0,0x1656,0x1656,0x1e84,0x1e84,0x2e4c,0x2e4c,0x4402,0x4402,
	0x0241,0x0241,0x0296,0x0296,0x02db,0x02db,0x0321,0x0321,0x038f,0x038f,0x0409,0x0409,0x04da,0x04da,0x05bf,0x05bf,0x074d,0x074d,0x091e,0x091e,0x0c50,0x0c50,0x0ff0,0x0ff0,0x1656,0x1656,0x1e84,0x1e84,0x2e4c,0x2e4c,0x4402,0x4402,
	0x0287,0x0287,0x02db,0x02db,0x0321,0x0321,0x0367,0x0367,0x03d2,0x03d2,0x044b,0x044b,0x051e,0x051e,0x0600,0x0600,0x078e,0x078e,0x095f,0x095f,0x0c91,0x0c91,0x1029,0x1029,0x168e,0x168e,0x1eb6,0x1eb6,0x2e6f,0x2e6f,0x440c,0x440c,
	0x0287,0x0287,0x02db,0x02db,0x0321,0x0321,0x0367,0x0367,0x03d2,0x03d2,0x044b,0x044b,0x051e,0x051e,0x0600,0x0600,0x078e,0x078e,0x095f,0x095f,0x0c91,0x0c91,0x1029,0x1029,0x168e,0x168e,0x1eb6,0x1eb6,0x2e6f,0x2e6f,0x440c,0x440c,
	0x02f3,0x02f3,0x034a,0x034a,0x038f,0x038f,0x03d2,0x03d2,0x043f,0x043f,0x04b7,0x04b7,0x0589,0x0589,0x0669,0x0669,0x07f6,0x07f6,0x09c6,0x09c6,0x0cf2,0x0cf2,0x106f,0x106f,0x16e9,0x16e9,0x1f06,0x1f06,0x2eaa,0x2eaa,0x441a,0x441a,
	0x02f3,0x02f3,0x034a,0x034a,0x038f,0x038f,0x03d2,0x03d2,0x043f,0x043f,0x04b7,0x04b7,0x0589,0x0589,0x0669,0x0669,0x07f6,0x07f6,0x09c6,0x09c6,0x0cf2,0x0cf2,0x106f,0x106f,0x16e9,0x16e9,0x1f06,0x1f06,0x2eaa,0x2eaa,0x441a,0x441a,
	0x036f,0x036f,0x03c3,0x03c3,0x0409,0x0409,0x044b,0x044b,0x04b7,0x04b7,0x0530,0x0530,0x0600,0x0600,0x06e1,0x06e1,0x086a,0x086a,0x0a37,0x0a37,0x0d60,0x0d60,0x10c4,0x10c4,0x174d,0x174d,0x1f5f,0x1f5f,0x2eeb,0x2eeb,0x442e,0x442e,
	0x036f,0x036f,0x03c3,0x03c3,0x0409,0x0409,0x044b,0x044b,0x04b7,0x04b7,0x0530,0x0530,0x0600,0x0600,0x06e1,0x06e1,0x086a,0x086a,0x0a37,0x0a37,0x0d60,0x0d60,0x10c4,0x10c4,0x174d,0x174d,0x1f5f,0x1f5f,0x2eeb,0x2eeb,0x442e,0x442e,
	0x0442,0x0442,0x0495,0x0495,0x04da,0x04da,0x051e,0x051e,0x0589,0x0589,0x0600,0x0600,0x06c7,0x06c7,0x07a9,0x07a9,0x092c,0x092c,0x0af3,0x0af3,0x0e18,0x0e18,0x116c,0x116c,0x17ec,0x17ec,0x1ff6,0x1ff6,0x2f5b,0x2f5b,0x4451,0x4451,
	0x0442,0x0442,0x0495,0x0495,0x04da,0x04da,0x051e,0x051e,0x0589,0x0589,0x0600,0x0600,0x06c7,0x06c7,0x07a9,0x07a9,0x092c,0x092c,0x0af3,0x0af3,0x0e18,0x0e18,0x116c,0x116c,0x17ec,0x17ec,0x1ff6,0x1ff6,0x2f5b,0x2f5b,0x4451,0x4451,
	0x0529,0x0529,0x057a,0x057a,0x05bf,0x05bf,0x0600,0x0600,0x0669,0x0669,0x06e1,0x06e1,0x07a9,0x07a9,0x0888,0x0888,0x0a0b,0x0a0b,0x0bcc,0x0bcc,0x0eed,0x0eed,0x123a,0x123a,0x18b2,0x18b2,0x20a0,0x20a0,0x2fe2,0x2fe2,0x4484,0x4484,
	0x0529,0x0529,0x057a,0x057a,0x05bf,0x05bf,0x0600,0x0600,0x0669,0x0669,0x06e1,0x06e1,0x07a9,0x07a9,0x0888,0x0888,0x0a0b,0x0a0b,0x0bcc,0x0bcc,0x0eed,0x0eed,0x123a,0x123a,0x18b2,0x18b2,0x20a0,0x20a0,0x2fe2,0x2fe2,0x4484,0x4484,
	0x06b7,0x06b7,0x0708,0x0708,0x074d,0x074d,0x078e,0x078e,0x07f6,0x07f6,0x086a,0x086a,0x092c,0x092c,0x0a0b,0x0a0b,0x0b8d,0x0b8d,0x0d4b,0x0d4b,0x104a,0x104a,0x139c,0x139c,0x1a02,0x1a02,0x21c6,0x21c6,0x30db,0x30db,0x44f8,0x44f8,
	0x06b7,0x06b7,0x0708,0x0708,0x074d,0x074d,0x078e,0x078e,0x07f6,0x07f6,0x086a,0x086a,0x092c,0x092c,0x0a0b,0x0a0b,0x0b8d,0x0b8d,0x0d4b,0x0d4b,0x104a,0x104a,0x139c,0x139c,0x1a02,0x1a02,0x21c6,0x21c6,0x30db,0x30db,0x44f8,0x44f8,
	0x088b,0x088b,0x08dc,0x08dc,0x091e,0x091e,0x095f,0x095f,0x09c6,0x09c6,0x0a37,0x0a37,0x0af3,0x0af3,0x0bcc,0x0bcc,0x0d4b,0x0d4b,0x0f01,0x0f01,0x11c7,0x11c7,0x153e,0x153e,0x1b90,0x1b90,0x2312,0x2312,0x3212,0x3212,0x45a9,0x45a9,
	0x088b,0x088b,0x08dc,0x08dc,0x091e,0x091e,0x095f,0x095f,0x09c6,0x09c6,0x0a37,0x0a37,0x0af3,0x0af3,0x0bcc,0x0bcc,0x0d4b,0x0d4b,0x0f01,0x0f01,0x11c7,0x11c7,0x153e,0x153e,0x1b90,0x1b90,0x2312,0x2312,0x3212,0x3212,0x45a9,0x45a9,
	0x0bc3,0x0bc3,0x0c12,0x0c12,0x0c50,0x0c50,0x0c91,0x0c91,0x0cf2,0x0cf2,0x0d60,0x0d60,0x0e18,0x0e18,0x0eed,0x0eed,0x104a,0x104a,0x11c7,0x11c7,0x14a8,0x14a8,0x1813,0x1813,0x1e3f,0x1e3f,0x2599,0x2599,0x343a,0x343a,0x471a,0x471a,
	0x0bc3,0x0bc3,0x0c12,0x0c12,0x0c50,0x0c50,0x0c91,0x0c91,0x0cf2,0x0cf2,0x0d60,0x0d60,0x0e18,0x0e18,0x0eed,0x0eed,0x104a,0x104a,0x11c7,0x11c7,0x14a8,0x14a8,0x1813,0x1813,0x1e3f,0x1e3f,0x2599,0x2599,0x343a,0x343a,0x471a,0x471a,
	0x0f6e,0x0f6e,0x0fb5,0x0fb5,0x0ff0,0x0ff0,0x1029,0x1029,0x106f,0x106f,0x10c4,0x10c4,0x116c,0x116c,0x123a,0x123a,0x139c,0x139c,0x153e,0x153e,0x1813,0x1813,0x1b71,0x1b71,0x2173,0x2173,0x28b1,0x28b1,0x36de,0x36de,0x4915,0x4915,
	0x0f6e,0x0f6e,0x0fb5,0x0fb5,0x0ff0,0x0ff0,0x1029,0x1029,0x106f,0x106f,0x10c4,0x10c4,0x116c,0x116c,0x123a,0x123a,0x139c,0x139c,0x153e,0x153e,0x1813,0x1813,0x1b71,0x1b71,0x2173,0x2173,0x28b1,0x28b1,0x36de,0x36de,0x4915,0x4915,
	0x15d5,0x15d5,0x161c,0x161c,0x1656,0x1656,0x168e,0x168e,0x16e9,0x16e9,0x174d,0x174d,0x17ec,0x17ec,0x18b2,0x18b2,0x1a02,0x1a02,0x1b90,0x1b90,0x1e3f,0x1e3f,0x2173,0x2173,0x272f,0x272f,0x2e73,0x2e73,0x3c46,0x3c46,0x4dac,0x4dac,
	0x15d5,0x15d5,0x161c,0x161c,0x1656,0x1656,0x168e,0x168e,0x16e9,0x16e9,0x174d,0x174d,0x17ec,0x17ec,0x18b2,0x18b2,0x1a02,0x1a02,0x1b90,0x1b90,0x1e3f,0x1e3f,0x2173,0x2173,0x272f,0x272f,0x2e73,0x2e73,0x3c46,0x3c46,0x4dac,0x4dac,
	0x1e13,0x1e13,0x1e52,0x1e52,0x1e84,0x1e84,0x1eb6,0x1eb6,0x1f06,0x1f06,0x1f5f,0x1f5f,0x1ff6,0x1ff6,0x20a0,0x20a0,0x21c6,0x21c6,0x2312,0x2312,0x2599,0x2599,0x28b1,0x28b1,0x2e73,0x2e73,0x355d,0x355d,0x4335,0x4335,0x53d1,0x53d1,
	0x1e13,0x1e13,0x1e52,0x1e52,0x1e84,0x1e84,0x1eb6,0x1eb6,0x1f06,0x1f06,0x1f5f,0x1f5f,0x1ff6,0x1ff6,0x20a0,0x20a0,0x21c6,0x21c6,0x2312,0x2312,0x2599,0x2599,0x28b1,0x28b1,0x2e73,0x2e73,0x355d,0x355d,0x4335,0x4335,0x53d1,0x53d1,
	0x2dfe,0x2dfe,0x2e29,0x2e29,0x2e4c,0x2e4c,0x2e6f,0x2e6f,0x2eaa,0x2eaa,0x2eeb,0x2eeb,0x2f5b,0x2f5b,0x2fe2,0x2fe2,0x30db,0x30db,0x3212,0x3212,0x343a,0x343a,0x36de,0x36de,0x3c46,0x3c46,0x4335,0x4335,0x4faf,0x4faf,0x5f04,0x5f04,
	0x2dfe,0x2dfe,0x2e29,0x2e29,0x2e4c,0x2e4c,0x2e6f,0x2e6f,0x2eaa,0x2eaa,0x2eeb,0x2eeb,0x2f5b,0x2f5b,0x2fe2,0x2fe2,0x30db,0x30db,0x3212,0x3212,0x343a,0x343a,0x36de,0x36de,0x3c46,0x3c46,0x4335,0x4335,0x4faf,0x4faf,0x5f04,0x5f04,
	0x43f3,0x43f3,0x43fa,0x43fa,0x4402,0x4402,0x440c,0x440c,0x441a,0x441a,0x442e,0x442e,0x4451,0x4451,0x4484,0x4484,0x44f8,0x44f8,0x45a9,0x45a9,0x471a,0x471a,0x4915,0x4915,0x4dac,0x4dac,0x53d1,0x53d1,0x5f04,0x5f04,0x6cd9,0x6cd9,
	0x43f3,0x43f3,0x43fa,0x43fa,0x4402,0x4402,0x440c,0x440c,0x441a,0x441a,0x442e,0x442e,0x4451,0x4451,0x4484,0x4484,0x44f8,0x44f8,0x45a9,0x45a9,0x471a,0x471a,0x4915,0x4915,0x4dac,0x4dac,0x53d1,0x53d1,0x5f04,0x5f04,0x6cd9,0x6cd9,
	0x0204,0x0279,0x0227,0x02d1,0x0277,0x0313,0x02bf,0x0359,0x0317,0x03c8,0x038b,0x0442,0x042a,0x050e,0x0506,0x05ef,0x0637,0x077e,0x07e9,0x0952,0x0a56,0x0c83,0x0dc5,0x1020,0x12a3,0x1685,0x19e2,0x1eb1,0x2561,0x2e76,0x37f6,0x4419,
	0x0279,0x0279,0x02d1,0x02d1,0x0313,0x0313,0x0359,0x0359,0x03c8,0x03c8,0x0442,0x0442,0x050e,0x050e,0x05ef,0x05ef,0x077e,0x077e,0x0952,0x0952,0x0c83,0x0c83,0x1020,0x1020,0x1685,0x1685,0x1eb1,0x1eb1,0x2e76,0x2e76,0x4419,0x4419,
	0x0227,0x02d1,0x0246,0x0325,0x0299,0x036a,0x02e1,0x03ae,0x0338,0x041b,0x03ad,0x0495,0x044b,0x0560,0x052a,0x0644,0x0659,0x07d0,0x080a,0x09a0,0x0a75,0x0cce,0x0ddc,0x1057,0x12c0,0x16c9,0x19fb,0x1eed,0x2571,0x2e9e,0x37fa,0x4421,
	0x02d1,0x02d1,0x0325,0x0325,0x036a,0x036a,0x03ae,0x03ae,0x041b,0x041b,0x0495,0x0495,0x0560,0x0560,0x0644,0x0644,0x07d0,0x07d0,0x09a0,0x09a0,0x0cce,0x0cce,0x1057,0x1057,0x16c9,0x16c9,0x1eed,0x1eed,0x2e9e,0x2e9e,0x4421,0x4421,
	0x0277,0x0313,0x0299,0x036a,0x02eb,0x03ae,0x0332,0x03f3,0x0389,0x0462,0x03fe,0x04da,0x049b,0x05a5,0x0578,0x0688,0x06a5,0x0811,0x0854,0x09df,0x0ac0,0x0d0c,0x0e1c,0x1080,0x1301,0x16ff,0x1a3a,0x1f1d,0x25a6,0x2ec0,0x3816,0x4427,
	0x0313,0x0313,0x036a,0x036a,0x03ae,0x03ae,0x03f3,0x03f3,0x0462,0x0462,0x04da,0x04da,0x05a5,0x05a5,0x0688,0x0688,0x0811,0x0811,0x09df,0x09df,0x0d0c,0x0d0c,0x1080,0x1080,0x16ff,0x16ff,0x1f1d,0x1f1d,0x2ec0,0x2ec0,0x4427,0x4427,
	0x02bf,0x0359,0x02e1,0x03ae,0x0332,0x03f3,0x0378,0x0437,0x03cf,0x04a5,0x0444,0x051e,0x04e1,0x05e7,0x05bc,0x06c8,0x06e9,0x0851,0x0899,0x0a21,0x0b01,0x0d4a,0x0e55,0x10af,0x133a,0x1733,0x1a72,0x1f50,0x25d2,0x2ee1,0x382f,0x4430,
	0x0359,0x0359,0x03ae,0x03ae,0x03f3,0x03f3,0x0437,0x0437,0x04a5,0x04a5,0x051e,0x051e,0x05e7,0x05e7,0x06c8,0x06c8,0x0851,0x0851,0x0a21,0x0a21,0x0d4a,0x0d4a,0x10af,0x10af,0x1733,0x1733,0x1f50,0x1f50,0x2ee1,0x2ee1,0x4430,0x4430,
	0x0317,0x03c8,0x0338,0x041b,0x0389,0x0462,0x03cf,0x04a5,0x0426,0x050f,0x0499,0x0589,0x0534,0x0650,0x0611,0x0733,0x073c,0x08ba,0x08e9,0x0a83,0x0b51,0x0dab,0x0e9f,0x1105,0x1381,0x178b,0x1ab4,0x1f9e,0x2608,0x2f1a,0x384a,0x443e,
	0x03c8,0x03c8,0x041b,0x041b,0x0462,0x0462,0x04a5,0x04a5,0x050f,0x050f,0x0589,0x0589,0x0650,0x0650,0x0733,0x0733,0x08ba,0x08ba,0x0a83,0x0a83,0x0dab,0x0dab,0x1105,0x1105,0x178b,0x178b,0x1f9e,0x1f9e,0x2f1a,0x2f1a,0x443e,0x443e,
	0x038b,0x0442,0x03ad,0x0495,0x03fe,0x04da,0x0444,0x051e,0x0499,0x0589,0x050c,0x0600,0x05a7,0x06c7,0x0682,0x07a9,0x07aa,0x092c,0x0956,0x0af3,0x0bbc,0x0e18,0x0f04,0x116c,0x13d3,0x17ec,0x1b0f,0x1ff6,0x2654,0x2f5b,0x3876,0x4451,
	0x0442,0x0442,0x0495,0x0495,0x04da,0x04da,0x051e,0x051e,0x0589,0x0589,0x0600,0x0600,0x06c7,0x06c7,0x07a9,0x07a9,0x092c,0x092c,0x0af3,0x0af3,0x0e18,0x0e18,0x116c,0x116c,0x17ec,0x17ec,0x1ff6,0x1ff6,0x2f5b,0x2f5b,0x4451,0x4451,
	0x042a,0x050e,0x044b,0x0560,0x049b,0x05a5,0x04e1,0x05e7,0x0534,0x0650,0x05a7,0x06c7,0x0644,0x0793,0x071f,0x0874,0x0846,0x09f5,0x09ed,0x0bb7,0x0c4f,0x0ed7,0x0f92,0x1221,0x144f,0x189b,0x1b8c,0x2093,0x26bb,0x2fd1,0x38ae,0x4479,
	0x050e,0x050e,0x0560,0x0560,0x05a5,0x05a5,0x05e7,0x05e7,0x0650,0x0650,0x06c7,0x06c7,0x0793,0x0793,0x0874,0x0874,0x09f5,0x09f5,0x0bb7,0x0bb7,0x0ed7,0x0ed7,0x1221,0x1221,0x189b,0x189b,0x2093,0x2093,0x2fd1,0x2fd1,0x4479,0x4479,
	0x0506,0x05ef,0x052a,0x0644,0x0578,0x0688,0x05bc,0x06c8,0x0611,0x0733,0x0682,0x07a9,0x071f,0x0874,0x07f2,0x0952,0x091a,0x0ad1,0x0aba,0x0c8d,0x0d16,0x0fa6,0x1055,0x12ef,0x1503,0x1958,0x1c30,0x2137,0x274c,0x3053,0x3905,0x44a9,
	0x05ef,0x05ef,0x0644,0x0644,0x0688,0x0688,0x06c8,0x06c8,0x0733,0x0733,0x07a9,0x07a9,0x0874,0x0874,0x0952,0x0952,0x0ad1,0x0ad1,0x0c8d,0x0c8d,0x0fa6,0x0fa6,0x12ef,0x12ef,0x1958,0x1958,0x2137,0x2137,0x3053,0x3053,0x44a9,0x44a9,
	0x0637,0x077e,0x0659,0x07d0,0x06a5,0x0811,0x06e9,0x0851,0x073c,0x08ba,0x07aa,0x092c,0x0846,0x09f5,0x091a,0x0ad1,0x0a40,0x0c51,0x0bdf,0x0e0a,0x0e18,0x10d8,0x1169,0x1450,0x160a,0x1aa8,0x1d12,0x223a,0x2818,0x3147,0x3986,0x451d,
	0x077e,0x077e,0x07d0,0x07d0,0x0811,0x0811,0x0851,0x0851,0x08ba,0x08ba,0x092c,0x092c,0x09f5,0x09f5,0x0ad1,0x0ad1,0x0c51,0x0c51,0x0e0a,0x0e0a,0x10d8,0x10d8,0x1450,0x1450,0x1aa8,0x1aa8,0x223a,0x223a,0x3147,0x3147,0x451d,0x451d,
	0x07e9,0x0952,0x080a,0x09a0,0x0854,0x09df,0x0899,0x0a21,0x08e9,0x0a83,0x0956,0x0af3,0x09ed,0x0bb7,0x0aba,0x0c8d,0x0bdf,0x0e0a,0x0d7a,0x0fbb,0x0fac,0x127c,0x12e6,0x15ee,0x1781,0x1c2e,0x1e6f,0x239f,0x2948,0x3276,0x3a63,0x45c9,
	0x0952,0x0952,0x09a0,0x09a0,0x09df,0x09df,0x0a21,0x0a21,0x0a83,0x0a83,0x0af3,0x0af3,0x0bb7,0x0bb7,0x0c8d,0x0c8d,0x0e0a,0x0e0a,0x0fbb,0x0fbb,0x127c,0x127c,0x15ee,0x15ee,0x1c2e,0x1c2e,0x239f,0x239f,0x3276,0x3276,0x45c9,0x45c9,
	0x0a56,0x0c83,0x0a75,0x0cce,0x0ac0,0x0d0c,0x0b01,0x0d4a,0x0b51,0x0dab,0x0bbc,0x0e18,0x0c4f,0x0ed7,0x0d16,0x0fa6,0x0e18,0x10d8,0x0fac,0x127c,0x11e4,0x1556,0x14f7,0x18ba,0x1998,0x1ed7,0x206a,0x261f,0x2ae5,0x3477,0x3bb3,0x472f,
	0x0c83,0x0c83,0x0cce,0x0cce,0x0d0c,0x0d0c,0x0d4a,0x0d4a,0x0dab,0x0dab,0x0e18,0x0e18,0x0ed7,0x0ed7,0x0fa6,0x0fa6,0x10d8,0x10d8,0x127c,0x127c,0x1556,0x1556,0x18ba,0x18ba,0x1ed7,0x1ed7,0x261f,0x261f,0x3477,0x3477,0x472f,0x472f,
	0x0dc5,0x1020,0x0ddc,0x1057,0x0e1c,0x1080,0x0e55,0x10af,0x0e9f,0x1105,0x0f04,0x116c,0x0f92,0x1221,0x1055,0x12ef,0x1169,0x1450,0x12e6,0x15ee,0x14f7,0x18ba,0x1812,0x1c0e,0x1c90,0x21e4,0x234a,0x292e,0x2d8b,0x372c,0x3dce,0x4926,
	0x1020,0x1020,0x1057,0x1057,0x1080,0x1080,0x10af,0x10af,0x1105,0x1105,0x116c,0x116c,0x1221,0x1221,0x12ef,0x12ef,0x1450,0x1450,0x15ee,0x15ee,0x18ba,0x18ba,0x1c0e,0x1c0e,0x21e4,0x21e4,0x292e,0x292e,0x372c,0x372c,0x4926,0x4926,
	0x12a3,0x1685,0x12c0,0x16c9,0x1301,0x16ff,0x133a,0x1733,0x1381,0x178b,0x13d3,0x17ec,0x144f,0x189b,0x1503,0x1958,0x160a,0x1aa8,0x1781,0x1c2e,0x1998,0x1ed7,0x1c90,0x21e4,0x20ff,0x27ad,0x2796,0x2edb,0x319d,0x3c80,0x414b,0x4db5,
	0x1685,0x1685,0x16c9,0x16c9,0x16ff,0x16ff,0x1733,0x1733,0x178b,0x178b,0x17ec,0x17ec,0x189b,0x189b,0x1958,0x1958,0x1aa8,0x1aa8,0x1c2e,0x1c2e,0x1ed7,0x1ed7,0x21e4,0x21e4,0x27ad,0x27ad,0x2edb,0x2edb,0x3c80,0x3c80,0x4db5,0x4db5,
	0x19e2,0x1eb1,0x19fb,0x1eed,0x1a3a,0x1f1d,0x1a72,0x1f50,0x1ab4,0x1f9e,0x1b0f,0x1ff6,0x1b8c,0x2093,0x1c30,0x2137,0x1d12,0x223a,0x1e6f,0x239f,0x206a,0x261f,0x234a,0x292e,0x2796,0x2edb,0x2ddb,0x35ac,0x37ed,0x4356,0x4714,0x53d3,
	0x1eb1,0x1eb1,0x1eed,0x1eed,0x1f1d,0x1f1d,0x1f50,0x1f50,0x1f9e,0x1f9e,0x1ff6,0x1ff6,0x2093,0x2093,0x2137,0x2137,0x223a,0x223a,0x239f,0x239f,0x261f,0x261f,0x292e,0x292e,0x2edb,0x2edb,0x35ac,0x35ac,0x4356,0x4356,0x53d3,0x53d3,
	0x2561,0x2e76,0x2571,0x2e9e,0x25a6,0x2ec0,0x25d2,0x2ee1,0x2608,0x2f1a,0x2654,0x2f5b,0x26bb,0x2fd1,0x274c,0x3053,0x2818,0x3147,0x2948,0x3276,0x2ae5,0x3477,0x2d8b,0x372c,0x319d,0x3c80,0x37ed,0x4356,0x4137,0x4fb5,0x4fe9,0x5f05,
	0x2e76,0x2e76,0x2e9e,0x2e9e,0x2ec0,0x2ec0,0x2ee1,0x2ee1,0x2f1a,0x2f1a,0x2f5b,0x2f5b,0x2fd1,0x2fd1,0x3053,0x3053,0x3147,0x3147,0x3276,0x3276,0x3477,0x3477,0x372c,0x372c,0x3c80,0x3c80,0x4356,0x4356,0x4fb5,0x4fb5,0x5f05,0x5f05,
	0x37f6,0x4419,0x37fa,0x4421,0x3816,0x4427,0x382f,0x4430,0x384a,0x443e,0x3876,0x4451,0x38ae,0x4479,0x3905,0x44a9,0x3986,0x451d,0x3a63,0x45c9,0x3bb3,0x472f,0x3dce,0x4926,0x414b,0x4db5,0x4714,0x53d3,0x4fe9,0x5f05,0x5d21,0x6cda,
	0x4419,0x4419,0x4421,0x4421,0x4427,0x4427,0x4430,0x4430,0x443e,0x443e,0x4451,0x4451,0x4479,0x4479,0x44a9,0x44a9,0x451d,0x451d,0x45c9,0x45c9,0x472f,0x472f,0x4926,0x4926,0x4db5,0x4db5,0x53d3,0x53d3,0x5f05,0x5f05,0x6cda,0x6cda,
	0x0279,0x0279,0x02d1,0x02d1,0x0313,0x0313,0x0359,0x0359,0x03c8,0x03c8,0x0442,0x0442,0x050e,0x050e,0x05ef,0x05ef,0x077e,0x077e,0x0952,0x0952,0x0c83,0x0c83,0x1020,0x1020,0x1685,0x1685,0x1eb1,0x1eb1,0x2e76,0x2e76,0x4419,0x4419,
	0x0279,0x0279,0x02d1,0x02d1,0x0313,0x0313,0x0359,0x0359,0x03c8,0x03c8,0x0442,0x0442,0x050e,0x050e,0x05ef,0x05ef,0x077e,0x077e,0x0952,0x0952,0x0c83,0x0c83,0x1020,0x1020,0x1685,0x1685,0x1eb1,0x1eb1,0x2e76,0x2e76,0x4419,0x4419,
	0x02d1,0x02d1,0x0325,0x0325,0x036a,0x036a,0x03ae,0x03ae,0x041b,0x041b,0x0495,0x0495,0x0560,0x0560,0x0644,0x0644,0x07d0,0x07d0,0x09a0,0x09a0,0x0cce,0x0cce,0x1057,0x1057,0x16c9,0x16c9,0x1eed,0x1eed,0x2e9e,0x2e9e,0x4421,0x4421,
	0x02d1,0x02d1,0x0325,0x0325,0x036a,0x036a,0x03ae,0x03ae,0x041b,0x041b,0x0495,0x0495,0x0560,0x0560,0x0644,0x0644,0x07d0,0x07d0,0x09a0,0x09a0,0x0cce,0x0cce,0x1057,0x1057,0x16c9,0x16c9,0x1eed,0x1eed,0x2e9e,0x2e9e,0x4421,0x4421,
	0x0313,0x0313,0x036a,0x036a,0x03ae,0x03ae,0x03f3,0x03f3,0x0462,0x0462,0x04da,0x04da,0x05a5,0x05a5,0x0688,0x0688,0x0811,0x0811,0x09df,0x09df,0x0d0c,0x0d0c,0x1080,0x1080,0x16ff,0x16ff,0x1f1d,0x1f1d,0x2ec0,0x2ec0,0x4427,0x4427,
	0x0313,0x0313,0x036a,0x036a,0x03ae,0x03ae,0x03f3,0x03f3,0x0462,0x0462,0x04da,0x04da,0x05a5,0x05a5,0x0688,0x0688,0x0811,0x0811,0x09df,0x09df,0x0d0c,0x0d0c,0x1080,0x1080,0x16ff,0x16ff,0x1f1d,0x1f1d,0x2ec0,0x2ec0,0x4427,0x4427,
	0x0359,0x0359,0x03ae,0x03ae,0x03f3,0x03f3,0x0437,0x0437,0x04a5,0x04a5,0x051e,0x051e,0x05e7,0x05e7,0x06c8,0x06c8,0x0851,0x0851,0x0a21,0x0a21,0x0d4a,0x0d4a,0x10af,0x10af,0x1733,0x1733,0x1f50,0x1f50,0x2ee1,0x2ee1,0x4430,0x4430,
	0x0359,0x0359,0x03ae,0x03ae,0x03f3,0x03f3,0x0437,0x0437,0x04a5,0x04a5,0x051e,0x051e,0x05e7,0x05e7,0x06c8,0x06c8,0x0851,0x0851,0x0a21,0x0a21,0x0d4a,0x0d4a,0x10af,0x10af,0x1733,0x1733,0x1f50,0x1f50,0x2ee1,0x2ee1,0x4430,0x4430,
	0x03c8,0x03c8,0x041b,0x041b,0x0462,0x0462,0x04a5,0x04a5,0x050f,0x050f,0x0589,0x0589,0x0650,0x0650,0x0733,0x0733,0x08ba,0x08ba,0x0a83,0x0a83,0x0dab,0x0dab,0x1105,0x1105,0x178b,0x178b,0x1f9e,0x1f9e,0x2f1a,0x2f1a,0x443e,0x443e,
	0x03c8,0x03c8,0x041b,0x041b,0x0462,0x0462,0x04a5,0x04a5,0x050f,0x050f,0x0589,0x0589,0x0650,0x0650,0x0733,0x0733,0x08ba,0x08ba,0x0a83,0x0a83,0x0dab,0x0dab,0x1105,0x1105,0x178b,0x178b,0x1f9e,0x1f9e,0x2f1a,0x2f1a,0x443e,0x443e,
	0x0442,0x0442,0x0495,0x0495,0x04da,0x04da,0x051e,0x051e,0x0589,0x0589,0x0600,0x0600,0x06c7,0x06c7,0x07a9,0x07a9,0x092c,0x092c,0x0af3,0x0af3,0x0e18,0x0e18,0x116c,0x116c,0x17ec,0x17ec,0x1ff6,0x1ff6,0x2f5b,0x2f5b,0x4451,0x4451,
	0x0442,0x0442,0x0495,0x0495,0x04da,0x04da,0x051e,0x051e,0x0589,0x0589,0x0600,0x0600,0x06c7,0x06c7,0x07a9,0x07a9,0x092c,0x092c,0x0af3,0x0af3,0x0e18,0x0e18,0x116c,0x116c,0x17ec,0x17ec,0x1ff6,0x1ff6,0x2f5b,0x2f5b,0x4451,0x4451,
	0x050e,0x050e,0x0560,0x0560,0x05a5,0x05a5,0x05e7,0x05e7,0x0650,0x0650,0x06c7,0x06c7,0x0793,0x0793,0x0874,0x0874,0x09f5,0x09f5,0x0bb7,0x0bb7,0x0ed7,0x0ed7,0x1221,0x1221,0x189b,0x189b,0x2093,0x2093,0x2fd1,0x2fd1,0x4479,0x4479,
	0x050e,0x050e,0x0560,0x0560,0x05a5,0x05a5,0x05e7,0x05e7,0x0650,0x0650,0x06c7,0x06c7,0x0793,0x0793,0x0874,0x0874,0x09f5,0x09f5,0x0bb7,0x0bb7,0x0ed7,0x0ed7,0x1221,0x1221,0x189b,0x189b,0x2093,0x2093,0x2fd1,0x2fd1,0x4479,0x4479,
	0x05ef,0x05ef,0x0644,0x0644,0x0688,0x0688,0x06c8,0x06c8,0x0733,0x0733,0x07a9,0x07a9,0x0874,0x0874,0x0952,0x0952,0x0ad1,0x0ad1,0x0c8d,0x0c8d,0x0fa6,0x0fa6,0x12ef,0x12ef,0x1958,0x1958,0x2137,0x2137,0x3053,0x3053,0x44a9,0x44a9,
	0x05ef,0x05ef,0x0644,0x0644,0x0688,0x0688,0x06c8,0x06c8,0x0733,0x0733,0x07a9,0x07a9,0x0874,0x0874,0x0952,0x0952,0x0ad1,0x0ad1,0x0c8d,0x0c8d,0x0fa6,0x0fa6,0x12ef,0x12ef,0x1958,0x1958,0x2137,0x2137,0x3053,0x3053,0x44a9,0x44a9,
	0x077e,0x077e,0x07d0,0x07d0,0x0811,0x0811,0x0851,0x0851,0x08ba,0x08ba,0x092c,0x092c,0x09f5,0x09f5,0x0ad1,0x0ad1,0x0c51,0x0c51,0x0e0a,0x0e0a,0x10d8,0x10d8,0x1450,0x1450,0x1aa8,0x1aa8,0x223a,0x223a,0x3147,0x3147,0x451d,0x451d,
	0x077e,0x077e,0x07d0,0x07d0,0x0811,0x0811,0x0851,0x0851,0x08ba,0x08ba,0x092c,0x092c,0x09f5,0x09f5,0x0ad1,0x0ad1,0x0c51,0x0c51,0x0e0a,0x0e0a,0x10d8,0x10d8,0x1450,0x1450,0x1aa8,0x1aa8,0x223a,0x223a,0x3147,0x3147,0x451d,0x451d,
	0x0952,0x0952,0x09a0,0x09a0,0x09df,0x09df,0x0a21,0x0a21,0x0a83,0x0a83,0x0af3,0x0af3,0x0bb7,0x0bb7,0x0c8d,0x0c8d,0x0e0a,0x0e0a,0x0fbb,0x0fbb,0x127c,0x127c,0x15ee,0x15ee,0x1c2e,0x1c2e,0x239f,0x239f,0x3276,0x3276,0x45c9,0x45c9,
	0x0952,0x0952,0x09a0,0x09a0,0x09df,0x09df,0x0a21,0x0a21,0x0a83,0x0a83,0x0af3,0x0af3,0x0bb7,0x0bb7,0x0c8d,0x0c8d,0x0e0a,0x0e0a,0x0fbb,0x0fbb,0x127c,0x127c,0x15ee,0x15ee,0x1c2e,0x1c2e,0x239f,0x239f,0x3276,0x3276,0x45c9,0x45c9,
	0x0c83,0x0c83,0x0cce,0x0cce,0x0d0c,0x0d0c,0x0d4a,0x0d4a,0x0dab,0x0dab,0x0e18,0x0e18,0x0ed7,0x0ed7,0x0fa6,0x0fa6,0x10d8,0x10d8,0x127c,0x127c,0x1556,0x1556,0x18ba,0x18ba,0x1ed7,0x1ed7,0x261f,0x261f,0x3477,0x3477,0x472f,0x472f,
	0x0c83,0x0c83,0x0cce,0x0cce,0x0d0c,0x0d0c,0x0d4a,0x0d4a,0x0dab,0x0dab,0x0e18,0x0e18,0x0ed7,0x0ed7,0x0fa6,0x0fa6,0x10d8,0x10d8,0x127c,0x127c,0x1556,0x1556,0x18ba,0x18ba,0x1ed7,0x1ed7,0x261f,0x261f,0x3477,0x3477,0x472f,0x472f,
	0x1020,0x1020,0x1057,0x1057,0x1080,0x1080,0x10af,0x10af,0x1105,0x1105,0x116c,0x116c,0x1221,0x1221,0x12ef,0x12ef,0x1450,0x1450,0x15ee,0x15ee,0x18ba,0x18ba,0x1c0e,0x1c0e,0x21e4,0x21e4,0x292e,0x292e,0x372c,0x372c,0x4926,0x4926,
	0x1020,0x1020,0x1057,0x1057,0x1080,0x1080,0x10af,0x10af,0x1105,0x1105,0x116c,0x116c,0x1221,0x1221,0x12ef,0x12ef,0x1450,0x1450,0x15ee,0x15ee,0x18ba,0x18ba,0x1c0e,0x1c0e,0x21e4,0x21e4,0x292e,0x292e,0x372c,0x372c,0x4926,0x4926,
	0x1685,0x1685,0x16c9,0x16c9,0x16ff,0x16ff,0x1733,0x1733,0x178b,0x178b,0x17ec,0x17ec,0x189b,0x189b,0x1958,0x1958,0x1aa8,0x1aa8,0x1c2e,0x1c2e,0x1ed7,0x1ed7,0x21e4,0x21e4,0x27ad,0x27ad,0x2edb,0x2edb,0x3c80,0x3c80,0x4db5,0x4db5,
	0x1685,0x1685,0x16c9,0x16c9,0x16ff,0x16ff,0x1733,0x1733,0x178b,0x178b,0x17ec,0x17ec,0x189b,0x189b,0x1958,0x1958,0x1aa8,0x1aa8,0x1c2e,0x1c2e,0x1ed7,0x1ed7,0x21e4,0x21e4,0x27ad,0x27ad,0x2edb,0x2edb,0x3c80,0x3c80,0x4db5,0x4db5,
	0x1eb1,0x1eb1,0x1eed,0x1eed,0x1f1d,0x1f1d,0x1f50,0x1f50,0x1f9e,0x1f9e,0x1ff6,0x1ff6,0x2093,0x2093,0x2137,0x2137,0x223a,0x223a,0x239f,0x239f,0x261f,0x261f,0x292e,0x292e,0x2edb,0x2edb,0x35ac,0x35ac,0x4356,0x4356,0x53d3,0x53d3,
	0x1eb1,0x1eb1,0x1eed,0x1eed,0x1f1d,0x1f1d,0x1f50,0x1f50,0x1f9e,0x1f9e,0x1ff6,0x1ff6,0x2093,0x2093,0x2137,0x2137,0x223a,0x223a,0x239f,0x239f,0x261f,0x261f,0x292e,0x292e,0x2edb,0x2edb,0x35ac,0x35ac,0x4356,0x4356,0x53d3,0x53d3,
	0x2e76,0x2e76,0x2e9e,0x2e9e,0x2ec0,0x2ec0,0x2ee1,0x2ee1,0x2f1a,0x2f1a,0x2f5b,0x2f5b,0x2fd1,0x2fd1,0x3053,0x3053,0x3147,0x3147,0x3276,0x3276,0x3477,0x3477,0x372c,0x372c,0x3c80,0x3c80,0x4356,0x4356,0x4fb5,0x4fb5,0x5f05,0x5f05,
	0x2e76,0x2e76,0x2e9e,0x2e9e,0x2ec0,0x2ec0,0x2ee1,0x2ee1,0x2f1a,0x2f1a,0x2f5b,0x2f5b,0x2fd1,0x2fd1,0x3053,0x3053,0x3147,0x3147,0x3276,0x3276,0x3477,0x3477,0x372c,0x372c,0x3c80,0x3c80,0x4356,0x4356,0x4fb5,0x4fb5,0x5f05,0x5f05,
	0x4419,0x4419,0x4421,0x4421,0x4427,0x4427,0x4430,0x4430,0x443e,0x443e,0x4451,0x4451,0x4479,0x4479,0x44a9,0x44a9,0x451d,0x451d,0x45c9,0x45c9,0x472f,0x472f,0x4926,0x4926,0x4db5,0x4db5,0x53d3,0x53d3,0x5f05,0x5f05,0x6cda,0x6cda,
	0x4419,0x4419,0x4421,0x4421,0x4427,0x4427,0x4430,0x4430,0x443e,0x443e,0x4451,0x4451,0x4479,0x4479,0x44a9,0x44a9,0x451d,0x451d,0x45c9,0x45c9,0x472f,0x472f,0x4926,0x4926,0x4db5,0x4db5,0x53d3,0x53d3,0x5f05,0x5f05,0x6cda,0x6cda,
	0x02e4,0x0363,0x0308,0x03b9,0x0359,0x03fb,0x039d,0x0440,0x03f5,0x04ae,0x046a,0x0529,0x0506,0x05ef,0x05e2,0x06da,0x070d,0x0862,0x08b9,0x0a2a,0x0b27,0x0d59,0x0e78,0x10bd,0x1361,0x174b,0x1a98,0x1f68,0x25fd,0x2f06,0x3855,0x444f,
	0x0363,0x0363,0x03b9,0x03b9,0x03fb,0x03fb,0x0440,0x0440,0x04ae,0x04ae,0x0529,0x0529,0x05ef,0x05ef,0x06da,0x06da,0x0862,0x0862,0x0a2a,0x0a2a,0x0d59,0x0d59,0x10bd,0x10bd,0x174b,0x174b,0x1f68,0x1f68,0x2f06,0x2f06,0x444f,0x444f,
	0x0308,0x03b9,0x0329,0x040c,0x037b,0x044f,0x03c0,0x0494,0x0418,0x0503,0x048c,0x057a,0x052a,0x0644,0x0605,0x072c,0x072e,0x08b1,0x08db,0x0a79,0x0b48,0x0da8,0x0e96,0x1103,0x137d,0x178e,0x1ab0,0x1fa2,0x260d,0x2f2e,0x3859,0x4458,
	0x03b9,0x03b9,0x040c,0x040c,0x044f,0x044f,0x0494,0x0494,0x0503,0x0503,0x057a,0x057a,0x0644,0x0644,0x072c,0x072c,0x08b1,0x08b1,0x0a79,0x0a79,0x0da8,0x0da8,0x1103,0x1103,0x178e,0x178e,0x1fa2,0x1fa2,0x2f2e,0x2f2e,0x4458,0x4458,
	0x0359,0x03fb,0x037b,0x044f,0x03ca,0x0493,0x0411,0x04d8,0x0468,0x0549,0x04db,0x05bf,0x0578,0x0688,0x0650,0x076c,0x077c,0x08f3,0x0927,0x0ab9,0x0b90,0x0de5,0x0eda,0x113c,0x13b5,0x17c7,0x1aec,0x1fd1,0x263f,0x2f4f,0x3873,0x445d,
	0x03fb,0x03fb,0x044f,0x044f,0x0493,0x0493,0x04d8,0x04d8,0x0549,0x0549,0x05bf,0x05bf,0x0688,0x0688,0x076c,0x076c,0x08f3,0x08f3,0x0ab9,0x0ab9,0x0de5,0x0de5,0x113c,0x113c,0x17c7,0x17c7,0x1fd1,0x1fd1,0x2f4f,0x2f4f,0x445d,0x445d,
	0x039d,0x0440,0x03c0,0x0494,0x0411,0x04d8,0x0456,0x051e,0x04ad,0x058a,0x0520,0x0600,0x05bc,0x06c8,0x0695,0x07ae,0x07c0,0x0933,0x0967,0x0af7,0x0bcf,0x0e21,0x0f18,0x1178,0x13e4,0x17fc,0x1b20,0x1fff,0x266a,0x2f6f,0x388b,0x4465,
	0x0440,0x0440,0x0494,0x0494,0x04d8,0x04d8,0x051e,0x051e,0x058a,0x058a,0x0600,0x0600,0x06c8,0x06c8,0x07ae,0x07ae,0x0933,0x0933,0x0af7,0x0af7,0x0e21,0x0e21,0x1178,0x1178,0x17fc,0x17fc,0x1fff,0x1fff,0x2f6f,0x2f6f,0x4465,0x4465,
	0x03f5,0x04ae,0x0418,0x0503,0x0468,0x0549,0x04ad,0x058a,0x0502,0x05f5,0x0574,0x0669,0x0611,0x0733,0x06e7,0x0814,0x0810,0x0997,0x09b8,0x0b5c,0x0c20,0x0e84,0x0f64,0x11d4,0x1423,0x1850,0x1b5e,0x204b,0x269f,0x2fa5,0x38a5,0x4472,
	0x04ae,0x04ae,0x0503,0x0503,0x0549,0x0549,0x058a,0x058a,0x05f5,0x05f5,0x0669,0x0669,0x0733,0x0733,0x0814,0x0814,0x0997,0x0997,0x0b5c,0x0b5c,0x0e84,0x0e84,0x11d4,0x11d4,0x1850,0x1850,0x204b,0x204b,0x2fa5,0x2fa5,0x4472,0x4472,
	0x046a,0x0529,0x048c,0x057a,0x04db,0x05bf,0x0520,0x0600,0x0574,0x0669,0x05e6,0x06e1,0x0682,0x07a9,0x0756,0x0888,0x0880,0x0a0b,0x0a25,0x0bcc,0x0c86,0x0eed,0x0fc8,0x123a,0x1480,0x18b2,0x1bb6,0x20a0,0x26e8,0x2fe2,0x38ce,0x4484,
	0x0529,0x0529,0x057a,0x057a,0x05bf,0x05bf,0x0600,0x0600,0x0669,0x0669,0x06e1,0x06e1,0x07a9,0x07a9,0x0888,0x0888,0x0a0b,0x0a0b,0x0bcc,0x0bcc,0x0eed,0x0eed,0x123a,0x123a,0x18b2,0x18b2,0x20a0,0x20a0,0x2fe2,0x2fe2,0x4484,0x4484,
	0x0506,0x05ef,0x052a,0x0644,0x0578,0x0688,0x05bc,0x06c8,0x0611,0x0733,0x0682,0x07a9,0x071f,0x0874,0x07f2,0x0952,0x091a,0x0ad1,0x0aba,0x0c8d,0x0d16,0x0fa6,0x1055,0x12ef,0x1503,0x1958,0x1c30,0x2137,0x274c,0x3053,0x3905,0x44a9,
	0x05ef,0x05ef,0x0644,0x0644,0x0688,0x0688,0x06c8,0x06c8,0x0733,0x0733,0x07a9,0x07a9,0x0874,0x0874,0x0952,0x0952,0x0ad1,0x0ad1,0x0c8d,0x0c8d,0x0fa6,0x0fa6,0x12ef,0x12ef,0x1958,0x1958,0x2137,0x2137,0x3053,0x3053,0x44a9,0x44a9,
	0x05e2,0x06da,0x0605,0x072c,0x0650,0x076c,0x0695,0x07ae,0x06e7,0x0814,0x0756,0x0888,0x07f2,0x0952,0x08c7,0x0a2c,0x09ed,0x0ba9,0x0b8c,0x0d66,0x0dd9,0x1060,0x1119,0x13b5,0x15be,0x1a14,0x1cd6,0x21cd,0x27e2,0x30d5,0x3962,0x44de,
	0x06da,0x06da,0x072c,0x072c,0x076c,0x076c,0x07ae,0x07ae,0x0814,0x0814,0x0888,0x0888,0x0952,0x0952,0x0a2c,0x0a2c,0x0ba9,0x0ba9,0x0d66,0x0d66,0x1060,0x1060,0x13b5,0x13b5,0x1a14,0x1a14,0x21cd,0x21cd,0x30d5,0x30d5,0x44de,0x44de,
	0x070d,0x0862,0x072e,0x08b1,0x077c,0x08f3,0x07c0,0x0933,0x0810,0x0997,0x0880,0x0a0b,0x091a,0x0ad1,0x09ed,0x0ba9,0x0b11,0x0d24,0x0cad,0x0edb,0x0ede,0x119e,0x1229,0x1515,0x16c3,0x1b5f,0x1db8,0x22da,0x28a8,0x31c4,0x39de,0x454d,
	0x0862,0x0862,0x08b1,0x08b1,0x08f3,0x08f3,0x0933,0x0933,0x0997,0x0997,0x0a0b,0x0a0b,0x0ad1,0x0ad1,0x0ba9,0x0ba9,0x0d24,0x0d24,0x0edb,0x0edb,0x119e,0x119e,0x1515,0x1515,0x1b5f,0x1b5f,0x22da,0x22da,0x31c4,0x31c4,0x454d,0x454d,
	0x08b9,0x0a2a,0x08db,0x0a79,0x0927,0x0ab9,0x0967,0x0af7,0x09b8,0x0b5c,0x0a25,0x0bcc,0x0aba,0x0c8d,0x0b8c,0x0d66,0x0cad,0x0edb,0x0e38,0x106b,0x1070,0x1341,0x138b,0x16ad,0x1838,0x1ce2,0x1f15,0x2440,0x29bf,0x32eb,0x3ab6,0x45f4,
	0x0a2a,0x0a2a,0x0a79,0x0a79,0x0ab9,0x0ab9,0x0af7,0x0af7,0x0b5c,0x0b5c,0x0bcc,0x0bcc,0x0c8d,0x0c8d,0x0d66,0x0d66,0x0edb,0x0edb,0x106b,0x106b,0x1341,0x1341,0x16ad,0x16ad,0x1ce2,0x1ce2,0x2440,0x2440,0x32eb,0x32eb,0x45f4,0x45f4,
	0x0b27,0x0d59,0x0b48,0x0da8,0x0b90,0x0de5,0x0bcf,0x0e21,0x0c20,0x0e84,0x0c86,0x0eed,0x0d16,0x0fa6,0x0dd9,0x1060,0x0ede,0x119e,0x1070,0x1341,0x12a4,0x1618,0x15b0,0x1973,0x1a48,0x1f81,0x2107,0x26b6,0x2b64,0x34db,0x3bfa,0x474a,
	0x0d59,0x0d59,0x0da8,0x0da8,0x0de5,0x0de5,0x0e21,0x0e21,0x0e84,0x0e84,0x0eed,0x0eed,0x0fa6,0x0fa6,0x1060,0x1060,0x119e,0x119e,0x1341,0x1341,0x1618,0x1618,0x1973,0x1973,0x1f81,0x1f81,0x26b6,0x26b6,0x34db,0x34db,0x474a,0x474a,
	0x0e78,0x10bd,0x0e96,0x1103,0x0eda,0x113c,0x0f18,0x1178,0x0f64,0x11d4,0x0fc8,0x123a,0x1055,0x12ef,0x1119,0x13b5,0x1229,0x1515,0x138b,0x16ad,0x15b0,0x1973,0x18c3,0x1cbf,0x1d2d,0x226f,0x23df,0x29bb,0x2e04,0x378c,0x3e00,0x4945,
	0x10bd,0x10bd,0x1103,0x1103,0x113c,0x113c,0x1178,0x1178,0x11d4,0x11d4,0x123a,0x123a,0x12ef,0x12ef,0x13b5,0x13b5,0x1515,0x1515,0x16ad,0x16ad,0x1973,0x1973,0x1cbf,0x1cbf,0x226f,0x226f,0x29bb,0x29bb,0x378c,0x378c,0x4945,0x4945,
	0x1361,0x174b,0x137d,0x178e,0x13b5,0x17c7,0x13e4,0x17fc,0x1423,0x1850,0x1480,0x18b2,0x1503,0x1958,0x15be,0x1a14,0x16c3,0x1b5f,0x1838,0x1ce2,0x1a48,0x1f81,0x1d2d,0x226f,0x2198,0x283b,0x280c,0x2f54,0x3207,0x3cc9,0x4180,0x4dc5,
	0x174b,0x174b,0x178e,0x178e,0x17c7,0x17c7,0x17fc,0x17fc,0x1850,0x1850,0x18b2,0x18b2,0x1958,0x1958,0x1a14,0x1a14,0x1b5f,0x1b5f,0x1ce2,0x1ce2,0x1f81,0x1f81,0x226f,0x226f,0x283b,0x283b,0x2f54,0x2f54,0x3cc9,0x3cc9,0x4dc5,0x4dc5,
	0x1a98,0x1f68,0x1ab0,0x1fa2,0x1aec,0x1fd1,0x1b20,0x1fff,0x1b5e,0x204b,0x1bb6,0x20a0,0x1c30,0x2137,0x1cd6,0x21cd,0x1db8,0x22da,0x1f15,0x2440,0x2107,0x26b6,0x23df,0x29bb,0x280c,0x2f54,0x2e4e,0x360c,0x383d,0x4381,0x4739,0x53da,
	0x1f68,0x1f68,0x1fa2,0x1fa2,0x1fd1,0x1fd1,0x1fff,0x1fff,0x204b,0x204b,0x20a0,0x20a0,0x2137,0x2137,0x21cd,0x21cd,0x22da,0x22da,0x2440,0x2440,0x26b6,0x26b6,0x29bb,0x29bb,0x2f54,0x2f54,0x360c,0x360c,0x4381,0x4381,0x53da,0x53da,
	0x25fd,0x2f06,0x260d,0x2f2e,0x263f,0x2f4f,0x266a,0x2f6f,0x269f,0x2fa5,0x26e8,0x2fe2,0x274c,0x3053,0x27e2,0x30d5,0x28a8,0x31c4,0x29bf,0x32eb,0x2b64,0x34db,0x2e04,0x378c,0x3207,0x3cc9,0x383d,0x4381,0x416c,0x4fc0,0x4ffd,0x5f06,
	0x2f06,0x2f06,0x2f2e,0x2f2e,0x2f4f,0x2f4f,0x2f6f,0x2f6f,0x2fa5,0x2fa5,0x2fe2,0x2fe2,0x3053,0x3053,0x30d5,0x30d5,0x31c4,0x31c4,0x32eb,0x32eb,0x34db,0x34db,0x378c,0x378c,0x3cc9,0x3cc9,0x4381,0x4381,0x4fc0,0x4fc0,0x5f06,0x5f06,
	0x3855,0x444f,0x3859,0x4458,0x3873,0x445d,0x388b,0x4465,0x38a5,0x4472,0x38ce,0x4484,0x3905,0x44a9,0x3962,0x44de,0x39de,0x454d,0x3ab6,0x45f4,0x3bfa,0x474a,0x3e00,0x4945,0x4180,0x4dc5,0x4739,0x53da,0x4ffd,0x5f06,0x5d25,0x6cda,
	0x444f,0x444f,0x4458,0x4458,0x445d,0x445d,0x4465,0x4465,0x4472,0x4472,0x4484,0x4484,0x44a9,0x44a9,0x44de,0x44de,0x454d,0x454d,0x45f4,0x45f4,0x474a,0x474a,0x4945,0x4945,0x4dc5,0x4dc5,0x53da,0x53da,0x5f06,0x5f06,0x6cda,0x6cda,
	0x0363,0x0363,0x03b9,0x03b9,0x03fb,0x03fb,0x0440,0x0440,0x04ae,0x04ae,0x0529,0x0529,0x05ef,0x05ef,0x06da,0x06da,0x0862,0x0862,0x0a2a,0x0a2a,0x0d59,0x0d59,0x10bd,0x10bd,0x174b,0x174b,0x1f68,0x1f68,0x2f06,0x2f06,0x444f,0x444f,
	0x0363,0x0363,0x03b9,0x03b9,0x03fb,0x03fb,0x0440,0x0440,0x04ae,0x04ae,0x0529,0x0529,0x05ef,0x05ef,0x06da,0x06da,0x0862,0x0862,0x0a2a,0x0a2a,0x0d59,0x0d59,0x10bd,0x10bd,0x174b,0x174b,0x1f68,0x1f68,0x2f06,0x2f06,0x444f,0x444f,
	0x03b9,0x03b9,0x040c,0x040c,0x044f,0x044f,0x0494,0x0494,0x0503,0x0503,0x057a,0x057a,0x0644,0x0644,0x072c,0x072c,0x08b1,0x08b1,0x0a79,0x0a79,0x0da8,0x0da8,0x1103,0x1103,0x178e,0x178e,0x1fa2,0x1fa2,0x2f2e,0x2f2e,0x4458,0x4458,
	0x03b9,0x03b9,0x040c,0x040c,0x044f,0x044f,0x0494,0x0494,0x0503,0x0503,0x057a,0x057a,0x0644,0x0644,0x072c,0x072c,0x08b1,0x08b1,0x0a79,0x0a79,0x0da8,0x0da8,0x1103,0x1103,0x178e,0x178e,0x1fa2,0x1fa2,0x2f2e,0x2f2e,0x4458,0x4458,
	0x03fb,0x03fb,0x044f,0x044f,0x0493,0x0493,0x04d8,0x04d8,0x0549,0x0549,0x05bf,0x05bf,0x0688,0x0688,0x076c,0x076c,0x08f3,0x08f3,0x0ab9,0x0ab9,0x0de5,0x0de5,0x113c,0x113c,0x17c7,0x17c7,0x1fd1,0x1fd1,0x2f4f,0x2f4f,0x445d,0x445d,
	0x03fb,0x03fb,0x044f,0x044f,0x0493,0x0493,0x04d8,0x04d8,0x0549,0x0549,0x05bf,0x05bf,0x0688,0x0688,0x076c,0x076c,0x08f3,0x08f3,0x0ab9,0x0ab9,0x0de5,0x0de5,0x113c,0x113c,0x17c7,0x17c7,0x1fd1,0x1fd1,0x2f4f,0x2f4f,0x445d,0x445d,
	0x0440,0x0440,0x0494,0x0494,0x04d8,0x04d8,0x051e,0x051e,0x058a,0x058a,0x0600,0x0600,0x06c8,0x06c8,0x07ae,0x07ae,0x0933,0x0933,0x0af7,0x0af7,0x0e21,0x0e21,0x1178,0x1178,0x17fc,0x17fc,0x1fff,0x1fff,0x2f6f,0x2f6f,0x4465,0x4465,
	0x0440,0x0440,0x0494,0x0494,0x04d8,0x04d8,0x051e,0x051e,0x058a,0x058a,0x0600,0x0600,0x06c8,0x06c8,0x07ae,0x07ae,0x0933,0x0933,0x0af7,0x0af7,0x0e21,0x0e21,0x1178,0x1178,0x17fc,0x17fc,0x1fff,0x1fff,0x2f6f,0x2f6f,0x4465,0x4465,
	0x04ae,0x04ae,0x0503,0x0503,0x0549,0x0549,0x058a,0x058a,0x05f5,0x05f5,0x0669,0x0669,0x0733,0x0733,0x0814,0x0814,0x0997,0x0997,0x0b5c,0x0b5c,0x0e84,0x0e84,0x11d4,0x11d4,0x1850,0x1850,0x204b,0x204b,0x2fa5,0x2fa5,0x4472,0x4472,
	0x04ae,0x04ae,0x0503,0x0503,0x0549,0x0549,0x058a,0x058a,0x05f5,0x05f5,0x0669,0x0669,0x0733,0x0733,0x0814,0x0814,0x0997,0x0997,0x0b5c,0x0b5c,0x0e84,0x0e84,0x11d4,0x11d4,0x1850,0x1850,0x204b,0x204b,0x2fa5,0x2fa5,0x4472,0x4472,
	0x0529,0x0529,0x057a,0x057a,0x05bf,0x05bf,0x0600,0x0600,0x0669,0x0669,0x06e1,0x06e1,0x07a9,0x07a9,0x0888,0x0888,0x0a0b,0x0a0b,0x0bcc,0x0bcc,0x0eed,0x0eed,0x123a,0x123a,0x18b2,0x18b2,0x20a0,0x20a0,0x2fe2,0x2fe2,0x4484,0x4484,
	0x0529,0x0529,0x057a,0x057a,0x05bf,0x05bf,0x0600,0x0600,0x0669,0x0669,0x06e1,0x06e1,0x07a9,0x07a9,0x0888,0x0888,0x0a0b,0x0a0b,0x0bcc,0x0bcc,0x0eed,0x0eed,0x123a,0x123a,0x18b2,0x18b2,0x20a0,0x20a0,0x2fe2,0x2fe2,0x4484,0x4484,
	0x05ef,0x05ef,0x0644,0x0644,0x0688,0x0688,0x06c8,0x06c8,0x0733,0x0733,0x07a9,0x07a9,0x0874,0x0874,0x0952,0x0952,0x0ad1,0x0ad1,0x0c8d,0x0c8d,0x0fa6,0x0fa6,0x12ef,0x12ef,0x1958,0x1958,0x2137,0x2137,0x3053,0x3053,0x44a9,0x44a9,
	0x05ef,0x05ef,0x0644,0x0644,0x0688,0x0688,0x06c8,0x06c8,0x0733,0x0733,0x07a9,0x07a9,0x0874,0x0874,0x0952,0x0952,0x0ad1,0x0ad1,0x0c8d,0x0c8d,0x0fa6,0x0fa6,0x12ef,0x12ef,0x1958,0x1958,0x2137,0x2137,0x3053,0x3053,0x44a9,0x44a9,
	0x06da,0x06da,0x072c,0x072c,0x076c,0x076c,0x07ae,0x07ae,0x0814,0x0814,0x0888,0x0888,0x0952,0x0952,0x0a2c,0x0a2c,0x0ba9,0x0ba9,0x0d66,0x0d66,0x1060,0x1060,0x13b5,0x13b5,0x1a14,0x1a14,0x21cd,0x21cd,0x30d5,0x30d5,0x44de,0x44de,
	0x06da,0x06da,0x072c,0x072c,0x076c,0x076c,0x07ae,0x07ae,0x0814,0x0814,0x0888,0x0888,0x0952,0x0952,0x0a2c,0x0a2c,0x0ba9,0x0ba9,0x0d66,0x0d66,0x1060,0x1060,0x13b5,0x13b5,0x1a14,0x1a14,0x21cd,0x21cd,0x30d5,0x30d5,0x44de,0x44de,
	0x0862,0x0862,0x08b1,0x08b1,0x08f3,0x08f3,0x0933,0x0933,0x0997,0x0997,0x0a0b,0x0a0b,0x0ad1,0x0ad1,0x0ba9,0x0ba9,0x0d24,0x0d24,0x0edb,0x0edb,0x119e,0x119e,0x1515,0x1515,0x1b5f,0x1b5f,0x22da,0x22da,0x31c4,0x31c4,0x454d,0x454d,
	0x0862,0x0862,0x08b1,0x08b1,0x08f3,0x08f3,0x0933,0x0933,0x0997,0x0997,0x0a0b,0x0a0b,0x0ad1,0x0ad1,0x0ba9,0x0ba9,0x0d24,0x0d24,0x0edb,0x0edb,0x119e,0x119e,0x1515,0x1515,0x1b5f,0x1b5f,0x22da,0x22da,0x31c4,0x31c4,0x454d,0x454d,
	0x0a2a,0x0a2a,0x0a79,0x0a79,0x0ab9,0x0ab9,0x0af7,0x0af7,0x0b5c,0x0b5c,0x0bcc,0x0bcc,0x0c8d,0x0c8d,0x0d66,0x0d66,0x0edb,0x0edb,0x106b,0x106b,0x1341,0x1341,0x16ad,0x16ad,0x1ce2,0x1ce2,0x2440,0x2440,0x32eb,0x32eb,0x45f4,0x45f4,
	0x0a2a,0x0a2a,0x0a79,0x0a79,0x0ab9,0x0ab9,0x0af7,0x0af7,0x0b5c,0x0b5c,0x0bcc,0x0bcc,0x0c8d,0x0c8d,0x0d66,0x0d66,0x0edb,0x0edb,0x106b,0x106b,0x1341,0x1341,0x16ad,0x16ad,0x1ce2,0x1ce2,0x2440,0x2440,0x32eb,0x32eb,0x45f4,0x45f4,
	0x0d59,0x0d59,0x0da8,0x0da8,0x0de5,0x0de5,0x0e21,0x0e21,0x0e84,0x0e84,0x0eed,0x0eed,0x0fa6,0x0fa6,0x1060,0x1060,0x119e,0x119e,0x1341,0x1341,0x1618,0x1618,0x1973,0x1973,0x1f81,0x1f81,0x26b6,0x26b6,0x34db,0x34db,0x474a,0x474a,
	0x0d59,0x0d59,0x0da8,0x0da8,0x0de5,0x0de5,0x0e21,0x0e21,0x0e84,0x0e84,0x0eed,0x0eed,0x0fa6,0x0fa6,0x1060,0x1060,0x119e,0x119e,0x1341,0x1341,0x1618,0x1618,0x1973,0x1973,0x1f81,0x1f81,0x26b6,0x26b6,0x34db,0x34db,0x474a,0x474a,
	0x10bd,0x10bd,0x1103,0x1103,0x113c,0x113c,0x1178,0x1178,0x11d4,0x11d4,0x123a,0x123a,0x12ef,0x12ef,0x13b5,0x13b5,0x1515,0x1515,0x16ad,0x16ad,0x1973,0x1973,0x1cbf,0x1cbf,0x226f,0x226f,0x29bb,0x29bb,0x378c,0x378c,0x4945,0x4945,
	0x10bd,0x10bd,0x1103,0x1103,0x113c,0x113c,0x1178,0x1178,0x11d4,0x11d4,0x123a,0x123a,0x12ef,0x12ef,0x13b5,0x13b5,0x1515,0x1515,0x16ad,0x16ad,0x1973,0x1973,0x1cbf,0x1cbf,0x226f,0x226f,0x29bb,0x29bb,0x378c,0x378c,0x4945,0x4945,
	0x174b,0x174b,0x178e,0x178e,0x17c7,0x17c7,0x17fc,0x17fc,0x1850,0x1850,0x18b2,0x18b2,0x1958,0x1958,0x1a14,0x1a14,0x1b5f,0x1b5f,0x1ce2,0x1ce2,0x1f81,0x1f81,0x226f,0x226f,0x283b,0x283b,0x2f54,0x2f54,0x3cc9,0x3cc9,0x4dc5,0x4dc5,
	0x174b,0x174b,0x178e,0x178e,0x17c7,0x17c7,0x17fc,0x17fc,0x1850,0x1850,0x18b2,0x18b2,0x1958,0x1958,0x1a14,0x1a14,0x1b5f,0x1b5f,0x1ce2,0x1ce2,0x1f81,0x1f81,0x226f,0x226f,0x283b,0x283b,0x2f54,0x2f54,0x3cc9,0x3cc9,0x4dc5,0x4dc5,
	0x1f68,0x1f68,0x1fa2,0x1fa2,0x1fd1,0x1fd1,0x1fff,0x1fff,0x204b,0x204b,0x20a0,0x20a0,0x2137,0x2137,0x21cd,0x21cd,0x22da,0x22da,0x2440,0x2440,0x26b6,0x26b6,0x29bb,0x29bb,0x2f54,0x2f54,0x360c,0x360c,0x4381,0x4381,0x53da,0x53da,
	0x1f68,0x1f68,0x1fa2,0x1fa2,0x1fd1,0x1fd1,0x1fff,0x1fff,0x204b,0x204b,0x20a0,0x20a0,0x2137,0x2137,0x21cd,0x21cd,0x22da,0x22da,0x2440,0x2440,0x26b6,0x26b6,0x29bb,0x29bb,0x2f54,0x2f54,0x360c,0x360c,0x4381,0x4381,0x53da,0x53da,
	0x2f06,0x2f06,0x2f2e,0x2f2e,0x2f4f,0x2f4f,0x2f6f,0x2f6f,0x2fa5,0x2fa5,0x2fe2,0x2fe2,0x3053,0x3053,0x30d5,0x30d5,0x31c4,0x31c4,0x32eb,0x32eb,0x34db,0x34db,0x378c,0x378c,0x3cc9,0x3cc9,0x4381,0x4381,0x4fc0,0x4fc0,0x5f06,0x5f06,
	0x2f06,0x2f06,0x2f2e,0x2f2e,0x2f4f,0x2f4f,0x2f6f,0x2f6f,0x2fa5,0x2fa5,0x2fe2,0x2fe2,0x3053,0x3053,0x30d5,0x30d5,0x31c4,0x31c4,0x32eb,0x32eb,0x34db,0x34db,0x378c,0x378c,0x3cc9,0x3cc9,0x4381,0x4381,0x4fc0,0x4fc0,0x5f06,0x5f06,
	0x444f,0x444f,0x4458,0x4458,0x445d,0x445d,0x4465,0x4465,0x4472,0x4472,0x4484,0x4484,0x44a9,0x44a9,0x44de,0x44de,0x454d,0x454d,0x45f4,0x45f4,0x474a,0x474a,0x4945,0x4945,0x4dc5,0x4dc5,0x53da,0x53da,0x5f06,0x5f06,0x6cda,0x6cda,
	0x444f,0x444f,0x4458,0x4458,0x445d,0x445d,0x4465,0x4465,0x4472,0x4472,0x4484,0x4484,0x44a9,0x44a9,0x44de,0x44de,0x454d,0x454d,0x45f4,0x45f4,0x474a,0x474a,0x4945,0x4945,0x4dc5,0x4dc5,0x53da,0x53da,0x5f06,0x5f06,0x6cda,0x6cda,
	0x041b,0x04fc,0x043d,0x054f,0x048d,0x0591,0x04d1,0x05d4,0x0526,0x063e,0x059b,0x06b7,0x0637,0x077e,0x070d,0x0862,0x083e,0x09ec,0x09e5,0x0bb0,0x0c46,0x0ed3,0x0f8e,0x1222,0x1450,0x18a7,0x1b94,0x20a7,0x26d7,0x3009,0x38de,0x44c7,
	0x04fc,0x04fc,0x054f,0x054f,0x0591,0x0591,0x05d4,0x05d4,0x063e,0x063e,0x06b7,0x06b7,0x077e,0x077e,0x0862,0x0862,0x09ec,0x09ec,0x0bb0,0x0bb0,0x0ed3,0x0ed3,0x1222,0x1222,0x18a7,0x18a7,0x20a7,0x20a7,0x3009,0x3009,0x44c7,0x44c7,
	0x043d,0x054f,0x045d,0x05a1,0x04ae,0x05e4,0x04f2,0x0626,0x0549,0x0693,0x05bc,0x0708,0x0659,0x07d0,0x072e,0x08b1,0x085e,0x0a39,0x0a07,0x0bff,0x0c63,0x0f1a,0x0fad,0x1269,0x146a,0x18e6,0x1bab,0x20df,0x26e6,0x302e,0x38e1,0x44cf,
	0x054f,0x054f,0x05a1,0x05a1,0x05e4,0x05e4,0x0626,0x0626,0x0693,0x0693,0x0708,0x0708,0x07d0,0x07d0,0x08b1,0x08b1,0x0a39,0x0a39,0x0bff,0x0bff,0x0f1a,0x0f1a,0x1269,0x1269,0x18e6,0x18e6,0x20df,0x20df,0x302e,0x302e,0x44cf,0x44cf,
	0x048d,0x0591,0x04ae,0x05e4,0x04fc,0x0626,0x0541,0x066a,0x0597,0x06d5,0x060c,0x074d,0x06a5,0x0811,0x077c,0x08f3,0x08aa,0x0a79,0x0a51,0x0c3f,0x0cac,0x0f56,0x0ff3,0x12a2,0x14aa,0x191c,0x1be7,0x210f,0x2716,0x304d,0x38fc,0x44d5,
	0x0591,0x0591,0x05e4,0x05e4,0x0626,0x0626,0x066a,0x066a,0x06d5,0x06d5,0x074d,0x074d,0x0811,0x0811,0x08f3,0x08f3,0x0a79,0x0a79,0x0c3f,0x0c3f,0x0f56,0x0f56,0x12a2,0x12a2,0x191c,0x191c,0x210f,0x210f,0x304d,0x304d,0x44d5,0x44d5,
	0x04d1,0x05d4,0x04f2,0x0626,0x0541,0x066a,0x0586,0x06ad,0x05db,0x0716,0x0651,0x078e,0x06e9,0x0851,0x07c0,0x0933,0x08eb,0x0ab9,0x0a91,0x0c7b,0x0cea,0x0f8e,0x102f,0x12db,0x14e3,0x1952,0x1c1b,0x213b,0x2740,0x306d,0x3913,0x44dc,
	0x05d4,0x05d4,0x0626,0x0626,0x066a,0x066a,0x06ad,0x06ad,0x0716,0x0716,0x078e,0x078e,0x0851,0x0851,0x0933,0x0933,0x0ab9,0x0ab9,0x0c7b,0x0c7b,0x0f8e,0x0f8e,0x12db,0x12db,0x1952,0x1952,0x213b,0x213b,0x306d,0x306d,0x44dc,0x44dc,
	0x0526,0x063e,0x0549,0x0693,0x0597,0x06d5,0x05db,0x0716,0x0631,0x0780,0x06a3,0x07f6,0x073c,0x08ba,0x0810,0x0997,0x093c,0x0b1c,0x0ae1,0x0cde,0x0d36,0x0fed,0x107a,0x1337,0x1529,0x19a4,0x1c58,0x2180,0x2771,0x30a0,0x392c,0x44e9,
	0x063e,0x063e,0x0693,0x0693,0x06d5,0x06d5,0x0716,0x0716,0x0780,0x0780,0x07f6,0x07f6,0x08ba,0x08ba,0x0997,0x0997,0x0b1c,0x0b1c,0x0cde,0x0cde,0x0fed,0x0fed,0x1337,0x1337,0x19a4,0x19a4,0x2180,0x2180,0x30a0,0x30a0,0x44e9,0x44e9,
	0x059b,0x06b7,0x05bc,0x0708,0x060c,0x074d,0x0651,0x078e,0x06a3,0x07f6,0x0714,0x086a,0x07aa,0x092c,0x0880,0x0a0b,0x09a8,0x0b8d,0x0b4a,0x0d4b,0x0d9a,0x104a,0x10df,0x139c,0x1588,0x1a02,0x1ca7,0x21c6,0x27b8,0x30db,0x3952,0x44f8,
	0x06b7,0x06b7,0x0708,0x0708,0x074d,0x074d,0x078e,0x078e,0x07f6,0x07f6,0x086a,0x086a,0x092c,0x092c,0x0a0b,0x0a0b,0x0b8d,0x0b8d,0x0d4b,0x0d4b,0x104a,0x104a,0x139c,0x139c,0x1a02,0x1a02,0x21c6,0x21c6,0x30db,0x30db,0x44f8,0x44f8,
	0x0637,0x077e,0x0659,0x07d0,0x06a5,0x0811,0x06e9,0x0851,0x073c,0x08ba,0x07aa,0x092c,0x0846,0x09f5,0x091a,0x0ad1,0x0a40,0x0c51,0x0bdf,0x0e0a,0x0e18,0x10d8,0x1169,0x1450,0x160a,0x1aa8,0x1d12,0x223a,0x2818,0x3147,0x3986,0x451d,
	0x077e,0x077e,0x07d0,0x07d0,0x0811,0x0811,0x0851,0x0851,0x08ba,0x08ba,0x092c,0x092c,0x09f5,0x09f5,0x0ad1,0x0ad1,0x0c51,0x0c51,0x0e0a,0x0e0a,0x10d8,0x10d8,0x1450,0x1450,0x1aa8,0x1aa8,0x223a,0x223a,0x3147,0x3147,0x451d,0x451d,
	0x070d,0x0862,0x072e,0x08b1,0x077c,0x08f3,0x07c0,0x0933,0x0810,0x0997,0x0880,0x0a0b,0x091a,0x0ad1,0x09ed,0x0ba9,0x0b11,0x0d24,0x0cad,0x0edb,0x0ede,0x119e,0x1229,0x1515,0x16c3,0x1b5f,0x1db8,0x22da,0x28a8,0x31c4,0x39de,0x454d,
	0x0862,0x0862,0x08b1,0x08b1,0x08f3,0x08f3,0x0933,0x0933,0x0997,0x0997,0x0a0b,0x0a0b,0x0ad1,0x0ad1,0x0ba9,0x0ba9,0x0d24,0x0d24,0x0edb,0x0edb,0x119e,0x119e,0x1515,0x1515,0x1b5f,0x1b5f,0x22da,0x22da,0x31c4,0x31c4,0x454d,0x454d,
	0x083e,0x09ec,0x085e,0x0a39,0x08aa,0x0a79,0x08eb,0x0ab9,0x093c,0x0b1c,0x09a8,0x0b8d,0x0a40,0x0c51,0x0b11,0x0d24,0x0c30,0x0e9b,0x0dc2,0x103c,0x0ff4,0x12ff,0x132a,0x166e,0x17c2,0x1ca5,0x1ea3,0x23fe,0x2962,0x32ac,0x3a5b,0x45be,
	0x09ec,0x09ec,0x0a39,0x0a39,0x0a79,0x0a79,0x0ab9,0x0ab9,0x0b1c,0x0b1c,0x0b8d,0x0b8d,0x0c51,0x0c51,0x0d24,0x0d24,0x0e9b,0x0e9b,0x103c,0x103c,0x12ff,0x12ff,0x166e,0x166e,0x1ca5,0x1ca5,0x23fe,0x23fe,0x32ac,0x32ac,0x45be,0x45be,
	0x09e5,0x0bb0,0x0a07,0x0bff,0x0a51,0x0c3f,0x0a91,0x0c7b,0x0ae1,0x0cde,0x0b4a,0x0d4b,0x0bdf,0x0e0a,0x0cad,0x0edb,0x0dc2,0x103c,0x0f3e,0x11af,0x1180,0x149e,0x148f,0x17ff,0x1932,0x1e1e,0x1ffb,0x255e,0x2a78,0x33c1,0x3b2b,0x465b,
	0x0bb0,0x0bb0,0x0bff,0x0bff,0x0c3f,0x0c3f,0x0c7b,0x0c7b,0x0cde,0x0cde,0x0d4b,0x0d4b,0x0e0a,0x0e0a,0x0edb,0x0edb,0x103c,0x103c,0x11af,0x11af,0x149e,0x149e,0x17ff,0x17ff,0x1e1e,0x1e1e,0x255e,0x255e,0x33c1,0x33c1,0x465b,0x465b,
	0x0c46,0x0ed3,0x0c63,0x0f1a,0x0cac,0x0f56,0x0cea,0x0f8e,0x0d36,0x0fed,0x0d9a,0x104a,0x0e18,0x10d8,0x0ede,0x119e,0x0ff4,0x12ff,0x1180,0x149e,0x139b,0x176a,0x16ad,0x1ab6,0x1b39,0x20af,0x21e3,0x27c4,0x2c18,0x35a3,0x3c60,0x4797,
	0x0ed3,0x0ed3,0x0f1a,0x0f1a,0x0f56,0x0f56,0x0f8e,0x0f8e,0x0fed,0x0fed,0x104a,0x104a,0x10d8,0x10d8,0x119e,0x119e,0x12ff,0x12ff,0x149e,0x149e,0x176a,0x176a,0x1ab6,0x1ab6,0x20af,0x20af,0x27c4,0x27c4,0x35a3,0x35a3,0x4797,0x4797,
	0x0f8e,0x1222,0x0fad,0x1269,0x0ff3,0x12a2,0x102f,0x12db,0x107a,0x1337,0x10df,0x139c,0x1169,0x1450,0x1229,0x1515,0x132a,0x166e,0x148f,0x17ff,0x16ad,0x1ab6,0x19b9,0x1df3,0x1e12,0x2389,0x24af,0x2ab9,0x2eab,0x3843,0x3e59,0x498c,
	0x1222,0x1222,0x1269,0x1269,0x12a2,0x12a2,0x12db,0x12db,0x1337,0x1337,0x139c,0x139c,0x1450,0x1450,0x1515,0x1515,0x166e,0x166e,0x17ff,0x17ff,0x1ab6,0x1ab6,0x1df3,0x1df3,0x2389,0x2389,0x2ab9,0x2ab9,0x3843,0x3843,0x498c,0x498c,
	0x1450,0x18a7,0x146a,0x18e6,0x14aa,0x191c,0x14e3,0x1952,0x1529,0x19a4,0x1588,0x1a02,0x160a,0x1aa8,0x16c3,0x1b5f,0x17c2,0x1ca5,0x1932,0x1e1e,0x1b39,0x20af,0x1e12,0x2389,0x226d,0x293b,0x28bd,0x3033,0x329a,0x3d5c,0x41cb,0x4dee,
	0x18a7,0x18a7,0x18e6,0x18e6,0x191c,0x191c,0x1952,0x1952,0x19a4,0x19a4,0x1a02,0x1a02,0x1aa8,0x1aa8,0x1b5f,0x1b5f,0x1ca5,0x1ca5,0x1e1e,0x1e1e,0x20af,0x20af,0x2389,0x2389,0x293b,0x293b,0x3033,0x3033,0x3d5c,0x3d5c,0x4dee,0x4dee,
	0x1b94,0x20a7,0x1bab,0x20df,0x1be7,0x210f,0x1c1b,0x213b,0x1c58,0x2180,0x1ca7,0x21c6,0x1d12,0x223a,0x1db8,0x22da,0x1ea3,0x23fe,0x1ffb,0x255e,0x21e3,0x27c4,0x24af,0x2ab9,0x28bd,0x3033,0x2ef0,0x36c4,0x38b0,0x43e6,0x476b,0x53eb,
	0x20a7,0x20a7,0x20df,0x20df,0x210f,0x210f,0x213b,0x213b,0x2180,0x2180,0x21c6,0x21c6,0x223a,0x223a,0x22da,0x22da,0x23fe,0x23fe,0x255e,0x255e,0x27c4,0x27c4,0x2ab9,0x2ab9,0x3033,0x3033,0x36c4,0x36c4,0x43e6,0x43e6,0x53eb,0x53eb,
	0x26d7,0x3009,0x26e6,0x302e,0x2716,0x304d,0x2740,0x306d,0x2771,0x30a0,0x27b8,0x30db,0x2818,0x3147,0x28a8,0x31c4,0x2962,0x32ac,0x2a78,0x33c1,0x2c18,0x35a3,0x2eab,0x3843,0x329a,0x3d5c,0x38b0,0x43e6,0x41b3,0x4fde,0x5017,0x5f08,
	0x3009,0x3009,0x302e,0x302e,0x304d,0x304d,0x306d,0x306d,0x30a0,0x30a0,0x30db,0x30db,0x3147,0x3147,0x31c4,0x31c4,0x32ac,0x32ac,0x33c1,0x33c1,0x35a3,0x35a3,0x3843,0x3843,0x3d5c,0x3d5c,0x43e6,0x43e6,0x4fde,0x4fde,0x5f08,0x5f08,
	0x38de,0x44c7,0x38e1,0x44cf,0x38fc,0x44d5,0x3913,0x44dc,0x392c,0x44e9,0x3952,0x44f8,0x3986,0x451d,0x39de,0x454d,0x3a5b,0x45be,0x3b2b,0x465b,0x3c60,0x4797,0x3e59,0x498c,0x41cb,0x4dee,0x476b,0x53eb,0x5017,0x5f08,0x5d2c,0x6cdb,
	0x44c7,0x44c7,0x44cf,0x44cf,0x44d5,0x44d5,0x44dc,0x44dc,0x44e9,0x44e9,0x44f8,0x44f8,0x451d,0x451d,0x454d,0x454d,0x45be,0x45be,0x465b,0x465b,0x4797,0x4797,0x498c,0x498c,0x4dee,0x4dee,0x53eb,0x53eb,0x5f08,0x5f08,0x6cdb,0x6cdb,
	0x04fc,0x04fc,0x054f,0x054f,0x0591,0x0591,0x05d4,0x05d4,0x063e,0x063e,0x06b7,0x06b7,0x077e,0x077e,0x0862,0x0862,0x09ec,0x09ec,0x0bb0,0x0bb0,0x0ed3,0x0ed3,0x1222,0x1222,0x18a7,0x18a7,0x20a7,0x20a7,0x3009,0x3009,0x44c7,0x44c7,
	0x04fc,0x04fc,0x054f,0x054f,0x0591,0x0591,0x05d4,0x05d4,0x063e,0x063e,0x06b7,0x06b7,0x077e,0x077e,0x0862,0x0862,0x09ec,0x09ec,0x0bb0,0x0bb0,0x0ed3,0x0ed3,0x1222,0x1222,0x18a7,0x18a7,0x20a7,0x20a7,0x3009,0x3009,0x44c7,0x44c7,
	0x054f,0x054f,0x05a1,0x05a1,0x05e4,0x05e4,0x0626,0x0626,0x0693,0x0693,0x0708,0x0708,0x07d0,0x07d0,0x08b1,0x08b1,0x0a39,0x0a39,0x0bff,0x0bff,0x0f1a,0x0f1a,0x1269,0x1269,0x18e6,0x18e6,0x20df,0x20df,0x302e,0x302e,0x44cf,0x44cf,
	0x054f,0x054f,0x05a1,0x05a1,0x05e4,0x05e4,0x0626,0x0626,0x0693,0x0693,0x0708,0x0708,0x07d0,0x07d0,0x08b1,0x08b1,0x0a39,0x0a39,0x0bff,0x0bff,0x0f1a,0x0f1a,0x1269,0x1269,0x18e6,0x18e6,0x20df,0x20df,0x302e,0x302e,0x44cf,0x44cf,
	0x0591,0x0591,0x05e4,0x05e4,0x0626,0x0626,0x066a,0x066a,0x06d5,0x06d5,0x074d,0x074d,0x0811,0x0811,0x08f3,0x08f3,0x0a79,0x0a79,0x0c3f,0x0c3f,0x0f56,0x0f56,0x12a2,0x12a2,0x191c,0x191c,0x210f,0x210f,0x304d,0x304d,0x44d5,0x44d5,
	0x0591,0x0591,0x05e4,0x05e4,0x0626,0x0626,0x066a,0x066a,0x06d5,0x06d5,0x074d,0x074d,0x0811,0x0811,0x08f3,0x08f3,0x0a79,0x0a79,0x0c3f,0x0c3f,0x0f56,0x0f56,0x12a2,0x12a2,0x191c,0x191c,0x210f,0x210f,0x304d,0x304d,0x44d5,0x44d5,
	0x05d4,0x05d4,0x0626,0x0626,0x066a,0x066a,0x06ad,0x06ad,0x0716,0x0716,0x078e,0x078e,0x0851,0x0851,0x0933,0x0933,0x0ab9,0x0ab9,0x0c7b,0x0c7b,0x0f8e,0x0f8e,0x12db,0x12db,0x1952,0x1952,0x213b,0x213b,0x306d,0x306d,0x44dc,0x44dc,
	0x05d4,0x05d4,0x0626,0x0626,0x066a,0x066a,0x06ad,0x06ad,0x0716,0x0716,0x078e,0x078e,0x0851,0x0851,0x0933,0x0933,0x0ab9,0x0ab9,0x0c7b,0x0c7b,0x0f8e,0x0f8e,0x12db,0x12db,0x1952,0x1952,0x213b,0x213b,0x306d,0x306d,0x44dc,0x44dc,
	0x063e,0x063e,0x0693,0x0693,0x06d5,0x06d5,0x0716,0x0716,0x0780,0x0780,0x07f6,0x07f6,0x08ba,0x08ba,0x0997,0x0997,0x0b1c,0x0b1c,0x0cde,0x0cde,0x0fed,0x0fed,0x1337,0x1337,0x19a4,0x19a4,0x2180,0x2180,0x30a0,0x30a0,0x44e9,0x44e9,
	0x063e,0x063e,0x0693,0x0693,0x06d5,0x06d5,0x0716,0x0716,0x0780,0x0780,0x07f6,0x07f6,0x08ba,0x08ba,0x0997,0x0997,0x0b1c,0x0b1c,0x0cde,0x0cde,0x0fed,0x0fed,0x1337,0x1337,0x19a4,0x19a4,0x2180,0x2180,0x30a0,0x30a0,0x44e9,0x44e9,
	0x06b7,0x06b7,0x0708,0x0708,0x074d,0x074d,0x078e,0x078e,0x07f6,0x07f6,0x086a,0x086a,0x092c,0x092c,0x0a0b,0x0a0b,0x0b8d,0x0b8d,0x0d4b,0x0d4b,0x104a,0x104a,0x139c,0x139c,0x1a02,0x1a02,0x21c6,0x21c6,0x30db,0x30db,0x44f8,0x44f8,
	0x06b7,0x06b7,0x0708,0x0708,0x074d,0x074d,0x078e,0x078e,0x07f6,0x07f6,0x086a,0x086a,0x092c,0x092c,0x0a0b,0x0a0b,0x0b8d,0x0b8d,0x0d4b,0x0d4b,0x104a,0x104a,0x139c,0x139c,0x1a02,0x1a02,0x21c6,0x21c6,0x30db,0x30db,0x44f8,0x44f8,
	0x077e,0x077e,0x07d0,0x07d0,0x0811,0x0811,0x0851,0x0851,0x08ba,0x08ba,0x092c,0x092c,0x09f5,0x09f5,0x0ad1,0x0ad1,0x0c51,0x0c51,0x0e0a,0x0e0a,0x10d8,0x10d8,0x1450,0x1450,0x1aa8,0x1aa8,0x223a,0x223a,0x3147,0x3147,0x451d,0x451d,
	0x077e,0x077e,0x07d0,0x07d0,0x0811,0x0811,0x0851,0x0851,0x08ba,0x08ba,0x092c,0x092c,0x09f5,0x09f5,0x0ad1,0x0ad1,0x0c51,0x0c51,0x0e0a,0x0e0a,0x10d8,0x10d8,0x1450,0x1450,0x1aa8,0x1aa8,0x223a,0x223a,0x3147,0x3147,0x451d,0x451d,
	0x0862,0x0862,0x08b1,0x08b1,0x08f3,0x08f3,0x0933,0x0933,0x0997,0x0997,0x0a0b,0x0a0b,0x0ad1,0x0ad1,0x0ba9,0x0ba9,0x0d24,0x0d24,0x0edb,0x0edb,0x119e,0x119e,0x1515,0x1515,0x1b5f,0x1b5f,0x22da,0x22da,0x31c4,0x31c4,0x454d,0x454d,
	0x0862,0x0862,0x08b1,0x08b1,0x08f3,0x08f3,0x0933,0x0933,0x0997,0x0997,0x0a0b,0x0a0b,0x0ad1,0x0ad1,0x0ba9,0x0ba9,0x0d24,0x0d24,0x0edb,0x0edb,0x119e,0x119e,0x1515,0x1515,0x1b5f,0x1b5f,0x22da,0x22da,0x31c4,0x31c4,0x454d,0x454d,
	0x09ec,0x09ec,0x0a39,0x0a39,0x0a79,0x0a79,0x0ab9,0x0ab9,0x0b1c,0x0b1c,0x0b8d,0x0b8d,0x0c51,0x0c51,0x0d24,0x0d24,0x0e9b,0x0e9b,0x103c,0x103c,0x12ff,0x12ff,0x166e,0x166e,0x1ca5,0x1ca5,0x23fe,0x23fe,0x32ac,0x32ac,0x45be,0x45be,
	0x09ec,0x09ec,0x0a39,0x0a39,0x0a79,0x0a79,0x0ab9,0x0ab9,0x0b1c,0x0b1c,0x0b8d,0x0b8d,0x0c51,0x0c51,0x0d24,0x0d24,0x0e9b,0x0e9b,0x103c,0x103c,0x12ff,0x12ff,0x166e,0x166e,0x1ca5,0x1ca5,0x23fe,0x23fe,0x32ac,0x32ac,0x45be,0x45be,
	0x0bb0,0x0bb0,0x0bff,0x0bff,0x0c3f,0x0c3f,0x0c7b,0x0c7b,0x0cde,0x0cde,0x0d4b,0x0d4b,0x0e0a,0x0e0a,0x0edb,0x0edb,0x103c,0x103c,0x11af,0x11af,0x149e,0x149e,0x17ff,0x17ff,0x1e1e,0x1e1e,0x255e,0x255e,0x33c1,0x33c1,0x465b,0x465b,
	0x0bb0,0x0bb0,0x0bff,0x0bff,0x0c3f,0x0c3f,0x0c7b,0x0c7b,0x0cde,0x0cde,0x0d4b,0x0d4b,0x0e0a,0x0e0a,0x0edb,0x0edb,0x103c,0x103c,0x11af,0x11af,0x149e,0x149e,0x17ff,0x17ff,0x1e1e,0x1e1e,0x255e,0x255e,0x33c1,0x33c1,0x465b,0x465b,
	0x0ed3,0x0ed3,0x0f1a,0x0f1a,0x0f56,0x0f56,0x0f8e,0x0f8e,0x0fed,0x0fed,0x104a,0x104a,0x10d8,0x10d8,0x119e,0x119e,0x12ff,0x12ff,0x149e,0x149e,0x176a,0x176a,0x1ab6,0x1ab6,0x20af,0x20af,0x27c4,0x27c4,0x35a3,0x35a3,0x4797,0x4797,
	0x0ed3,0x0ed3,0x0f1a,0x0f1a,0x0f56,0x0f56,0x0f8e,0x0f8e,0x0fed,0x0fed,0x104a,0x104a,0x10d8,0x10d8,0x119e,0x119e,0x12ff,0x12ff,0x149e,0x149e,0x176a,0x176a,0x1ab6,0x1ab6,0x20af,0x20af,0x27c4,0x27c4,0x35a3,0x35a3,0x4797,0x4797,
	0x1222,0x1222,0x1269,0x1269,0x12a2,0x12a2,0x12db,0x12db,0x1337,0x1337,0x139c,0x139c,0x1450,0x1450,0x1515,0x1515,0x166e,0x166e,0x17ff,0x17ff,0x1ab6,0x1ab6,0x1df3,0x1df3,0x2389,0x2389,0x2ab9,0x2ab9,0x3843,0x3843,0x498c,0x498c,
	0x1222,0x1222,0x1269,0x1269,0x12a2,0x12a2,0x12db,0x12db,0x1337,0x1337,0x139c,0x139c,0x1450,0x1450,0x1515,0x1515,0x166e,0x166e,0x17ff,0x17ff,0x1ab6,0x1ab6,0x1df3,0x1df3,0x2389,0x2389,0x2ab9,0x2ab9,0x3843,0x3843,0x498c,0x498c,
	0x18a7,0x18a7,0x18e6,0x18e6,0x191c,0x191c,0x1952,0x1952,0x19a4,0x19a4,0x1a02,0x1a02,0x1aa8,0x1aa8,0x1b5f,0x1b5f,0x1ca5,0x1ca5,0x1e1e,0x1e1e,0x20af,0x20af,0x2389,0x2389,0x293b,0x293b,0x3033,0x3033,0x3d5c,0x3d5c,0x4dee,0x4dee,
	0x18a7,0x18a7,0x18e6,0x18e6,0x191c,0x191c,0x1952,0x1952,0x19a4,0x19a4,0x1a02,0x1a02,0x1aa8,0x1aa8,0x1b5f,0x1b5f,0x1ca5,0x1ca5,0x1e1e,0x1e1e,0x20af,0x20af,0x2389,0x2389,0x293b,0x293b,0x3033,0x3033,0x3d5c,0x3d5c,0x4dee,0x4dee,
	0x20a7,0x20a7,0x20df,0x20df,0x210f,0x210f,0x213b,0x213b,0x2180,0x2180,0x21c6,0x21c6,0x223a,0x223a,0x22da,0x22da,0x23fe,0x23fe,0x255e,0x255e,0x27c4,0x27c4,0x2ab9,0x2ab9,0x3033,0x3033,0x36c4,0x36c4,0x43e6,0x43e6,0x53eb,0x53eb,
	0x20a7,0x20a7,0x20df,0x20df,0x210f,0x210f,0x213b,0x213b,0x2180,0x2180,0x21c6,0x21c6,0x223a,0x223a,0x22da,0x22da,0x23fe,0x23fe,0x255e,0x255e,0x27c4,0x27c4,0x2ab9,0x2ab9,0x3033,0x3033,0x36c4,0x36c4,0x43e6,0x43e6,0x53eb,0x53eb,
	0x3009,0x3009,0x302e,0x302e,0x304d,0x304d,0x306d,0x306d,0x30a0,0x30a0,0x30db,0x30db,0x3147,0x3147,0x31c4,0x31c4,0x32ac,0x32ac,0x33c1,0x33c1,0x35a3,0x35a3,0x3843,0x3843,0x3d5c,0x3d5c,0x43e6,0x43e6,0x4fde,0x4fde,0x5f08,0x5f08,
	0x3009,0x3009,0x302e,0x302e,0x304d,0x304d,0x306d,0x306d,0x30a0,0x30a0,0x30db,0x30db,0x3147,0x3147,0x31c4,0x31c4,0x32ac,0x32ac,0x33c1,0x33c1,0x35a3,0x35a3,0x3843,0x3843,0x3d5c,0x3d5c,0x43e6,0x43e6,0x4fde,0x4fde,0x5f08,0x5f08,
	0x44c7,0x44c7,0x44cf,0x44cf,0x44d5,0x44d5,0x44dc,0x44dc,0x44e9,0x44e9,0x44f8,0x44f8,0x451d,0x451d,0x454d,0x454d,0x45be,0x45be,0x465b,0x465b,0x4797,0x4797,0x498c,0x498c,0x4dee,0x4dee,0x53eb,0x53eb,0x5f08,0x5f08,0x6cdb,0x6cdb,
	0x44c7,0x44c7,0x44cf,0x44cf,0x44d5,0x44d5,0x44dc,0x44dc,0x44e9,0x44e9,0x44f8,0x44f8,0x451d,0x451d,0x454d,0x454d,0x45be,0x45be,0x465b,0x465b,0x4797,0x4797,0x498c,0x498c,0x4dee,0x4dee,0x53eb,0x53eb,0x5f08,0x5f08,0x6cdb,0x6cdb,
	0x05d7,0x06d8,0x05f9,0x072a,0x0646,0x076b,0x0689,0x07ad,0x06dc,0x0815,0x074d,0x088b,0x07e9,0x0952,0x08b9,0x0a2a,0x09e5,0x0bb0,0x0b8e,0x0d75,0x0dda,0x106b,0x1125,0x13d4,0x15d1,0x1a41,0x1cf1,0x21fb,0x281f,0x314d,0x39c6,0x457e,
	0x06d8,0x06d8,0x072a,0x072a,0x076b,0x076b,0x07ad,0x07ad,0x0815,0x0815,0x088b,0x088b,0x0952,0x0952,0x0a2a,0x0a2a,0x0bb0,0x0bb0,0x0d75,0x0d75,0x106b,0x106b,0x13d4,0x13d4,0x1a41,0x1a41,0x21fb,0x21fb,0x314d,0x314d,0x457e,0x457e,
	0x05f9,0x072a,0x061b,0x077d,0x0668,0x07bd,0x06ab,0x07fe,0x06ff,0x0866,0x076f,0x08dc,0x080a,0x09a0,0x08db,0x0a79,0x0a07,0x0bff,0x0bae,0x0dc1,0x0dee,0x109b,0x1141,0x1417,0x15eb,0x1a80,0x1d04,0x2228,0x282c,0x316e,0x39c8,0x4583,
	0x072a,0x072a,0x077d,0x077d,0x07bd,0x07bd,0x07fe,0x07fe,0x0866,0x0866,0x08dc,0x08dc,0x09a0,0x09a0,0x0a79,0x0a79,0x0bff,0x0bff,0x0dc1,0x0dc1,0x109b,0x109b,0x1417,0x1417,0x1a80,0x1a80,0x2228,0x2228,0x316e,0x316e,0x4583,0x4583,
	0x0646,0x076b,0x0668,0x07bd,0x06b5,0x0800,0x06f8,0x0840,0x074b,0x08a7,0x07bd,0x091e,0x0854,0x09df,0x0927,0x0ab9,0x0a51,0x0c3f,0x0bf4,0x0dfc,0x0e33,0x10d0,0x1182,0x144d,0x162c,0x1ab4,0x1d3b,0x2251,0x285a,0x318b,0x39e2,0x458b,
	0x076b,0x076b,0x07bd,0x07bd,0x0800,0x0800,0x0840,0x0840,0x08a7,0x08a7,0x091e,0x091e,0x09df,0x09df,0x0ab9,0x0ab9,0x0c3f,0x0c3f,0x0dfc,0x0dfc,0x10d0,0x10d0,0x144d,0x144d,0x1ab4,0x1ab4,0x2251,0x2251,0x318b,0x318b,0x458b,0x458b,
	0x0689,0x07ad,0x06ab,0x07fe,0x06f8,0x0840,0x073a,0x087f,0x078f,0x08e9,0x0800,0x095f,0x0899,0x0a21,0x0967,0x0af7,0x0a91,0x0c7b,0x0c33,0x0e38,0x0e71,0x1109,0x11bc,0x1484,0x1661,0x1ae3,0x1d6d,0x227d,0x2884,0x31aa,0x39f7,0x4590,
	0x07ad,0x07ad,0x07fe,0x07fe,0x0840,0x0840,0x087f,0x087f,0x08e9,0x08e9,0x095f,0x095f,0x0a21,0x0a21,0x0af7,0x0af7,0x0c7b,0x0c7b,0x0e38,0x0e38,0x1109,0x1109,0x1484,0x1484,0x1ae3,0x1ae3,0x227d,0x227d,0x31aa,0x31aa,0x4590,0x4590,
	0x06dc,0x0815,0x06ff,0x0866,0x074b,0x08a7,0x078f,0x08e9,0x07e2,0x0950,0x0852,0x09c6,0x08e9,0x0a83,0x09b8,0x0b5c,0x0ae1,0x0cde,0x0c82,0x0e98,0x0eba,0x1162,0x1203,0x14dc,0x16a6,0x1b35,0x1daa,0x22c1,0x28b3,0x31d9,0x3a0e,0x459b,
	0x0815,0x0815,0x0866,0x0866,0x08a7,0x08a7,0x08e9,0x08e9,0x0950,0x0950,0x09c6,0x09c6,0x0a83,0x0a83,0x0b5c,0x0b5c,0x0cde,0x0cde,0x0e98,0x0e98,0x1162,0x1162,0x14dc,0x14dc,0x1b35,0x1b35,0x22c1,0x22c1,0x31d9,0x31d9,0x459b,0x459b,
	0x074d,0x088b,0x076f,0x08dc,0x07bd,0x091e,0x0800,0x095f,0x0852,0x09c6,0x08c0,0x0a37,0x0956,0x0af3,0x0a25,0x0bcc,0x0b4a,0x0d4b,0x0ce9,0x0f01,0x0f1f,0x11c7,0x1264,0x153e,0x1703,0x1b90,0x1dfc,0x2312,0x28f4,0x3212,0x3a33,0x45a9,
	0x088b,0x088b,0x08dc,0x08dc,0x091e,0x091e,0x095f,0x095f,0x09c6,0x09c6,0x0a37,0x0a37,0x0af3,0x0af3,0x0bcc,0x0bcc,0x0d4b,0x0d4b,0x0f01,0x0f01,0x11c7,0x11c7,0x153e,0x153e,0x1b90,0x1b90,0x2312,0x2312,0x3212,0x3212,0x45a9,0x45a9,
	0x07e9,0x0952,0x080a,0x09a0,0x0854,0x09df,0x0899,0x0a21,0x08e9,0x0a83,0x0956,0x0af3,0x09ed,0x0bb7,0x0aba,0x0c8d,0x0bdf,0x0e0a,0x0d7a,0x0fbb,0x0fac,0x127c,0x12e6,0x15ee,0x1781,0x1c2e,0x1e6f,0x239f,0x2948,0x3276,0x3a63,0x45c9,
	0x0952,0x0952,0x09a0,0x09a0,0x09df,0x09df,0x0a21,0x0a21,0x0a83,0x0a83,0x0af3,0x0af3,0x0bb7,0x0bb7,0x0c8d,0x0c8d,0x0e0a,0x0e0a,0x0fbb,0x0fbb,0x127c,0x127c,0x15ee,0x15ee,0x1c2e,0x1c2e,0x239f,0x239f,0x3276,0x3276,0x45c9,0x45c9,
	0x08b9,0x0a2a,0x08db,0x0a79,0x0927,0x0ab9,0x0967,0x0af7,0x09b8,0x0b5c,0x0a25,0x0bcc,0x0aba,0x0c8d,0x0b8c,0x0d66,0x0cad,0x0edb,0x0e38,0x106b,0x1070,0x1341,0x138b,0x16ad,0x1838,0x1ce2,0x1f15,0x2440,0x29bf,0x32eb,0x3ab6,0x45f4,
	0x0a2a,0x0a2a,0x0a79,0x0a79,0x0ab9,0x0ab9,0x0af7,0x0af7,0x0b5c,0x0b5c,0x0bcc,0x0bcc,0x0c8d,0x0c8d,0x0d66,0x0d66,0x0edb,0x0edb,0x106b,0x106b,0x1341,0x1341,0x16ad,0x16ad,0x1ce2,0x1ce2,0x2440,0x2440,0x32eb,0x32eb,0x45f4,0x45f4,
	0x09e5,0x0bb0,0x0a07,0x0bff,0x0a51,0x0c3f,0x0a91,0x0c7b,0x0ae1,0x0cde,0x0b4a,0x0d4b,0x0bdf,0x0e0a,0x0cad,0x0edb,0x0dc2,0x103c,0x0f3e,0x11af,0x1180,0x149e,0x148f,0x17ff,0x1932,0x1e1e,0x1ffb,0x255e,0x2a78,0x33c1,0x3b2b,0x465b,
	0x0bb0,0x0bb0,0x0bff,0x0bff,0x0c3f,0x0c3f,0x0c7b,0x0c7b,0x0cde,0x0cde,0x0d4b,0x0d4b,0x0e0a,0x0e0a,0x0edb,0x0edb,0x103c,0x103c,0x11af,0x11af,0x149e,0x149e,0x17ff,0x17ff,0x1e1e,0x1e1e,0x255e,0x255e,0x33c1,0x33c1,0x465b,0x465b,
	0x0b8e,0x0d75,0x0bae,0x0dc1,0x0bf4,0x0dfc,0x0c33,0x0e38,0x0c82,0x0e98,0x0ce9,0x0f01,0x0d7a,0x0fbb,0x0e38,0x106b,0x0f3e,0x11af,0x10cb,0x1351,0x12fe,0x1639,0x1607,0x198c,0x1a9d,0x1f94,0x214c,0x26b6,0x2b8c,0x34b1,0x3bf6,0x46f4,
	0x0d75,0x0d75,0x0dc1,0x0dc1,0x0dfc,0x0dfc,0x0e38,0x0e38,0x0e98,0x0e98,0x0f01,0x0f01,0x0fbb,0x0fbb,0x106b,0x106b,0x11af,0x11af,0x1351,0x1351,0x1639,0x1639,0x198c,0x198c,0x1f94,0x1f94,0x26b6,0x26b6,0x34b1,0x34b1,0x46f4,0x46f4,
	0x0dda,0x106b,0x0dee,0x109b,0x0e33,0x10d0,0x0e71,0x1109,0x0eba,0x1162,0x0f1f,0x11c7,0x0fac,0x127c,0x1070,0x1341,0x1180,0x149e,0x12fe,0x1639,0x1503,0x18f9,0x181c,0x1c33,0x1c87,0x21eb,0x2328,0x290c,0x2d30,0x36a7,0x3d13,0x4814,
	0x106b,0x106b,0x109b,0x109b,0x10d0,0x10d0,0x1109,0x1109,0x1162,0x1162,0x11c7,0x11c7,0x127c,0x127c,0x1341,0x1341,0x149e,0x149e,0x1639,0x1639,0x18f9,0x18f9,0x1c33,0x1c33,0x21eb,0x21eb,0x290c,0x290c,0x36a7,0x36a7,0x4814,0x4814,
	0x1125,0x13d4,0x1141,0x1417,0x1182,0x144d,0x11bc,0x1484,0x1203,0x14dc,0x1264,0x153e,0x12e6,0x15ee,0x138b,0x16ad,0x148f,0x17ff,0x1607,0x198c,0x181c,0x1c33,0x1b1b,0x1f62,0x1f61,0x24dd,0x25e4,0x2bef,0x2fb0,0x3931,0x3eff,0x49ff,
	0x13d4,0x13d4,0x1417,0x1417,0x144d,0x144d,0x1484,0x1484,0x14dc,0x14dc,0x153e,0x153e,0x15ee,0x15ee,0x16ad,0x16ad,0x17ff,0x17ff,0x198c,0x198c,0x1c33,0x1c33,0x1f62,0x1f62,0x24dd,0x24dd,0x2bef,0x2bef,0x3931,0x3931,0x49ff,0x49ff,
	0x15d1,0x1a41,0x15eb,0x1a80,0x162c,0x1ab4,0x1661,0x1ae3,0x16a6,0x1b35,0x1703,0x1b90,0x1781,0x1c2e,0x1838,0x1ce2,0x1932,0x1e1e,0x1a9d,0x1f94,0x1c87,0x21eb,0x1f61,0x24dd,0x23a8,0x2a74,0x29d8,0x3147,0x3385,0x3e23,0x4259,0x4e3f,
	0x1a41,0x1a41,0x1a80,0x1a80,0x1ab4,0x1ab4,0x1ae3,0x1ae3,0x1b35,0x1b35,0x1b90,0x1b90,0x1c2e,0x1c2e,0x1ce2,0x1ce2,0x1e1e,0x1e1e,0x1f94,0x1f94,0x21eb,0x21eb,0x24dd,0x24dd,0x2a74,0x2a74,0x3147,0x3147,0x3e23,0x3e23,0x4e3f,0x4e3f,
	0x1cf1,0x21fb,0x1d04,0x2228,0x1d3b,0x2251,0x1d6d,0x227d,0x1daa,0x22c1,0x1dfc,0x2312,0x1e6f,0x239f,0x1f15,0x2440,0x1ffb,0x255e,0x214c,0x26b6,0x2328,0x290c,0x25e4,0x2bef,0x29d8,0x3147,0x2fea,0x37b0,0x3973,0x447b,0x47d2,0x5412,
	0x21fb,0x21fb,0x2228,0x2228,0x2251,0x2251,0x227d,0x227d,0x22c1,0x22c1,0x2312,0x2312,0x239f,0x239f,0x2440,0x2440,0x255e,0x255e,0x26b6,0x26b6,0x290c,0x290c,0x2bef,0x2bef,0x3147,0x3147,0x37b0,0x37b0,0x447b,0x447b,0x5412,0x5412,
	0x281f,0x314d,0x282c,0x316e,0x285a,0x318b,0x2884,0x31aa,0x28b3,0x31d9,0x28f4,0x3212,0x2948,0x3276,0x29bf,0x32eb,0x2a78,0x33c1,0x2b8c,0x34b1,0x2d30,0x36a7,0x2fb0,0x3931,0x3385,0x3e23,0x3973,0x447b,0x423c,0x501c,0x5054,0x5f0a,
	0x314d,0x314d,0x316e,0x316e,0x318b,0x318b,0x31aa,0x31aa,0x31d9,0x31d9,0x3212,0x3212,0x3276,0x3276,0x32eb,0x32eb,0x33c1,0x33c1,0x34b1,0x34b1,0x36a7,0x36a7,0x3931,0x3931,0x3e23,0x3e23,0x447b,0x447b,0x501c,0x501c,0x5f0a,0x5f0a,
	0x39c6,0x457e,0x39c8,0x4583,0x39e2,0x458b,0x39f7,0x4590,0x3a0e,0x459b,0x3a33,0x45a9,0x3a63,0x45c9,0x3ab6,0x45f4,0x3b2b,0x465b,0x3bf6,0x46f4,0x3d13,0x4814,0x3eff,0x49ff,0x4259,0x4e3f,0x47d2,0x5412,0x5054,0x5f0a,0x5d3d,0x6cdb,
	0x457e,0x457e,0x4583,0x4583,0x458b,0x458b,0x4590,0x4590,0x459b,0x459b,0x45a9,0x45a9,0x45c9,0x45c9,0x45f4,0x45f4,0x465b,0x465b,0x46f4,0x46f4,0x4814,0x4814,0x49ff,0x49ff,0x4e3f,0x4e3f,0x5412,0x5412,0x5f0a,0x5f0a,0x6cdb,0x6cdb,
	0x06d8,0x06d8,0x072a,0x072a,0x076b,0x076b,0x07ad,0x07ad,0x0815,0x0815,0x088b,0x088b,0x0952,0x0952,0x0a2a,0x0a2a,0x0bb0,0x0bb0,0x0d75,0x0d75,0x106b,0x106b,0x13d4,0x13d4,0x1a41,0x1a41,0x21fb,0x21fb,0x314d,0x314d,0x457e,0x457e,
	0x06d8,0x06d8,0x072a,0x072a,0x076b,0x076b,0x07ad,0x07ad,0x0815,0x0815,0x088b,0x088b,0x0952,0x0952,0x0a2a,0x0a2a,0x0bb0,0x0bb0,0x0d75,0x0d75,0x106b,0x106b,0x13d4,0x13d4,0x1a41,0x1a41,0x21fb,0x21fb,0x314d,0x314d,0x457e,0x457e,
	0x072a,0x072a,0x077d,0x077d,0x07bd,0x07bd,0x07fe,0x07fe,0x0866,0x0866,0x08dc,0x08dc,0x09a0,0x09a0,0x0a79,0x0a79,0x0bff,0x0bff,0x0dc1,0x0dc1,0x109b,0x109b,0x1417,0x1417,0x1a80,0x1a80,0x2228,0x2228,0x316e,0x316e,0x4583,0x4583,
	0x072a,0x072a,0x077d,0x077d,0x07bd,0x07bd,0x07fe,0x07fe,0x0866,0x0866,0x08dc,0x08dc,0x09a0,0x09a0,0x0a79,0x0a79,0x0bff,0x0bff,0x0dc1,0x0dc1,0x109b,0x109b,0x1417,0x1417,0x1a80,0x1a80,0x2228,0x2228,0x316e,0x316e,0x4583,0x4583,
	0x076b,0x076b,0x07bd,0x07bd,0x0800,0x0800,0x0840,0x0840,0x08a7,0x08a7,0x091e,0x091e,0x09df,0x09df,0x0ab9,0x0ab9,0x0c3f,0x0c3f,0x0dfc,0x0dfc,0x10d0,0x10d0,0x144d,0x144d,0x1ab4,0x1ab4,0x2251,0x2251,0x318b,0x318b,0x458b,0x458b,
	0x076b,0x076b,0x07bd,0x07bd,0x0800,0x0800,0x0840,0x0840,0x08a7,0x08a7,0x091e,0x091e,0x09df,0x09df,0x0ab9,0x0ab9,0x0c3f,0x0c3f,0x0dfc,0x0dfc,0x10d0,0x10d0,0x144d,0x144d,0x1ab4,0x1ab4,0x2251,0x2251,0x318b,0x318b,0x458b,0x458b,
	0x07ad,0x07ad,0x07fe,0x07fe,0x0840,0x0840,0x087f,0x087f,0x08e9,0x08e9,0x095f,0x095f,0x0a21,0x0a21,0x0af7,0x0af7,0x0c7b,0x0c7b,0x0e38,0x0e38,0x1109,0x1109,0x1484,0x1484,0x1ae3,0x1ae3,0x227d,0x227d,0x31aa,0x31aa,0x4590,0x4590,
	0x07ad,0x07ad,0x07fe,0x07fe,0x0840,0x0840,0x087f,0x087f,0x08e9,0x08e9,0x095f,0x095f,0x0a21,0x0a21,0x0af7,0x0af7,0x0c7b,0x0c7b,0x0e38,0x0e38,0x1109,0x1109,0x1484,0x1484,0x1ae3,0x1ae3,0x227d,0x227d,0x31aa,0x31aa,0x4590,0x4590,
	0x0815,0x0815,0x0866,0x0866,0x08a7,0x08a7,0x08e9,0x08e9,0x0950,0x0950,0x09c6,0x09c6,0x0a83,0x0a83,0x0b5c,0x0b5c,0x0cde,0x0cde,0x0e98,0x0e98,0x1162,0x1162,0x14dc,0x14dc,0x1b35,0x1b35,0x22c1,0x22c1,0x31d9,0x31d9,0x459b,0x459b,
	0x0815,0x0815,0x0866,0x0866,0x08a7,0x08a7,0x08e9,0x08e9,0x0950,0x0950,0x09c6,0x09c6,0x0a83,0x0a83,0x0b5c,0x0b5c,0x0cde,0x0cde,0x0e98,0x0e98,0x1162,0x1162,0x14dc,0x14dc,0x1b35,0x1b35,0x22c1,0x22c1,0x31d9,0x31d9,0x459b,0x459b,
	0x088b,0x088b,0x08dc,0x08dc,0x091e,0x091e,0x095f,0x095f,0x09c6,0x09c6,0x0a37,0x0a37,0x0af3,0x0af3,0x0bcc,0x0bcc,0x0d4b,0x0d4b,0x0f01,0x0f01,0x11c7,0x11c7,0x153e,0x153e,0x1b90,0x1b90,0x2312,0x2312,0x3212,0x3212,0x45a9,0x45a9,
	0x088b,0x088b,0x08dc,0x08dc,0x091e,0x091e,0x095f,0x095f,0x09c6,0x09c6,0x0a37,0x0a37,0x0af3,0x0af3,0x0bcc,0x0bcc,0x0d4b,0x0d4b,0x0f01,0x0f01,0x11c7,0x11c7,0x153e,0x153e,0x1b90,0x1b90,0x2312,0x2312,0x3212,0x3212,0x45a9,0x45a9,
	0x0952,0x0952,0x09a0,0x09a0,0x09df,0x09df,0x0a21,0x0a21,0x0a83,0x0a83,0x0af3,0x0af3,0x0bb7,0x0bb7,0x0c8d,0x0c8d,0x0e0a,0x0e0a,0x0fbb,0x0fbb,0x127c,0x127c,0x15ee,0x15ee,0x1c2e,0x1c2e,0x239f,0x239f,0x3276,0x3276,0x45c9,0x45c9,
	0x0952,0x0952,0x09a0,0x09a0,0x09df,0x09df,0x0a21,0x0a21,0x0a83,0x0a83,0x0af3,0x0af3,0x0bb7,0x0bb7,0x0c8d,0x0c8d,0x0e0a,0x0e0a,0x0fbb,0x0fbb,0x127c,0x127c,0x15ee,0x15ee,0x1c2e,0x1c2e,0x239f,0x239f,0x3276,0x3276,0x45c9,0x45c9,
	0x0a2a,0x0a2a,0x0a79,0x0a79,0x0ab9,0x0ab9,0x0af7,0x0af7,0x0b5c,0x0b5c,0x0bcc,0x0bcc,0x0c8d,0x0c8d,0x0d66,0x0d66,0x0edb,0x0edb,0x106b,0x106b,0x1341,0x1341,0x16ad,0x16ad,0x1ce2,0x1ce2,0x2440,0x2440,0x32eb,0x32eb,0x45f4,0x45f4,
	0x0a2a,0x0a2a,0x0a79,0x0a79,0x0ab9,0x0ab9,0x0af7,0x0af7,0x0b5c,0x0b5c,0x0bcc,0x0bcc,0x0c8d,0x0c8d,0x0d66,0x0d66,0x0edb,0x0edb,0x106b,0x106b,0x1341,0x1341,0x16ad,0x16ad,0x1ce2,0x1ce2,0x2440,0x2440,0x32eb,0x32eb,0x45f4,0x45f4,
	0x0bb0,0x0bb0,0x0bff,0x0bff,0x0c3f,0x0c3f,0x0c7b,0x0c7b,0x0cde,0x0cde,0x0d4b,0x0d4b,0x0e0a,0x0e0a,0x0edb,0x0edb,0x103c,0x103c,0x11af,0x11af,0x149e,0x149e,0x17ff,0x17ff,0x1e1e,0x1e1e,0x255e,0x255e,0x33c1,0x33c1,0x465b,0x465b,
	0x0bb0,0x0bb0,0x0bff,0x0bff,0x0c3f,0x0c3f,0x0c7b,0x0c7b,0x0cde,0x0cde,0x0d4b,0x0d4b,0x0e0a,0x0e0a,0x0edb,0x0edb,0x103c,0x103c,0x11af,0x11af,0x149e,0x149e,0x17ff,0x17ff,0x1e1e,0x1e1e,0x255e,0x255e,0x33c1,0x33c1,0x465b,0x465b,
	0x0d75,0x0d75,0x0dc1,0x0dc1,0x0dfc,0x0dfc,0x0e38,0x0e38,0x0e98,0x0e98,0x0f01,0x0f01,0x0fbb,0x0fbb,0x106b,0x106b,0x11af,0x11af,0x1351,0x1351,0x1639,0x1639,0x198c,0x198c,0x1f94,0x1f94,0x26b6,0x26b6,0x34b1,0x34b1,0x46f4,0x46f4,
	0x0d75,0x0d75,0x0dc1,0x0dc1,0x0dfc,0x0dfc,0x0e38,0x0e38,0x0e98,0x0e98,0x0f01,0x0f01,0x0fbb,0x0fbb,0x106b,0x106b,0x11af,0x11af,0x1351,0x1351,0x1639,0x1639,0x198c,0x198c,0x1f94,0x1f94,0x26b6,0x26b6,0x34b1,0x34b1,0x46f4,0x46f4,
	0x106b,0x106b,0x109b,0x109b,0x10d0,0x10d0,0x1109,0x1109,0x1162,0x1162,0x11c7,0x11c7,0x127c,0x127c,0x1341,0x1341,0x149e,0x149e,0x1639,0x1639,0x18f9,0x18f9,0x1c33,0x1c33,0x21eb,0x21eb,0x290c,0x290c,0x36a7,0x36a7,0x4814,0x4814,
	0x106b,0x106b,0x109b,0x109b,0x10d0,0x10d0,0x1109,0x1109,0x1162,0x1162,0x11c7,0x11c7,0x127c,0x127c,0x1341,0x1341,0x149e,0x149e,0x1639,0x1639,0x18f9,0x18f9,0x1c33,0x1c33,0x21eb,0x21eb,0x290c,0x290c,0x36a7,0x36a7,0x4814,0x4814,
	0x13d4,0x13d4,0x1417,0x1417,0x144d,0x144d,0x1484,0x1484,0x14dc,0x14dc,0x153e,0x153e,0x15ee,0x15ee,0x16ad,0x16ad,0x17ff,0x17ff,0x198c,0x198c,0x1c33,0x1c33,0x1f62,0x1f62,0x24dd,0x24dd,0x2bef,0x2bef,0x3931,0x3931,0x49ff,0x49ff,
	0x13d4,0x13d4,0x1417,0x1417,0x144d,0x144d,0x1484,0x1484,0x14dc,0x14dc,0x153e,0x153e,0x15ee,0x15ee,0x16ad,0x16ad,0x17ff,0x17ff,0x198c,0x198c,0x1c33,0x1c33,0x1f62,0x1f62,0x24dd,0x24dd,0x2bef,0x2bef,0x3931,0x3931,0x49ff,0x49ff,
	0x1a41,0x1a41,0x1a80,0x1a80,0x1ab4,0x1ab4,0x1ae3,0x1ae3,0x1b35,0x1b35,0x1b90,0x1b90,0x1c2e,0x1c2e,0x1ce2,0x1ce2,0x1e1e,0x1e1e,0x1f94,0x1f94,0x21eb,0x21eb,0x24dd,0x24dd,0x2a74,0x2a74,0x3147,0x3147,0x3e23,0x3e23,0x4e3f,0x4e3f,
	0x1a41,0x1a41,0x1a80,0x1a80,0x1ab4,0x1ab4,0x1ae3,0x1ae3,0x1b35,0x1b35,0x1b90,0x1b90,0x1c2e,0x1c2e,0x1ce2,0x1ce2,0x1e1e,0x1e1e,0x1f94,0x1f94,0x21eb,0x21eb,0x24dd,0x24dd,0x2a74,0x2a74,0x3147,0x3147,0x3e23,0x3e23,0x4e3f,0x4e3f,
	0x21fb,0x21fb,0x2228,0x2228,0x2251,0x2251,0x227d,0x227d,0x22c1,0x22c1,0x2312,0x2312,0x239f,0x239f,0x2440,0x2440,0x255e,0x255e,0x26b6,0x26b6,0x290c,0x290c,0x2bef,0x2bef,0x3147,0x3147,0x37b0,0x37b0,0x447b,0x447b,0x5412,0x5412,
	0x21fb,0x21fb,0x2228,0x2228,0x2251,0x2251,0x227d,0x227d,0x22c1,0x22c1,0x2312,0x2312,0x239f,0x239f,0x2440,0x2440,0x255e,0x255e,0x26b6,0x26b6,0x290c,0x290c,0x2bef,0x2bef,0x3147,0x3147,0x37b0,0x37b0,0x447b,0x447b,0x5412,0x5412,
	0x314d,0x314d,0x316e,0x316e,0x318b,0x318b,0x31aa,0x31aa,0x31d9,0x31d9,0x3212,0x3212,0x3276,0x3276,0x32eb,0x32eb,0x33c1,0x33c1,0x34b1,0x34b1,0x36a7,0x36a7,0x3931,0x3931,0x3e23,0x3e23,0x447b,0x447b,0x501c,0x501c,0x5f0a,0x5f0a,
	0x314d,0x314d,0x316e,0x316e,0x318b,0x318b,0x31aa,0x31aa,0x31d9,0x31d9,0x3212,0x3212,0x3276,0x3276,0x32eb,0x32eb,0x33c1,0x33c1,0x34b1,0x34b1,0x36a7,0x36a7,0x3931,0x3931,0x3e23,0x3e23,0x447b,0x447b,0x501c,0x501c,0x5f0a,0x5f0a,
	0x457e,0x457e,0x4583,0x4583,0x458b,0x458b,0x4590,0x4590,0x459b,0x459b,0x45a9,0x45a9,0x45c9,0x45c9,0x45f4,0x45f4,0x465b,0x465b,0x46f4,0x46f4,0x4814,0x4814,0x49ff,0x49ff,0x4e3f,0x4e3f,0x5412,0x5412,0x5f0a,0x5f0a,0x6cdb,0x6cdb,
	0x457e,0x457e,0x4583,0x4583,0x458b,0x458b,0x4590,0x4590,0x459b,0x459b,0x45a9,0x45a9,0x45c9,0x45c9,0x45f4,0x45f4,0x465b,0x465b,0x46f4,0x46f4,0x4814,0x4814,0x49ff,0x49ff,0x4e3f,0x4e3f,0x5412,0x5412,0x5f0a,0x5f0a,0x6cdb,0x6cdb,
	0x0852,0x0a1f,0x0873,0x0a6f,0x08c0,0x0ab0,0x0901,0x0aef,0x0953,0x0b54,0x09bf,0x0bc3,0x0a56,0x0c83,0x0b27,0x0d59,0x0c46,0x0ed3,0x0dda,0x106b,0x1015,0x1339,0x134e,0x16b3,0x17fd,0x1d07,0x1ef8,0x248a,0x29dc,0x3392,0x3b29,0x46fe,
	0x0a1f,0x0a1f,0x0a6f,0x0a6f,0x0ab0,0x0ab0,0x0aef,0x0aef,0x0b54,0x0b54,0x0bc3,0x0bc3,0x0c83,0x0c83,0x0d59,0x0d59,0x0ed3,0x0ed3,0x106b,0x106b,0x1339,0x1339,0x16b3,0x16b3,0x1d07,0x1d07,0x248a,0x248a,0x3392,0x3392,0x46fe,0x46fe,
	0x0873,0x0a6f,0x0894,0x0ac1,0x08e0,0x0b01,0x0923,0x0b41,0x0972,0x0ba0,0x09e0,0x0c12,0x0a75,0x0cce,0x0b48,0x0da8,0x0c63,0x0f1a,0x0dee,0x109b,0x1032,0x137e,0x136a,0x16f5,0x1815,0x1d41,0x1f0e,0x24bc,0x29e8,0x33b0,0x3b2a,0x4702,
	0x0a6f,0x0a6f,0x0ac1,0x0ac1,0x0b01,0x0b01,0x0b41,0x0b41,0x0ba0,0x0ba0,0x0c12,0x0c12,0x0cce,0x0cce,0x0da8,0x0da8,0x0f1a,0x0f1a,0x109b,0x109b,0x137e,0x137e,0x16f5,0x16f5,0x1d41,0x1d41,0x24bc,0x24bc,0x33b0,0x33b0,0x4702,0x4702,
	0x08c0,0x0ab0,0x08e0,0x0b01,0x092e,0x0b41,0x096e,0x0b7f,0x09bd,0x0bdf,0x0a2b,0x0c50,0x0ac0,0x0d0c,0x0b90,0x0de5,0x0cac,0x0f56,0x0e33,0x10d0,0x1077,0x13b6,0x139c,0x1729,0x1851,0x1d71,0x1f44,0x24e4,0x2a0d,0x33c7,0x3b40,0x4706,
	0x0ab0,0x0ab0,0x0b01,0x0b01,0x0b41,0x0b41,0x0b7f,0x0b7f,0x0bdf,0x0bdf,0x0c50,0x0c50,0x0d0c,0x0d0c,0x0de5,0x0de5,0x0f56,0x0f56,0x10d0,0x10d0,0x13b6,0x13b6,0x1729,0x1729,0x1d71,0x1d71,0x24e4,0x24e4,0x33c7,0x33c7,0x4706,0x4706,
	0x0901,0x0aef,0x0923,0x0b41,0x096e,0x0b7f,0x09b0,0x0bbc,0x09ff,0x0c1f,0x0a6d,0x0c91,0x0b01,0x0d4a,0x0bcf,0x0e21,0x0cea,0x0f8e,0x0e71,0x1109,0x10b0,0x13eb,0x13d1,0x175d,0x1886,0x1da0,0x1f74,0x250d,0x2a30,0x33df,0x3b53,0x470a,
	0x0aef,0x0aef,0x0b41,0x0b41,0x0b7f,0x0b7f,0x0bbc,0x0bbc,0x0c1f,0x0c1f,0x0c91,0x0c91,0x0d4a,0x0d4a,0x0e21,0x0e21,0x0f8e,0x0f8e,0x1109,0x1109,0x13eb,0x13eb,0x175d,0x175d,0x1da0,0x1da0,0x250d,0x250d,0x33df,0x33df,0x470a,0x470a,
	0x0953,0x0b54,0x0972,0x0ba0,0x09bd,0x0bdf,0x09ff,0x0c1f,0x0a4f,0x0c82,0x0abd,0x0cf2,0x0b51,0x0dab,0x0c20,0x0e84,0x0d36,0x0fed,0x0eba,0x1162,0x10fa,0x1445,0x1418,0x17b4,0x18c5,0x1de9,0x1fab,0x254f,0x2a5a,0x3403,0x3b68,0x4710,
	0x0b54,0x0b54,0x0ba0,0x0ba0,0x0bdf,0x0bdf,0x0c1f,0x0c1f,0x0c82,0x0c82,0x0cf2,0x0cf2,0x0dab,0x0dab,0x0e84,0x0e84,0x0fed,0x0fed,0x1162,0x1162,0x1445,0x1445,0x17b4,0x17b4,0x1de9,0x1de9,0x254f,0x254f,0x3403,0x3403,0x4710,0x4710,
	0x09bf,0x0bc3,0x09e0,0x0c12,0x0a2b,0x0c50,0x0a6d,0x0c91,0x0abd,0x0cf2,0x0b29,0x0d60,0x0bbc,0x0e18,0x0c86,0x0eed,0x0d9a,0x104a,0x0f1f,0x11c7,0x115c,0x14a8,0x1474,0x1813,0x191e,0x1e3f,0x1ffb,0x2599,0x2a9a,0x343a,0x3b88,0x471a,
	0x0bc3,0x0bc3,0x0c12,0x0c12,0x0c50,0x0c50,0x0c91,0x0c91,0x0cf2,0x0cf2,0x0d60,0x0d60,0x0e18,0x0e18,0x0eed,0x0eed,0x104a,0x104a,0x11c7,0x11c7,0x14a8,0x14a8,0x1813,0x1813,0x1e3f,0x1e3f,0x2599,0x2599,0x343a,0x343a,0x471a,0x471a,
	0x0a56,0x0c83,0x0a75,0x0cce,0x0ac0,0x0d0c,0x0b01,0x0d4a,0x0b51,0x0dab,0x0bbc,0x0e18,0x0c4f,0x0ed7,0x0d16,0x0fa6,0x0e18,0x10d8,0x0fac,0x127c,0x11e4,0x1556,0x14f7,0x18ba,0x1998,0x1ed7,0x206a,0x261f,0x2ae5,0x3477,0x3bb3,0x472f,
	0x0c83,0x0c83,0x0cce,0x0cce,0x0d0c,0x0d0c,0x0d4a,0x0d4a,0x0dab,0x0dab,0x0e18,0x0e18,0x0ed7,0x0ed7,0x0fa6,0x0fa6,0x10d8,0x10d8,0x127c,0x127c,0x1556,0x1556,0x18ba,0x18ba,0x1ed7,0x1ed7,0x261f,0x261f,0x3477,0x3477,0x472f,0x472f,
	0x0b27,0x0d59,0x0b48,0x0da8,0x0b90,0x0de5,0x0bcf,0x0e21,0x0c20,0x0e84,0x0c86,0x0eed,0x0d16,0x0fa6,0x0dd9,0x1060,0x0ede,0x119e,0x1070,0x1341,0x12a4,0x1618,0x15b0,0x1973,0x1a48,0x1f81,0x2107,0x26b6,0x2b64,0x34db,0x3bfa,0x474a,
	0x0d59,0x0d59,0x0da8,0x0da8,0x0de5,0x0de5,0x0e21,0x0e21,0x0e84,0x0e84,0x0eed,0x0eed,0x0fa6,0x0fa6,0x1060,0x1060,0x119e,0x119e,0x1341,0x1341,0x1618,0x1618,0x1973,0x1973,0x1f81,0x1f81,0x26b6,0x26b6,0x34db,0x34db,0x474a,0x474a,
	0x0c46,0x0ed3,0x0c63,0x0f1a,0x0cac,0x0f56,0x0cea,0x0f8e,0x0d36,0x0fed,0x0d9a,0x104a,0x0e18,0x10d8,0x0ede,0x119e,0x0ff4,0x12ff,0x1180,0x149e,0x139b,0x176a,0x16ad,0x1ab6,0x1b39,0x20af,0x21e3,0x27c4,0x2c18,0x35a3,0x3c60,0x4797,
	0x0ed3,0x0ed3,0x0f1a,0x0f1a,0x0f56,0x0f56,0x0f8e,0x0f8e,0x0fed,0x0fed,0x104a,0x104a,0x10d8,0x10d8,0x119e,0x119e,0x12ff,0x12ff,0x149e,0x149e,0x176a,0x176a,0x1ab6,0x1ab6,0x20af,0x20af,0x27c4,0x27c4,0x35a3,0x35a3,0x4797,0x4797,
	0x0dda,0x106b,0x0dee,0x109b,0x0e33,0x10d0,0x0e71,0x1109,0x0eba,0x1162,0x0f1f,0x11c7,0x0fac,0x127c,0x1070,0x1341,0x1180,0x149e,0x12fe,0x1639,0x1503,0x18f9,0x181c,0x1c33,0x1c87,0x21eb,0x2328,0x290c,0x2d30,0x36a7,0x3d13,0x4814,
	0x106b,0x106b,0x109b,0x109b,0x10d0,0x10d0,0x1109,0x1109,0x1162,0x1162,0x11c7,0x11c7,0x127c,0x127c,0x1341,0x1341,0x149e,0x149e,0x1639,0x1639,0x18f9,0x18f9,0x1c33,0x1c33,0x21eb,0x21eb,0x290c,0x290c,0x36a7,0x36a7,0x4814,0x4814,
	0x1015,0x1339,0x1032,0x137e,0x1077,0x13b6,0x10b0,0x13eb,0x10fa,0x1445,0x115c,0x14a8,0x11e4,0x1556,0x12a4,0x1618,0x139b,0x176a,0x1503,0x18f9,0x1725,0x1bbc,0x1a30,0x1edd,0x1e79,0x245b,0x2504,0x2b64,0x2ed0,0x389d,0x3e2b,0x495b,
	0x1339,0x1339,0x137e,0x137e,0x13b6,0x13b6,0x13eb,0x13eb,0x1445,0x1445,0x14a8,0x14a8,0x1556,0x1556,0x1618,0x1618,0x176a,0x176a,0x18f9,0x18f9,0x1bbc,0x1bbc,0x1edd,0x1edd,0x245b,0x245b,0x2b64,0x2b64,0x389d,0x389d,0x495b,0x495b,
	0x134e,0x16b3,0x136a,0x16f5,0x139c,0x1729,0x13d1,0x175d,0x1418,0x17b4,0x1474,0x1813,0x14f7,0x18ba,0x15b0,0x1973,0x16ad,0x1ab6,0x181c,0x1c33,0x1a30,0x1edd,0x1d10,0x21d4,0x2147,0x2747,0x2791,0x2e29,0x3138,0x3b06,0x4015,0x4b24,
	0x16b3,0x16b3,0x16f5,0x16f5,0x1729,0x1729,0x175d,0x175d,0x17b4,0x17b4,0x1813,0x1813,0x18ba,0x18ba,0x1973,0x1973,0x1ab6,0x1ab6,0x1c33,0x1c33,0x1edd,0x1edd,0x21d4,0x21d4,0x2747,0x2747,0x2e29,0x2e29,0x3b06,0x3b06,0x4b24,0x4b24,
	0x17fd,0x1d07,0x1815,0x1d41,0x1851,0x1d71,0x1886,0x1da0,0x18c5,0x1de9,0x191e,0x1e3f,0x1998,0x1ed7,0x1a48,0x1f81,0x1b39,0x20af,0x1c87,0x21eb,0x1e79,0x245b,0x2147,0x2747,0x2572,0x2cb0,0x2b7b,0x334a,0x34e9,0x3fba,0x4345,0x4f20,
	0x1d07,0x1d07,0x1d41,0x1d41,0x1d71,0x1d71,0x1da0,0x1da0,0x1de9,0x1de9,0x1e3f,0x1e3f,0x1ed7,0x1ed7,0x1f81,0x1f81,0x20af,0x20af,0x21eb,0x21eb,0x245b,0x245b,0x2747,0x2747,0x2cb0,0x2cb0,0x334a,0x334a,0x3fba,0x3fba,0x4f20,0x4f20,
	0x1ef8,0x248a,0x1f0e,0x24bc,0x1f44,0x24e4,0x1f74,0x250d,0x1fab,0x254f,0x1ffb,0x2599,0x206a,0x261f,0x2107,0x26b6,0x21e3,0x27c4,0x2328,0x290c,0x2504,0x2b64,0x2791,0x2e29,0x2b7b,0x334a,0x3165,0x3979,0x3aa2,0x45c6,0x4886,0x54a6,
	0x248a,0x248a,0x24bc,0x24bc,0x24e4,0x24e4,0x250d,0x250d,0x254f,0x254f,0x2599,0x2599,0x261f,0x261f,0x26b6,0x26b6,0x27c4,0x27c4,0x290c,0x290c,0x2b64,0x2b64,0x2e29,0x2e29,0x334a,0x334a,0x3979,0x3979,0x45c6,0x45c6,0x54a6,0x54a6,
	0x29dc,0x3392,0x29e8,0x33b0,0x2a0d,0x33c7,0x2a30,0x33df,0x2a5a,0x3403,0x2a9a,0x343a,0x2ae5,0x3477,0x2b64,0x34db,0x2c18,0x35a3,0x2d30,0x36a7,0x2ed0,0x389d,0x3138,0x3b06,0x34e9,0x3fba,0x3aa2,0x45c6,0x4318,0x50d8,0x50c0,0x5f3a,
	0x3392,0x3392,0x33b0,0x33b0,0x33c7,0x33c7,0x33df,0x33df,0x3403,0x3403,0x343a,0x343a,0x3477,0x3477,0x34db,0x34db,0x35a3,0x35a3,0x36a7,0x36a7,0x389d,0x389d,0x3b06,0x3b06,0x3fba,0x3fba,0x45c6,0x45c6,0x50d8,0x50d8,0x5f3a,0x5f3a,
	0x3b29,0x46fe,0x3b2a,0x4702,0x3b40,0x4706,0x3b53,0x470a,0x3b68,0x4710,0x3b88,0x471a,0x3bb3,0x472f,0x3bfa,0x474a,0x3c60,0x4797,0x3d13,0x4814,0x3e2b,0x495b,0x4015,0x4b24,0x4345,0x4f20,0x4886,0x54a6,0x50c0,0x5f3a,0x5d62,0x6cdc,
	0x46fe,0x46fe,0x4702,0x4702,0x4706,0x4706,0x470a,0x470a,0x4710,0x4710,0x471a,0x471a,0x472f,0x472f,0x474a,0x474a,0x4797,0x4797,0x4814,0x4814,0x495b,0x495b,0x4b24,0x4b24,0x4f20,0x4f20,0x54a6,0x54a6,0x5f3a,0x5f3a,0x6cdc,0x6cdc,
	0x0a1f,0x0a1f,0x0a6f,0x0a6f,0x0ab0,0x0ab0,0x0aef,0x0aef,0x0b54,0x0b54,0x0bc3,0x0bc3,0x0c83,0x0c83,0x0d59,0x0d59,0x0ed3,0x0ed3,0x106b,0x106b,0x1339,0x1339,0x16b3,0x16b3,0x1d07,0x1d07,0x248a,0x248a,0x3392,0x3392,0x46fe,0x46fe,
	0x0a1f,0x0a1f,0x0a6f,0x0a6f,0x0ab0,0x0ab0,0x0aef,0x0aef,0x0b54,0x0b54,0x0bc3,0x0bc3,0x0c83,0x0c83,0x0d59,0x0d59,0x0ed3,0x0ed3,0x106b,0x106b,0x1339,0x1339,0x16b3,0x16b3,0x1d07,0x1d07,0x248a,0x248a,0x3392,0x3392,0x46fe,0x46fe,
	0x0a6f,0x0a6f,0x0ac1,0x0ac1,0x0b01,0x0b01,0x0b41,0x0b41,0x0ba0,0x0ba0,0x0c12,0x0c12,0x0cce,0x0cce,0x0da8,0x0da8,0x0f1a,0x0f1a,0x109b,0x109b,0x137e,0x137e,0x16f5,0x16f5,0x1d41,0x1d41,0x24bc,0x24bc,0x33b0,0x33b0,0x4702,0x4702,
	0x0a6f,0x0a6f,0x0ac1,0x0ac1,0x0b01,0x0b01,0x0b41,0x0b41,0x0ba0,0x0ba0,0x0c12,0x0c12,0x0cce,0x0cce,0x0da8,0x0da8,0x0f1a,0x0f1a,0x109b,0x109b,0x137e,0x137e,0x16f5,0x16f5,0x1d41,0x1d41,0x24bc,0x24bc,0x33b0,0x33b0,0x4702,0x4702,
	0x0ab0,0x0ab0,0x0b01,0x0b01,0x0b41,0x0b41,0x0b7f,0x0b7f,0x0bdf,0x0bdf,0x0c50,0x0c50,0x0d0c,0x0d0c,0x0de5,0x0de5,0x0f56,0x0f56,0x10d0,0x10d0,0x13b6,0x13b6,0x1729,0x1729,0x1d71,0x1d71,0x24e4,0x24e4,0x33c7,0x33c7,0x4706,0x4706,
	0x0ab0,0x0ab0,0x0b01,0x0b01,0x0b41,0x0b41,0x0b7f,0x0b7f,0x0bdf,0x0bdf,0x0c50,0x0c50,0x0d0c,0x0d0c,0x0de5,0x0de5,0x0f56,0x0f56,0x10d0,0x10d0,0x13b6,0x13b6,0x1729,0x1729,0x1d71,0x1d71,0x24e4,0x24e4,0x33c7,0x33c7,0x4706,0x4706,
	0x0aef,0x0aef,0x0b41,0x0b41,0x0b7f,0x0b7f,0x0bbc,0x0bbc,0x0c1f,0x0c1f,0x0c91,0x0c91,0x0d4a,0x0d4a,0x0e21,0x0e21,0x0f8e,0x0f8e,0x1109,0x1109,0x13eb,0x13eb,0x175d,0x175d,0x1da0,0x1da0,0x250d,0x250d,0x33df,0x33df,0x470a,0x470a,
	0x0aef,0x0aef,0x0b41,0x0b41,0x0b7f,0x0b7f,0x0bbc,0x0bbc,0x0c1f,0x0c1f,0x0c91,0x0c91,0x0d4a,0x0d4a,0x0e21,0x0e21,0x0f8e,0x0f8e,0x1109,0x1109,0x13eb,0x13eb,0x175d,0x175d,0x1da0,0x1da0,0x250d,0x250d,0x33df,0x33df,0x470a,0x470a,
	0x0b54,0x0b54,0x0ba0,0x0ba0,0x0bdf,0x0bdf,0x0c1f,0x0c1f,0x0c82,0x0c82,0x0cf2,0x0cf2,0x0dab,0x0dab,0x0e84,0x0e84,0x0fed,0x0fed,0x1162,0x1162,0x1445,0x1445,0x17b4,0x17b4,0x1de9,0x1de9,0x254f,0x254f,0x3403,0x3403,0x4710,0x4710,
	0x0b54,0x0b54,0x0ba0,0x0ba0,0x0bdf,0x0bdf,0x0c1f,0x0c1f,0x0c82,0x0c82,0x0cf2,0x0cf2,0x0dab,0x0dab,0x0e84,0x0e84,0x0fed,0x0fed,0x1162,0x1162,0x1445,0x1445,0x17b4,0x17b4,0x1de9,0x1de9,0x254f,0x254f,0x3403,0x3403,0x4710,0x4710,
	0x0bc3,0x0bc3,0x0c12,0x0c12,0x0c50,0x0c50,0x0c91,0x0c91,0x0cf2,0x0cf2,0x0d60,0x0d60,0x0e18,0x0e18,0x0eed,0x0eed,0x104a,0x104a,0x11c7,0x11c7,0x14a8,0x14a8,0x1813,0x1813,0x1e3f,0x1e3f,0x2599,0x2599,0x343a,0x343a,0x471a,0x471a,
	0x0bc3,0x0bc3,0x0c12,0x0c12,0x0c50,0x0c50,0x0c91,0x0c91,0x0cf2,0x0cf2,0x0d60,0x0d60,0x0e18,0x0e18,0x0eed,0x0eed,0x104a,0x104a,0x11c7,0x11c7,0x14a8,0x14a8,0x1813,0x1813,0x1e3f,0x1e3f,0x2599,0x2599,0x343a,0x343a,0x471a,0x471a,
	0x0c83,0x0c83,0x0cce,0x0cce,0x0d0c,0x0d0c,0x0d4a,0x0d4a,0x0dab,0x0dab,0x0e18,0x0e18,0x0ed7,0x0ed7,0x0fa6,0x0fa6,0x10d8,0x10d8,0x127c,0x127c,0x1556,0x1556,0x18ba,0x18ba,0x1ed7,0x1ed7,0x261f,0x261f,0x3477,0x3477,0x472f,0x472f,
	0x0c83,0x0c83,0x0cce,0x0cce,0x0d0c,0x0d0c,0x0d4a,0x0d4a,0x0dab,0x0dab,0x0e18,0x0e18,0x0ed7,0x0ed7,0x0fa6,0x0fa6,0x10d8,0x10d8,0x127c,0x127c,0x1556,0x1556,0x18ba,0x18ba,0x1ed7,0x1ed7,0x261f,0x261f,0x3477,0x3477,0x472f,0x472f,
	0x0d59,0x0d59,0x0da8,0x0da8,0x0de5,0x0de5,0x0e21,0x0e21,0x0e84,0x0e84,0x0eed,0x0eed,0x0fa6,0x0fa6,0x1060,0x1060,0x119e,0x119e,0x1341,0x1341,0x1618,0x1618,0x1973,0x1973,0x1f81,0x1f81,0x26b6,0x26b6,0x34db,0x34db,0x474a,0x474a,
	0x0d59,0x0d59,0x0da8,0x0da8,0x0de5,0x0de5,0x0e21,0x0e21,0x0e84,0x0e84,0x0eed,0x0eed,0x0fa6,0x0fa6,0x1060,0x1060,0x119e,0x119e,0x1341,0x1341,0x1618,0x1618,0x1973,0x1973,0x1f81,0x1f81,0x26b6,0x26b6,0x34db,0x34db,0x474a,0x474a,
	0x0ed3,0x0ed3,0x0f1a,0x0f1a,0x0f56,0x0f56,0x0f8e,0x0f8e,0x0fed,0x0fed,0x104a,0x104a,0x10d8,0x10d8,0x119e,0x119e,0x12ff,0x12ff,0x149e,0x149e,0x176a,0x176a,0x1ab6,0x1ab6,0x20af,0x20af,0x27c4,0x27c4,0x35a3,0x35a3,0x4797,0x4797,
	0x0ed3,0x0ed3,0x0f1a,0x0f1a,0x0f56,0x0f56,0x0f8e,0x0f8e,0x0fed,0x0fed,0x104a,0x104a,0x10d8,0x10d8,0x119e,0x119e,0x12ff,0x12ff,0x149e,0x149e,0x176a,0x176a,0x1ab6,0x1ab6,0x20af,0x20af,0x27c4,0x27c4,0x35a3,0x35a3,0x4797,0x4797,
	0x106b,0x106b,0x109b,0x109b,0x10d0,0x10d0,0x1109,0x1109,0x1162,0x1162,0x11c7,0x11c7,0x127c,0x127c,0x1341,0x1341,0x149e,0x149e,0x1639,0x1639,0x18f9,0x18f9,0x1c33,0x1c33,0x21eb,0x21eb,0x290c,0x290c,0x36a7,0x36a7,0x4814,0x4814,
	0x106b,0x106b,0x109b,0x109b,0x10d0,0x10d0,0x1109,0x1109,0x1162,0x1162,0x11c7,0x11c7,0x127c,0x127c,0x1341,0x1341,0x149e,0x149e,0x1639,0x1639,0x18f9,0x18f9,0x1c33,0x1c33,0x21eb,0x21eb,0x290c,0x290c,0x36a7,0x36a7,0x4814,0x4814,
	0x1339,0x1339,0x137e,0x137e,0x13b6,0x13b6,0x13eb,0x13eb,0x1445,0x1445,0x14a8,0x14a8,0x1556,0x1556,0x1618,0x1618,0x176a,0x176a,0x18f9,0x18f9,0x1bbc,0x1bbc,0x1edd,0x1edd,0x245b,0x245b,0x2b64,0x2b64,0x389d,0x389d,0x495b,0x495b,
	0x1339,0x1339,0x137e,0x137e,0x13b6,0x13b6,0x13eb,0x13eb,0x1445,0x1445,0x14a8,0x14a8,0x1556,0x1556,0x1618,0x1618,0x176a,0x176a,0x18f9,0x18f9,0x1bbc,0x1bbc,0x1edd,0x1edd,0x245b,0x245b,0x2b64,0x2b64,0x389d,0x389d,0x495b,0x495b,
	0x16b3,0x16b3,0x16f5,0x16f5,0x1729,0x1729,0x175d,0x175d,0x17b4,0x17b4,0x1813,0x1813,0x18ba,0x18ba,0x1973,0x1973,0x1ab6,0x1ab6,0x1c33,0x1c33,0x1edd,0x1edd,0x21d4,0x21d4,0x2747,0x2747,0x2e29,0x2e29,0x3b06,0x3b06,0x4b24,0x4b24,
	0x16b3,0x16b3,0x16f5,0x16f5,0x1729,0x1729,0x175d,0x175d,0x17b4,0x17b4,0x1813,0x1813,0x18ba,0x18ba,0x1973,0x1973,0x1ab6,0x1ab6,0x1c33,0x1c33,0x1edd,0x1edd,0x21d4,0x21d4,0x2747,0x2747,0x2e29,0x2e29,0x3b06,0x3b06,0x4b24,0x4b24,
	0x1d07,0x1d07,0x1d41,0x1d41,0x1d71,0x1d71,0x1da0,0x1da0,0x1de9,0x1de9,0x1e3f,0x1e3f,0x1ed7,0x1ed7,0x1f81,0x1f81,0x20af,0x20af,0x21eb,0x21eb,0x245b,0x245b,0x2747,0x2747,0x2cb0,0x2cb0,0x334a,0x334a,0x3fba,0x3fba,0x4f20,0x4f20,
	0x1d07,0x1d07,0x1d41,0x1d41,0x1d71,0x1d71,0x1da0,0x1da0,0x1de9,0x1de9,0x1e3f,0x1e3f,0x1ed7,0x1ed7,0x1f81,0x1f81,0x20af,0x20af,0x21eb,0x21eb,0x245b,0x245b,0x2747,0x2747,0x2cb0,0x2cb0,0x334a,0x334a,0x3fba,0x3fba,0x4f20,0x4f20,
	0x248a,0x248a,0x24bc,0x24bc,0x24e4,0x24e4,0x250d,0x250d,0x254f,0x254f,0x2599,0x2599,0x261f,0x261f,0x26b6,0x26b6,0x27c4,0x27c4,0x290c,0x290c,0x2b64,0x2b64,0x2e29,0x2e29,0x334a,0x334a,0x3979,0x3979,0x45c6,0x45c6,0x54a6,0x54a6,
	0x248a,0x248a,0x24bc,0x24bc,0x24e4,0x24e4,0x250d,0x250d,0x254f,0x254f,0x2599,0x2599,0x261f,0x261f,0x26b6,0x26b6,0x27c4,0x27c4,0x290c,0x290c,0x2b64,0x2b64,0x2e29,0x2e29,0x334a,0x334a,0x3979,0x3979,0x45c6,0x45c6,0x54a6,0x54a6,
	0x3392,0x3392,0x33b0,0x33b0,0x33c7,0x33c7,0x33df,0x33df,0x3403,0x3403,0x343a,0x343a,0x3477,0x3477,0x34db,0x34db,0x35a3,0x35a3,0x36a7,0x36a7,0x389d,0x389d,0x3b06,0x3b06,0x3fba,0x3fba,0x45c6,0x45c6,0x50d8,0x50d8,0x5f3a,0x5f3a,
	0x3392,0x3392,0x33b0,0x33b0,0x33c7,0x33c7,0x33df,0x33df,0x3403,0x3403,0x343a,0x343a,0x3477,0x3477,0x34db,0x34db,0x35a3,0x35a3,0x36a7,0x36a7,0x389d,0x389d,0x3b06,0x3b06,0x3fba,0x3fba,0x45c6,0x45c6,0x50d8,0x50d8,0x5f3a,0x5f3a,
	0x46fe,0x46fe,0x4702,0x4702,0x4706,0x4706,0x470a,0x470a,0x4710,0x4710,0x471a,0x471a,0x472f,0x472f,0x474a,0x474a,0x4797,0x4797,0x4814,0x4814,0x495b,0x495b,0x4b24,0x4b24,0x4f20,0x4f20,0x54a6,0x54a6,0x5f3a,0x5f3a,0x6cdc,0x6cdc,
	0x46fe,0x46fe,0x4702,0x4702,0x4706,0x4706,0x470a,0x470a,0x4710,0x4710,0x471a,0x471a,0x472f,0x472f,0x474a,0x474a,0x4797,0x4797,0x4814,0x4814,0x495b,0x495b,0x4b24,0x4b24,0x4f20,0x4f20,0x54a6,0x54a6,0x5f3a,0x5f3a,0x6cdc,0x6cdc,
	0x0bd8,0x0ddd,0x0bf9,0x0e2a,0x0c41,0x0e65,0x0c82,0x0ea4,0x0cd1,0x0f08,0x0d38,0x0f6e,0x0dc5,0x1020,0x0e78,0x10bd,0x0f8e,0x1222,0x1125,0x13d4,0x134e,0x16b3,0x1668,0x1a20,0x1b17,0x2056,0x21f4,0x27b7,0x2c8b,0x364e,0x3d5b,0x4901,
	0x0ddd,0x0ddd,0x0e2a,0x0e2a,0x0e65,0x0e65,0x0ea4,0x0ea4,0x0f08,0x0f08,0x0f6e,0x0f6e,0x1020,0x1020,0x10bd,0x10bd,0x1222,0x1222,0x13d4,0x13d4,0x16b3,0x16b3,0x1a20,0x1a20,0x2056,0x2056,0x27b7,0x27b7,0x364e,0x364e,0x4901,0x4901,
	0x0bf9,0x0e2a,0x0c19,0x0e76,0x0c61,0x0eb2,0x0ca2,0x0ef1,0x0cf0,0x0f50,0x0d56,0x0fb5,0x0ddc,0x1057,0x0e96,0x1103,0x0fad,0x1269,0x1141,0x1417,0x136a,0x16f5,0x1683,0x1a5f,0x1b2d,0x208b,0x2207,0x27e4,0x2c95,0x3666,0x3d5c,0x4902,
	0x0e2a,0x0e2a,0x0e76,0x0e76,0x0eb2,0x0eb2,0x0ef1,0x0ef1,0x0f50,0x0f50,0x0fb5,0x0fb5,0x1057,0x1057,0x1103,0x1103,0x1269,0x1269,0x1417,0x1417,0x16f5,0x16f5,0x1a5f,0x1a5f,0x208b,0x208b,0x27e4,0x27e4,0x3666,0x3666,0x4902,0x4902,
	0x0c41,0x0e65,0x0c61,0x0eb2,0x0cac,0x0ef0,0x0cec,0x0f2e,0x0d3a,0x0f8c,0x0d9c,0x0ff0,0x0e1c,0x1080,0x0eda,0x113c,0x0ff3,0x12a2,0x1182,0x144d,0x139c,0x1729,0x16c1,0x1a92,0x1b67,0x20b6,0x2238,0x2809,0x2cbc,0x367b,0x3d6f,0x4905,
	0x0e65,0x0e65,0x0eb2,0x0eb2,0x0ef0,0x0ef0,0x0f2e,0x0f2e,0x0f8c,0x0f8c,0x0ff0,0x0ff0,0x1080,0x1080,0x113c,0x113c,0x12a2,0x12a2,0x144d,0x144d,0x1729,0x1729,0x1a92,0x1a92,0x20b6,0x20b6,0x2809,0x2809,0x367b,0x367b,0x4905,0x4905,
	0x0c82,0x0ea4,0x0ca2,0x0ef1,0x0cec,0x0f2e,0x0d2b,0x0f69,0x0d77,0x0fc6,0x0dd9,0x1029,0x0e55,0x10af,0x0f18,0x1178,0x102f,0x12db,0x11bc,0x1484,0x13d1,0x175d,0x16f8,0x1ac5,0x1b98,0x20e1,0x2265,0x2830,0x2cdd,0x3691,0x3d7e,0x4908,
	0x0ea4,0x0ea4,0x0ef1,0x0ef1,0x0f2e,0x0f2e,0x0f69,0x0f69,0x0fc6,0x0fc6,0x1029,0x1029,0x10af,0x10af,0x1178,0x1178,0x12db,0x12db,0x1484,0x1484,0x175d,0x175d,0x1ac5,0x1ac5,0x20e1,0x20e1,0x2830,0x2830,0x3691,0x3691,0x4908,0x4908,
	0x0cd1,0x0f08,0x0cf0,0x0f50,0x0d3a,0x0f8c,0x0d77,0x0fc6,0x0dc0,0x101e,0x0e1d,0x106f,0x0e9f,0x1105,0x0f64,0x11d4,0x107a,0x1337,0x1203,0x14dc,0x1418,0x17b4,0x173a,0x1b17,0x1bd3,0x2124,0x229b,0x286d,0x2d05,0x36b5,0x3d8e,0x490d,
	0x0f08,0x0f08,0x0f50,0x0f50,0x0f8c,0x0f8c,0x0fc6,0x0fc6,0x101e,0x101e,0x106f,0x106f,0x1105,0x1105,0x11d4,0x11d4,0x1337,0x1337,0x14dc,0x14dc,0x17b4,0x17b4,0x1b17,0x1b17,0x2124,0x2124,0x286d,0x286d,0x36b5,0x36b5,0x490d,0x490d,
	0x0d38,0x0f6e,0x0d56,0x0fb5,0x0d9c,0x0ff0,0x0dd9,0x1029,0x0e1d,0x106f,0x0e7b,0x10c4,0x0f04,0x116c,0x0fc8,0x123a,0x10df,0x139c,0x1264,0x153e,0x1474,0x1813,0x1795,0x1b71,0x1c28,0x2173,0x22e3,0x28b1,0x2d3e,0x36de,0x3da7,0x4915,
	0x0f6e,0x0f6e,0x0fb5,0x0fb5,0x0ff0,0x0ff0,0x1029,0x1029,0x106f,0x106f,0x10c4,0x10c4,0x116c,0x116c,0x123a,0x123a,0x139c,0x139c,0x153e,0x153e,0x1813,0x1813,0x1b71,0x1b71,0x2173,0x2173,0x28b1,0x28b1,0x36de,0x36de,0x4915,0x4915,
	0x0dc5,0x1020,0x0ddc,0x1057,0x0e1c,0x1080,0x0e55,0x10af,0x0e9f,0x1105,0x0f04,0x116c,0x0f92,0x1221,0x1055,0x12ef,0x1169,0x1450,0x12e6,0x15ee,0x14f7,0x18ba,0x1812,0x1c0e,0x1c90,0x21e4,0x234a,0x292e,0x2d8b,0x372c,0x3dce,0x4926,
	0x1020,0x1020,0x1057,0x1057,0x1080,0x1080,0x10af,0x10af,0x1105,0x1105,0x116c,0x116c,0x1221,0x1221,0x12ef,0x12ef,0x1450,0x1450,0x15ee,0x15ee,0x18ba,0x18ba,0x1c0e,0x1c0e,0x21e4,0x21e4,0x292e,0x292e,0x372c,0x372c,0x4926,0x4926,
	0x0e78,0x10bd,0x0e96,0x1103,0x0eda,0x113c,0x0f18,0x1178,0x0f64,0x11d4,0x0fc8,0x123a,0x1055,0x12ef,0x1119,0x13b5,0x1229,0x1515,0x138b,0x16ad,0x15b0,0x1973,0x18c3,0x1cbf,0x1d2d,0x226f,0x23df,0x29bb,0x2e04,0x378c,0x3e00,0x4945,
	0x10bd,0x10bd,0x1103,0x1103,0x113c,0x113c,0x1178,0x1178,0x11d4,0x11d4,0x123a,0x123a,0x12ef,0x12ef,0x13b5,0x13b5,0x1515,0x1515,0x16ad,0x16ad,0x1973,0x1973,0x1cbf,0x1cbf,0x226f,0x226f,0x29bb,0x29bb,0x378c,0x378c,0x4945,0x4945,
	0x0f8e,0x1222,0x0fad,0x1269,0x0ff3,0x12a2,0x102f,0x12db,0x107a,0x1337,0x10df,0x139c,0x1169,0x1450,0x1229,0x1515,0x132a,0x166e,0x148f,0x17ff,0x16ad,0x1ab6,0x19b9,0x1df3,0x1e12,0x2389,0x24af,0x2ab9,0x2eab,0x3843,0x3e59,0x498c,
	0x1222,0x1222,0x1269,0x1269,0x12a2,0x12a2,0x12db,0x12db,0x1337,0x1337,0x139c,0x139c,0x1450,0x1450,0x1515,0x1515,0x166e,0x166e,0x17ff,0x17ff,0x1ab6,0x1ab6,0x1df3,0x1df3,0x2389,0x2389,0x2ab9,0x2ab9,0x3843,0x3843,0x498c,0x498c,
	0x1125,0x13d4,0x1141,0x1417,0x1182,0x144d,0x11bc,0x1484,0x1203,0x14dc,0x1264,0x153e,0x12e6,0x15ee,0x138b,0x16ad,0x148f,0x17ff,0x1607,0x198c,0x181c,0x1c33,0x1b1b,0x1f62,0x1f61,0x24dd,0x25e4,0x2bef,0x2fb0,0x3931,0x3eff,0x49ff,
	0x13d4,0x13d4,0x1417,0x1417,0x144d,0x144d,0x1484,0x1484,0x14dc,0x14dc,0x153e,0x153e,0x15ee,0x15ee,0x16ad,0x16ad,0x17ff,0x17ff,0x198c,0x198c,0x1c33,0x1c33,0x1f62,0x1f62,0x24dd,0x24dd,0x2bef,0x2bef,0x3931,0x3931,0x49ff,0x49ff,
	0x134e,0x16b3,0x136a,0x16f5,0x139c,0x1729,0x13d1,0x175d,0x1418,0x17b4,0x1474,0x1813,0x14f7,0x18ba,0x15b0,0x1973,0x16ad,0x1ab6,0x181c,0x1c33,0x1a30,0x1edd,0x1d10,0x21d4,0x2147,0x2747,0x2791,0x2e29,0x3138,0x3b06,0x4015,0x4b24,
	0x16b3,0x16b3,0x16f5,0x16f5,0x1729,0x1729,0x175d,0x175d,0x17b4,0x17b4,0x1813,0x1813,0x18ba,0x18ba,0x1973,0x1973,0x1ab6,0x1ab6,0x1c33,0x1c33,0x1edd,0x1edd,0x21d4,0x21d4,0x2747,0x2747,0x2e29,0x2e29,0x3b06,0x3b06,0x4b24,0x4b24,
	0x1668,0x1a20,0x1683,0x1a5f,0x16c1,0x1a92,0x16f8,0x1ac5,0x173a,0x1b17,0x1795,0x1b71,0x1812,0x1c0e,0x18c3,0x1cbf,0x19b9,0x1df3,0x1b1b,0x1f62,0x1d10,0x21d4,0x1fe7,0x24b3,0x240f,0x2a22,0x2a21,0x30d3,0x3397,0x3d58,0x41f9,0x4ce2,
	0x1a20,0x1a20,0x1a5f,0x1a5f,0x1a92,0x1a92,0x1ac5,0x1ac5,0x1b17,0x1b17,0x1b71,0x1b71,0x1c0e,0x1c0e,0x1cbf,0x1cbf,0x1df3,0x1df3,0x1f62,0x1f62,0x21d4,0x21d4,0x24b3,0x24b3,0x2a22,0x2a22,0x30d3,0x30d3,0x3d58,0x3d58,0x4ce2,0x4ce2,
	0x1b17,0x2056,0x1b2d,0x208b,0x1b67,0x20b6,0x1b98,0x20e1,0x1bd3,0x2124,0x1c28,0x2173,0x1c90,0x21e4,0x1d2d,0x226f,0x1e12,0x2389,0x1f61,0x24dd,0x2147,0x2747,0x240f,0x2a22,0x2807,0x2f5d,0x2dd7,0x3582,0x371d,0x41ce,0x44f6,0x5093,
	0x2056,0x2056,0x208b,0x208b,0x20b6,0x20b6,0x20e1,0x20e1,0x2124,0x2124,0x2173,0x2173,0x21e4,0x21e4,0x226f,0x226f,0x2389,0x2389,0x24dd,0x24dd,0x2747,0x2747,0x2a22,0x2a22,0x2f5d,0x2f5d,0x3582,0x3582,0x41ce,0x41ce,0x5093,0x5093,
	0x21f4,0x27b7,0x2207,0x27e4,0x2238,0x2809,0x2265,0x2830,0x229b,0x286d,0x22e3,0x28b1,0x234a,0x292e,0x23df,0x29bb,0x24af,0x2ab9,0x25e4,0x2bef,0x2791,0x2e29,0x2a21,0x30d3,0x2dd7,0x3582,0x33a9,0x3bb9,0x3c84,0x4768,0x49ee,0x55c6,
	0x27b7,0x27b7,0x27e4,0x27e4,0x2809,0x2809,0x2830,0x2830,0x286d,0x286d,0x28b1,0x28b1,0x292e,0x292e,0x29bb,0x29bb,0x2ab9,0x2ab9,0x2bef,0x2bef,0x2e29,0x2e29,0x30d3,0x30d3,0x3582,0x3582,0x3bb9,0x3bb9,0x4768,0x4768,0x55c6,0x55c6,
	0x2c8b,0x364e,0x2c95,0x3666,0x2cbc,0x367b,0x2cdd,0x3691,0x2d05,0x36b5,0x2d3e,0x36de,0x2d8b,0x372c,0x2e04,0x378c,0x2eab,0x3843,0x2fb0,0x3931,0x3138,0x3b06,0x3397,0x3d58,0x371d,0x41ce,0x3c84,0x4768,0x44b1,0x521c,0x51be,0x5fc5,
	0x364e,0x364e,0x3666,0x3666,0x367b,0x367b,0x3691,0x3691,0x36b5,0x36b5,0x36de,0x36de,0x372c,0x372c,0x378c,0x378c,0x3843,0x3843,0x3931,0x3931,0x3b06,0x3b06,0x3d58,0x3d58,0x41ce,0x41ce,0x4768,0x4768,0x521c,0x521c,0x5fc5,0x5fc5,
	0x3d5b,0x4901,0x3d5c,0x4902,0x3d6f,0x4905,0x3d7e,0x4908,0x3d8e,0x490d,0x3da7,0x4915,0x3dce,0x4926,0x3e00,0x4945,0x3e59,0x498c,0x3eff,0x49ff,0x4015,0x4b24,0x41f9,0x4ce2,0x44f6,0x5093,0x49ee,0x55c6,0x51be,0x5fc5,0x5dd4,0x6ce8,
	0x4901,0x4901,0x4902,0x4902,0x4905,0x4905,0x4908,0x4908,0x490d,0x490d,0x4915,0x4915,0x4926,0x4926,0x4945,0x4945,0x498c,0x498c,0x49ff,0x49ff,0x4b24,0x4b24,0x4ce2,0x4ce2,0x5093,0x5093,0x55c6,0x55c6,0x5fc5,0x5fc5,0x6ce8,0x6ce8,
	0x0ddd,0x0ddd,0x0e2a,0x0e2a,0x0e65,0x0e65,0x0ea4,0x0ea4,0x0f08,0x0f08,0x0f6e,0x0f6e,0x1020,0x1020,0x10bd,0x10bd,0x1222,0x1222,0x13d4,0x13d4,0x16b3,0x16b3,0x1a20,0x1a20,0x2056,0x2056,0x27b7,0x27b7,0x364e,0x364e,0x4901,0x4901,
	0x0ddd,0x0ddd,0x0e2a,0x0e2a,0x0e65,0x0e65,0x0ea4,0x0ea4,0x0f08,0x0f08,0x0f6e,0x0f6e,0x1020,0x1020,0x10bd,0x10bd,0x1222,0x1222,0x13d4,0x13d4,0x16b3,0x16b3,0x1a20,0x1a20,0x2056,0x2056,0x27b7,0x27b7,0x364e,0x364e,0x4901,0x4901,
	0x0e2a,0x0e2a,0x0e76,0x0e76,0x0eb2,0x0eb2,0x0ef1,0x0ef1,0x0f50,0x0f50,0x0fb5,0x0fb5,0x1057,0x1057,0x1103,0x1103,0x1269,0x1269,0x1417,0x1417,0x16f5,0x16f5,0x1a5f,0x1a5f,0x208b,0x208b,0x27e4,0x27e4,0x3666,0x3666,0x4902,0x4902,
	0x0e2a,0x0e2a,0x0e76,0x0e76,0x0eb2,0x0eb2,0x0ef1,0x0ef1,0x0f50,0x0f50,0x0fb5,0x0fb5,0x1057,0x1057,0x1103,0x1103,0x1269,0x1269,0x1417,0x1417,0x16f5,0x16f5,0x1a5f,0x1a5f,0x208b,0x208b,0x27e4,0x27e4,0x3666,0x3666,0x4902,0x4902,
	0x0e65,0x0e65,0x0eb2,0x0eb2,0x0ef0,0x0ef0,0x0f2e,0x0f2e,0x0f8c,0x0f8c,0x0ff0,0x0ff0,0x1080,0x1080,0x113c,0x113c,0x12a2,0x12a2,0x144d,0x144d,0x1729,0x1729,0x1a92,0x1a92,0x20b6,0x20b6,0x2809,0x2809,0x367b,0x367b,0x4905,0x4905,
	0x0e65,0x0e65,0x0eb2,0x0eb2,0x0ef0,0x0ef0,0x0f2e,0x0f2e,0x0f8c,0x0f8c,0x0ff0,0x0ff0,0x1080,0x1080,0x113c,0x113c,0x12a2,0x12a2,0x144d,0x144d,0x1729,0x1729,0x1a92,0x1a92,0x20b6,0x20b6,0x2809,0x2809,0x367b,0x367b,0x4905,0x4905,
	0x0ea4,0x0ea4,0x0ef1,0x0ef1,0x0f2e,0x0f2e,0x0f69,0x0f69,0x0fc6,0x0fc6,0x1029,0x1029,0x10af,0x10af,0x1178,0x1178,0x12db,0x12db,0x1484,0x1484,0x175d,0x175d,0x1ac5,0x1ac5,0x20e1,0x20e1,0x2830,0x2830,0x3691,0x3691,0x4908,0x4908,
	0x0ea4,0x0ea4,0x0ef1,0x0ef1,0x0f2e,0x0f2e,0x0f69,0x0f69,0x0fc6,0x0fc6,0x1029,0x1029,0x10af,0x10af,0x1178,0x1178,0x12db,0x12db,0x1484,0x1484,0x175d,0x175d,0x1ac5,0x1ac5,0x20e1,0x20e1,0x2830,0x2830,0x3691,0x3691,0x4908,0x4908,
	0x0f08,0x0f08,0x0f50,0x0f50,0x0f8c,0x0f8c,0x0fc6,0x0fc6,0x101e,0x101e,0x106f,0x106f,0x1105,0x1105,0x11d4,0x11d4,0x1337,0x1337,0x14dc,0x14dc,0x17b4,0x17b4,0x1b17,0x1b17,0x2124,0x2124,0x286d,0x286d,0x36b5,0x36b5,0x490d,0x490d,
	0x0f08,0x0f08,0x0f50,0x0f50,0x0f8c,0x0f8c,0x0fc6,0x0fc6,0x101e,0x101e,0x106f,0x106f,0x1105,0x1105,0x11d4,0x11d4,0x1337,0x1337,0x14dc,0x14dc,0x17b4,0x17b4,0x1b17,0x1b17,0x2124,0x2124,0x286d,0x286d,0x36b5,0x36b5,0x490d,0x490d,
	0x0f6e,0x0f6e,0x0fb5,0x0fb5,0x0ff0,0x0ff0,0x1029,0x1029,0x106f,0x106f,0x10c4,0x10c4,0x116c,0x116c,0x123a,0x123a,0x139c,0x139c,0x153e,0x153e,0x1813,0x1813,0x1b71,0x1b71,0x2173,0x2173,0x28b1,0x28b1,0x36de,0x36de,0x4915,0x4915,
	0x0f6e,0x0f6e,0x0fb5,0x0fb5,0x0ff0,0x0ff0,0x1029,0x1029,0x106f,0x106f,0x10c4,0x10c4,0x116c,0x116c,0x123a,0x123a,0x139c,0x139c,0x153e,0x153e,0x1813,0x1813,0x1b71,0x1b71,0x2173,0x2173,0x28b1,0x28b1,0x36de,0x36de,0x4915,0x4915,
	0x1020,0x1020,0x1057,0x1057,0x1080,0x1080,0x10af,0x10af,0x1105,0x1105,0x116c,0x116c,0x1221,0x1221,0x12ef,0x12ef,0x1450,0x1450,0x15ee,0x15ee,0x18ba,0x18ba,0x1c0e,0x1c0e,0x21e4,0x21e4,0x292e,0x292e,0x372c,0x372c,0x4926,0x4926,
	0x1020,0x1020,0x1057,0x1057,0x1080,0x1080,0x10af,0x10af,0x1105,0x1105,0x116c,0x116c,0x1221,0x1221,0x12ef,0x12ef,0x1450,0x1450,0x15ee,0x15ee,0x18ba,0x18ba,0x1c0e,0x1c0e,0x21e4,0x21e4,0x292e,0x292e,0x372c,0x372c,0x4926,0x4926,
	0x10bd,0x10bd,0x1103,0x1103,0x113c,0x113c,0x1178,0x1178,0x11d4,0x11d4,0x123a,0x123a,0x12ef,0x12ef,0x13b5,0x13b5,0x1515,0x1515,0x16ad,0x16ad,0x1973,0x1973,0x1cbf,0x1cbf,0x226f,0x226f,0x29bb,0x29bb,0x378c,0x378c,0x4945,0x4945,
	0x10bd,0x10bd,0x1103,0x1103,0x113c,0x113c,0x1178,0x1178,0x11d4,0x11d4,0x123a,0x123a,0x12ef,0x12ef,0x13b5,0x13b5,0x1515,0x1515,0x16ad,0x16ad,0x1973,0x1973,0x1cbf,0x1cbf,0x226f,0x226f,0x29bb,0x29bb,0x378c,0x378c,0x4945,0x4945,
	0x1222,0x1222,0x1269,0x1269,0x12a2,0x12a2,0x12db,0x12db,0x1337,0x1337,0x139c,0x139c,0x1450,0x1450,0x1515,0x1515,0x166e,0x166e,0x17ff,0x17ff,0x1ab6,0x1ab6,0x1df3,0x1df3,0x2389,0x2389,0x2ab9,0x2ab9,0x3843,0x3843,0x498c,0x498c,
	0x1222,0x1222,0x1269,0x1269,0x12a2,0x12a2,0x12db,0x12db,0x1337,0x1337,0x139c,0x139c,0x1450,0x1450,0x1515,0x1515,0x166e,0x166e,0x17ff,0x17ff,0x1ab6,0x1ab6,0x1df3,0x1df3,0x2389,0x2389,0x2ab9,0x2ab9,0x3843,0x3843,0x498c,0x498c,
	0x13d4,0x13d4,0x1417,0x1417,0x144d,0x144d,0x1484,0x1484,0x14dc,0x14dc,0x153e,0x153e,0x15ee,0x15ee,0x16ad,0x16ad,0x17ff,0x17ff,0x198c,0x198c,0x1c33,0x1c33,0x1f62,0x1f62,0x24dd,0x24dd,0x2bef,0x2bef,0x3931,0x3931,0x49ff,0x49ff,
	0x13d4,0x13d4,0x1417,0x1417,0x144d,0x144d,0x1484,0x1484,0x14dc,0x14dc,0x153e,0x153e,0x15ee,0x15ee,0x16ad,0x16ad,0x17ff,0x17ff,0x198c,0x198c,0x1c33,0x1c33,0x1f62,0x1f62,0x24dd,0x24dd,0x2bef,0x2bef,0x3931,0x3931,0x49ff,0x49ff,
	0x16b3,0x16b3,0x16f5,0x16f5,0x1729,0x1729,0x175d,0x175d,0x17b4,0x17b4,0x1813,0x1813,0x18ba,0x18ba,0x1973,0x1973,0x1ab6,0x1ab6,0x1c33,0x1c33,0x1edd,0x1edd,0x21d4,0x21d4,0x2747,0x2747,0x2e29,0x2e29,0x3b06,0x3b06,0x4b24,0x4b24,
	0x16b3,0x16b3,0x16f5,0x16f5,0x1729,0x1729,0x175d,0x175d,0x17b4,0x17b4,0x1813,0x1813,0x18ba,0x18ba,0x1973,0x1973,0x1ab6,0x1ab6,0x1c33,0x1c33,0x1edd,0x1edd,0x21d4,0x21d4,0x2747,0x2747,0x2e29,0x2e29,0x3b06,0x3b06,0x4b24,0x4b24,
	0x1a20,0x1a20,0x1a5f,0x1a5f,0x1a92,0x1a92,0x1ac5,0x1ac5,0x1b17,0x1b17,0x1b71,0x1b71,0x1c0e,0x1c0e,0x1cbf,0x1cbf,0x1df3,0x1df3,0x1f62,0x1f62,0x21d4,0x21d4,0x24b3,0x24b3,0x2a22,0x2a22,0x30d3,0x30d3,0x3d58,0x3d58,0x4ce2,0x4ce2,
	0x1a20,0x1a20,0x1a5f,0x1a5f,0x1a92,0x1a92,0x1ac5,0x1ac5,0x1b17,0x1b17,0x1b71,0x1b71,0x1c0e,0x1c0e,0x1cbf,0x1cbf,0x1df3,0x1df3,0x1f62,0x1f62,0x21d4,0x21d4,0x24b3,0x24b3,0x2a22,0x2a22,0x30d3,0x30d3,0x3d58,0x3d58,0x4ce2,0x4ce2,
	0x2056,0x2056,0x208b,0x208b,0x20b6,0x20b6,0x20e1,0x20e1,0x2124,0x2124,0x2173,0x2173,0x21e4,0x21e4,0x226f,0x226f,0x2389,0x2389,0x24dd,0x24dd,0x2747,0x2747,0x2a22,0x2a22,0x2f5d,0x2f5d,0x3582,0x3582,0x41ce,0x41ce,0x5093,0x5093,
	0x2056,0x2056,0x208b,0x208b,0x20b6,0x20b6,0x20e1,0x20e1,0x2124,0x2124,0x2173,0x2173,0x21e4,0x21e4,0x226f,0x226f,0x2389,0x2389,0x24dd,0x24dd,0x2747,0x2747,0x2a22,0x2a22,0x2f5d,0x2f5d,0x3582,0x3582,0x41ce,0x41ce,0x5093,0x5093,
	0x27b7,0x27b7,0x27e4,0x27e4,0x2809,0x2809,0x2830,0x2830,0x286d,0x286d,0x28b1,0x28b1,0x292e,0x292e,0x29bb,0x29bb,0x2ab9,0x2ab9,0x2bef,0x2bef,0x2e29,0x2e29,0x30d3,0x30d3,0x3582,0x3582,0x3bb9,0x3bb9,0x4768,0x4768,0x55c6,0x55c6,
	0x27b7,0x27b7,0x27e4,0x27e4,0x2809,0x2809,0x2830,0x2830,0x286d,0x286d,0x28b1,0x28b1,0x292e,0x292e,0x29bb,0x29bb,0x2ab9,0x2ab9,0x2bef,0x2bef,0x2e29,0x2e29,0x30d3,0x30d3,0x3582,0x3582,0x3bb9,0x3bb9,0x4768,0x4768,0x55c6,0x55c6,
	0x364e,0x364e,0x3666,0x3666,0x367b,0x367b,0x3691,0x3691,0x36b5,0x36b5,0x36de,0x36de,0x372c,0x372c,0x378c,0x378c,0x3843,0x3843,0x3931,0x3931,0x3b06,0x3b06,0x3d58,0x3d58,0x41ce,0x41ce,0x4768,0x4768,0x521c,0x521c,0x5fc5,0x5fc5,
	0x364e,0x364e,0x3666,0x3666,0x367b,0x367b,0x3691,0x3691,0x36b5,0x36b5,0x36de,0x36de,0x372c,0x372c,0x378c,0x378c,0x3843,0x3843,0x3931,0x3931,0x3b06,0x3b06,0x3d58,0x3d58,0x41ce,0x41ce,0x4768,0x4768,0x521c,0x521c,0x5fc5,0x5fc5,
	0x4901,0x4901,0x4902,0x4902,0x4905,0x4905,0x4908,0x4908,0x490d,0x490d,0x4915,0x4915,0x4926,0x4926,0x4945,0x4945,0x498c,0x498c,0x49ff,0x49ff,0x4b24,0x4b24,0x4ce2,0x4ce2,0x5093,0x5093,0x55c6,0x55c6,0x5fc5,0x5fc5,0x6ce8,0x6ce8,
	0x4901,0x4901,0x4902,0x4902,0x4905,0x4905,0x4908,0x4908,0x490d,0x490d,0x4915,0x4915,0x4926,0x4926,0x4945,0x4945,0x498c,0x498c,0x49ff,0x49ff,0x4b24,0x4b24,0x4ce2,0x4ce2,0x5093,0x5093,0x55c6,0x55c6,0x5fc5,0x5fc5,0x6ce8,0x6ce8,
	0x10ce,0x1460,0x10eb,0x14a7,0x1131,0x14df,0x116c,0x1518,0x11b8,0x1574,0x121d,0x15d5,0x12a3,0x1685,0x1361,0x174b,0x1450,0x18a7,0x15d1,0x1a41,0x17fd,0x1d07,0x1b17,0x2056,0x1f96,0x2631,0x266c,0x2da8,0x30c7,0x3be9,0x40ee,0x4da3,
	0x1460,0x1460,0x14a7,0x14a7,0x14df,0x14df,0x1518,0x1518,0x1574,0x1574,0x15d5,0x15d5,0x1685,0x1685,0x174b,0x174b,0x18a7,0x18a7,0x1a41,0x1a41,0x1d07,0x1d07,0x2056,0x2056,0x2631,0x2631,0x2da8,0x2da8,0x3be9,0x3be9,0x4da3,0x4da3,
	0x10eb,0x14a7,0x1107,0x14ec,0x114d,0x1523,0x1189,0x155e,0x11d6,0x15bb,0x123a,0x161c,0x12c0,0x16c9,0x137d,0x178e,0x146a,0x18e6,0x15eb,0x1a80,0x1815,0x1d41,0x1b2d,0x208b,0x1fa9,0x265f,0x267b,0x2dcc,0x30cc,0x3bf7,0x40ee,0x4da3,
	0x14a7,0x14a7,0x14ec,0x14ec,0x1523,0x1523,0x155e,0x155e,0x15bb,0x15bb,0x161c,0x161c,0x16c9,0x16c9,0x178e,0x178e,0x18e6,0x18e6,0x1a80,0x1a80,0x1d41,0x1d41,0x208b,0x208b,0x265f,0x265f,0x2dcc,0x2dcc,0x3bf7,0x3bf7,0x4da3,0x4da3,
	0x1131,0x14df,0x114d,0x1523,0x1193,0x155e,0x11d1,0x159a,0x121b,0x15f2,0x127e,0x1656,0x1301,0x16ff,0x13b5,0x17c7,0x14aa,0x191c,0x162c,0x1ab4,0x1851,0x1d71,0x1b67,0x20b6,0x1fdf,0x2686,0x26a7,0x2de9,0x30ed,0x3c03,0x40fd,0x4da4,
	0x14df,0x14df,0x1523,0x1523,0x155e,0x155e,0x159a,0x159a,0x15f2,0x15f2,0x1656,0x1656,0x16ff,0x16ff,0x17c7,0x17c7,0x191c,0x191c,0x1ab4,0x1ab4,0x1d71,0x1d71,0x20b6,0x20b6,0x2686,0x2686,0x2de9,0x2de9,0x3c03,0x3c03,0x4da4,0x4da4,
	0x116c,0x1518,0x1189,0x155e,0x11d1,0x159a,0x120e,0x15d3,0x1256,0x1627,0x12b9,0x168e,0x133a,0x1733,0x13e4,0x17fc,0x14e3,0x1952,0x1661,0x1ae3,0x1886,0x1da0,0x1b98,0x20e1,0x200e,0x26ac,0x26cd,0x2e08,0x3109,0x3c10,0x410a,0x4da5,
	0x1518,0x1518,0x155e,0x155e,0x159a,0x159a,0x15d3,0x15d3,0x1627,0x1627,0x168e,0x168e,0x1733,0x1733,0x17fc,0x17fc,0x1952,0x1952,0x1ae3,0x1ae3,0x1da0,0x1da0,0x20e1,0x20e1,0x26ac,0x26ac,0x2e08,0x2e08,0x3c10,0x3c10,0x4da5,0x4da5,
	0x11b8,0x1574,0x11d6,0x15bb,0x121b,0x15f2,0x1256,0x1627,0x129e,0x1680,0x1302,0x16e9,0x1381,0x178b,0x1423,0x1850,0x1529,0x19a4,0x16a6,0x1b35,0x18c5,0x1de9,0x1bd3,0x2124,0x2046,0x26ea,0x26fb,0x2e39,0x312b,0x3c28,0x4119,0x4daa,
	0x1574,0x1574,0x15bb,0x15bb,0x15f2,0x15f2,0x1627,0x1627,0x1680,0x1680,0x16e9,0x16e9,0x178b,0x178b,0x1850,0x1850,0x19a4,0x19a4,0x1b35,0x1b35,0x1de9,0x1de9,0x2124,0x2124,0x26ea,0x26ea,0x2e39,0x2e39,0x3c28,0x3c28,0x4daa,0x4daa,
	0x121d,0x15d5,0x123a,0x161c,0x127e,0x1656,0x12b9,0x168e,0x1302,0x16e9,0x1361,0x174d,0x13d3,0x17ec,0x1480,0x18b2,0x1588,0x1a02,0x1703,0x1b90,0x191e,0x1e3f,0x1c28,0x2173,0x2094,0x272f,0x273c,0x2e73,0x315c,0x3c46,0x412f,0x4dac,
	0x15d5,0x15d5,0x161c,0x161c,0x1656,0x1656,0x168e,0x168e,0x16e9,0x16e9,0x174d,0x174d,0x17ec,0x17ec,0x18b2,0x18b2,0x1a02,0x1a02,0x1b90,0x1b90,0x1e3f,0x1e3f,0x2173,0x2173,0x272f,0x272f,0x2e73,0x2e73,0x3c46,0x3c46,0x4dac,0x4dac,
	0x12a3,0x1685,0x12c0,0x16c9,0x1301,0x16ff,0x133a,0x1733,0x1381,0x178b,0x13d3,0x17ec,0x144f,0x189b,0x1503,0x1958,0x160a,0x1aa8,0x1781,0x1c2e,0x1998,0x1ed7,0x1c90,0x21e4,0x20ff,0x27ad,0x2796,0x2edb,0x319d,0x3c80,0x414b,0x4db5,
	0x1685,0x1685,0x16c9,0x16c9,0x16ff,0x16ff,0x1733,0x1733,0x178b,0x178b,0x17ec,0x17ec,0x189b,0x189b,0x1958,0x1958,0x1aa8,0x1aa8,0x1c2e,0x1c2e,0x1ed7,0x1ed7,0x21e4,0x21e4,0x27ad,0x27ad,0x2edb,0x2edb,0x3c80,0x3c80,0x4db5,0x4db5,
	0x1361,0x174b,0x137d,0x178e,0x13b5,0x17c7,0x13e4,0x17fc,0x1423,0x1850,0x1480,0x18b2,0x1503,0x1958,0x15be,0x1a14,0x16c3,0x1b5f,0x1838,0x1ce2,0x1a48,0x1f81,0x1d2d,0x226f,0x2198,0x283b,0x280c,0x2f54,0x3207,0x3cc9,0x4180,0x4dc5,
	0x174b,0x174b,0x178e,0x178e,0x17c7,0x17c7,0x17fc,0x17fc,0x1850,0x1850,0x18b2,0x18b2,0x1958,0x1958,0x1a14,0x1a14,0x1b5f,0x1b5f,0x1ce2,0x1ce2,0x1f81,0x1f81,0x226f,0x226f,0x283b,0x283b,0x2f54,0x2f54,0x3cc9,0x3cc9,0x4dc5,0x4dc5,
	0x1450,0x18a7,0x146a,0x18e6,0x14aa,0x191c,0x14e3,0x1952,0x1529,0x19a4,0x1588,0x1a02,0x160a,0x1aa8,0x16c3,0x1b5f,0x17c2,0x1ca5,0x1932,0x1e1e,0x1b39,0x20af,0x1e12,0x2389,0x226d,0x293b,0x28bd,0x3033,0x329a,0x3d5c,0x41cb,0x4dee,
	0x18a7,0x18a7,0x18e6,0x18e6,0x191c,0x191c,0x1952,0x1952,0x19a4,0x19a4,0x1a02,0x1a02,0x1aa8,0x1aa8,0x1b5f,0x1b5f,0x1ca5,0x1ca5,0x1e1e,0x1e1e,0x20af,0x20af,0x2389,0x2389,0x293b,0x293b,0x3033,0x3033,0x3d5c,0x3d5c,0x4dee,0x4dee,
	0x15d1,0x1a41,0x15eb,0x1a80,0x162c,0x1ab4,0x1661,0x1ae3,0x16a6,0x1b35,0x1703,0x1b90,0x1781,0x1c2e,0x1838,0x1ce2,0x1932,0x1e1e,0x1a9d,0x1f94,0x1c87,0x21eb,0x1f61,0x24dd,0x23a8,0x2a74,0x29d8,0x3147,0x3385,0x3e23,0x4259,0x4e3f,
	0x1a41,0x1a41,0x1a80,0x1a80,0x1ab4,0x1ab4,0x1ae3,0x1ae3,0x1b35,0x1b35,0x1b90,0x1b90,0x1c2e,0x1c2e,0x1ce2,0x1ce2,0x1e1e,0x1e1e,0x1f94,0x1f94,0x21eb,0x21eb,0x24dd,0x24dd,0x2a74,0x2a74,0x3147,0x3147,0x3e23,0x3e23,0x4e3f,0x4e3f,
	0x17fd,0x1d07,0x1815,0x1d41,0x1851,0x1d71,0x1886,0x1da0,0x18c5,0x1de9,0x191e,0x1e3f,0x1998,0x1ed7,0x1a48,0x1f81,0x1b39,0x20af,0x1c87,0x21eb,0x1e79,0x245b,0x2147,0x2747,0x2572,0x2cb0,0x2b7b,0x334a,0x34e9,0x3fba,0x4345,0x4f20,
	0x1d07,0x1d07,0x1d41,0x1d41,0x1d71,0x1d71,0x1da0,0x1da0,0x1de9,0x1de9,0x1e3f,0x1e3f,0x1ed7,0x1ed7,0x1f81,0x1f81,0x20af,0x20af,0x21eb,0x21eb,0x245b,0x245b,0x2747,0x2747,0x2cb0,0x2cb0,0x334a,0x334a,0x3fba,0x3fba,0x4f20,0x4f20,
	0x1b17,0x2056,0x1b2d,0x208b,0x1b67,0x20b6,0x1b98,0x20e1,0x1bd3,0x2124,0x1c28,0x2173,0x1c90,0x21e4,0x1d2d,0x226f,0x1e12,0x2389,0x1f61,0x24dd,0x2147,0x2747,0x240f,0x2a22,0x2807,0x2f5d,0x2dd7,0x3582,0x371d,0x41ce,0x44f6,0x5093,
	0x2056,0x2056,0x208b,0x208b,0x20b6,0x20b6,0x20e1,0x20e1,0x2124,0x2124,0x2173,0x2173,0x21e4,0x21e4,0x226f,0x226f,0x2389,0x2389,0x24dd,0x24dd,0x2747,0x2747,0x2a22,0x2a22,0x2f5d,0x2f5d,0x3582,0x3582,0x41ce,0x41ce,0x5093,0x5093,
	0x1f96,0x2631,0x1fa9,0x265f,0x1fdf,0x2686,0x200e,0x26ac,0x2046,0x26ea,0x2094,0x272f,0x20ff,0x27ad,0x2198,0x283b,0x226d,0x293b,0x23a8,0x2a74,0x2572,0x2cb0,0x2807,0x2f5d,0x2bc4,0x3433,0x3183,0x3a30,0x3a6f,0x45f1,0x47c3,0x53f3,
	0x2631,0x2631,0x265f,0x265f,0x2686,0x2686,0x26ac,0x26ac,0x26ea,0x26ea,0x272f,0x272f,0x27ad,0x27ad,0x283b,0x283b,0x293b,0x293b,0x2a74,0x2a74,0x2cb0,0x2cb0,0x2f5d,0x2f5d,0x3433,0x3433,0x3a30,0x3a30,0x45f1,0x45f1,0x53f3,0x53f3,
	0x266c,0x2da8,0x267b,0x2dcc,0x26a7,0x2de9,0x26cd,0x2e08,0x26fb,0x2e39,0x273c,0x2e73,0x2796,0x2edb,0x280c,0x2f54,0x28bd,0x3033,0x29d8,0x3147,0x2b7b,0x334a,0x2dd7,0x3582,0x3183,0x3a30,0x3717,0x4014,0x3f56,0x4afa,0x4c5c,0x589c,
	0x2da8,0x2da8,0x2dcc,0x2dcc,0x2de9,0x2de9,0x2e08,0x2e08,0x2e39,0x2e39,0x2e73,0x2e73,0x2edb,0x2edb,0x2f54,0x2f54,0x3033,0x3033,0x3147,0x3147,0x334a,0x334a,0x3582,0x3582,0x3a30,0x3a30,0x4014,0x4014,0x4afa,0x4afa,0x589c,0x589c,
	0x30c7,0x3be9,0x30cc,0x3bf7,0x30ed,0x3c03,0x3109,0x3c10,0x312b,0x3c28,0x315c,0x3c46,0x319d,0x3c80,0x3207,0x3cc9,0x329a,0x3d5c,0x3385,0x3e23,0x34e9,0x3fba,0x371d,0x41ce,0x3a6f,0x45f1,0x3f56,0x4afa,0x474f,0x5525,0x538b,0x61c0,
	0x3be9,0x3be9,0x3bf7,0x3bf7,0x3c03,0x3c03,0x3c10,0x3c10,0x3c28,0x3c28,0x3c46,0x3c46,0x3c80,0x3c80,0x3cc9,0x3cc9,0x3d5c,0x3d5c,0x3e23,0x3e23,0x3fba,0x3fba,0x41ce,0x41ce,0x45f1,0x45f1,0x4afa,0x4afa,0x5525,0x5525,0x61c0,0x61c0,
	0x40ee,0x4da3,0x40ee,0x4da3,0x40fd,0x4da4,0x410a,0x4da5,0x4119,0x4daa,0x412f,0x4dac,0x414b,0x4db5,0x4180,0x4dc5,0x41cb,0x4dee,0x4259,0x4e3f,0x4345,0x4f20,0x44f6,0x5093,0x47c3,0x53f3,0x4c5c,0x589c,0x538b,0x61c0,0x5edd,0x6d9b,
	0x4da3,0x4da3,0x4da3,0x4da3,0x4da4,0x4da4,0x4da5,0x4da5,0x4daa,0x4daa,0x4dac,0x4dac,0x4db5,0x4db5,0x4dc5,0x4dc5,0x4dee,0x4dee,0x4e3f,0x4e3f,0x4f20,0x4f20,0x5093,0x5093,0x53f3,0x53f3,0x589c,0x589c,0x61c0,0x61c0,0x6d9b,0x6d9b,
	0x1460,0x1460,0x14a7,0x14a7,0x14df,0x14df,0x1518,0x1518,0x1574,0x1574,0x15d5,0x15d5,0x1685,0x1685,0x174b,0x174b,0x18a7,0x18a7,0x1a41,0x1a41,0x1d07,0x1d07,0x2056,0x2056,0x2631,0x2631,0x2da8,0x2da8,0x3be9,0x3be9,0x4da3,0x4da3,
	0x1460,0x1460,0x14a7,0x14a7,0x14df,0x14df,0x1518,0x1518,0x1574,0x1574,0x15d5,0x15d5,0x1685,0x1685,0x174b,0x174b,0x18a7,0x18a7,0x1a41,0x1a41,0x1d07,0x1d07,0x2056,0x2056,0x2631,0x2631,0x2da8,0x2da8,0x3be9,0x3be9,0x4da3,0x4da3,
	0x14a7,0x14a7,0x14ec,0x14ec,0x1523,0x1523,0x155e,0x155e,0x15bb,0x15bb,0x161c,0x161c,0x16c9,0x16c9,0x178e,0x178e,0x18e6,0x18e6,0x1a80,0x1a80,0x1d41,0x1d41,0x208b,0x208b,0x265f,0x265f,0x2dcc,0x2dcc,0x3bf7,0x3bf7,0x4da3,0x4da3,
	0x14a7,0x14a7,0x14ec,0x14ec,0x1523,0x1523,0x155e,0x155e,0x15bb,0x15bb,0x161c,0x161c,0x16c9,0x16c9,0x178e,0x178e,0x18e6,0x18e6,0x1a80,0x1a80,0x1d41,0x1d41,0x208b,0x208b,0x265f,0x265f,0x2dcc,0x2dcc,0x3bf7,0x3bf7,0x4da3,0x4da3,
	0x14df,0x14df,0x1523,0x1523,0x155e,0x155e,0x159a,0x159a,0x15f2,0x15f2,0x1656,0x1656,0x16ff,0x16ff,0x17c7,0x17c7,0x191c,0x191c,0x1ab4,0x1ab4,0x1d71,0x1d71,0x20b6,0x20b6,0x2686,0x2686,0x2de9,0x2de9,0x3c03,0x3c03,0x4da4,0x4da4,
	0x14df,0x14df,0x1523,0x1523,0x155e,0x155e,0x159a,0x159a,0x15f2,0x15f2,0x1656,0x1656,0x16ff,0x16ff,0x17c7,0x17c7,0x191c,0x191c,0x1ab4,0x1ab4,0x1d71,0x1d71,0x20b6,0x20b6,0x2686,0x2686,0x2de9,0x2de9,0x3c03,0x3c03,0x4da4,0x4da4,
	0x1518,0x1518,0x155e,0x155e,0x159a,0x159a,0x15d3,0x15d3,0x1627,0x1627,0x168e,0x168e,0x1733,0x1733,0x17fc,0x17fc,0x1952,0x1952,0x1ae3,0x1ae3,0x1da0,0x1da0,0x20e1,0x20e1,0x26ac,0x26ac,0x2e08,0x2e08,0x3c10,0x3c10,0x4da5,0x4da5,
	0x1518,0x1518,0x155e,0x155e,0x159a,0x159a,0x15d3,0x15d3,0x1627,0x1627,0x168e,0x168e,0x1733,0x1733,0x17fc,0x17fc,0x1952,0x1952,0x1ae3,0x1ae3,0x1da0,0x1da0,0x20e1,0x20e1,0x26ac,0x26ac,0x2e08,0x2e08,0x3c10,0x3c10,0x4da5,0x4da5,
	0x1574,0x1574,0x15bb,0x15bb,0x15f2,0x15f2,0x1627,0x1627,0x1680,0x1680,0x16e9,0x16e9,0x178b,0x178b,0x1850,0x1850,0x19a4,0x19a4,0x1b35,0x1b35,0x1de9,0x1de9,0x2124,0x2124,0x26ea,0x26ea,0x2e39,0x2e39,0x3c28,0x3c28,0x4daa,0x4daa,
	0x1574,0x1574,0x15bb,0x15bb,0x15f2,0x15f2,0x1627,0x1627,0x1680,0x1680,0x16e9,0x16e9,0x178b,0x178b,0x1850,0x1850,0x19a4,0x19a4,0x1b35,0x1b35,0x1de9,0x1de9,0x2124,0x2124,0x26ea,0x26ea,0x2e39,0x2e39,0x3c28,0x3c28,0x4daa,0x4daa,
	0x15d5,0x15d5,0x161c,0x161c,0x1656,0x1656,0x168e,0x168e,0x16e9,0x16e9,0x174d,0x174d,0x17ec,0x17ec,0x18b2,0x18b2,0x1a02,0x1a02,0x1b90,0x1b90,0x1e3f,0x1e3f,0x2173,0x2173,0x272f,0x272f,0x2e73,0x2e73,0x3c46,0x3c46,0x4dac,0x4dac,
	0x15d5,0x15d5,0x161c,0x161c,0x1656,0x1656,0x168e,0x168e,0x16e9,0x16e9,0x174d,0x174d,0x17ec,0x17ec,0x18b2,0x18b2,0x1a02,0x1a02,0x1b90,0x1b90,0x1e3f,0x1e3f,0x2173,0x2173,0x272f,0x272f,0x2e73,0x2e73,0x3c46,0x3c46,0x4dac,0x4dac,
	0x1685,0x1685,0x16c9,0x16c9,0x16ff,0x16ff,0x1733,0x1733,0x178b,0x178b,0x17ec,0x17ec,0x189b,0x189b,0x1958,0x1958,0x1aa8,0x1aa8,0x1c2e,0x1c2e,0x1ed7,0x1ed7,0x21e4,0x21e4,0x27ad,0x27ad,0x2edb,0x2edb,0x3c80,0x3c80,0x4db5,0x4db5,
	0x1685,0x1685,0x16c9,0x16c9,0x16ff,0x16ff,0x1733,0x1733,0x178b,0x178b,0x17ec,0x17ec,0x189b,0x189b,0x1958,0x1958,0x1aa8,0x1aa8,0x1c2e,0x1c2e,0x1ed7,0x1ed7,0x21e4,0x21e4,0x27ad,0x27ad,0x2edb,0x2edb,0x3c80,0x3c80,0x4db5,0x4db5,
	0x174b,0x174b,0x178e,0x178e,0x17c7,0x17c7,0x17fc,0x17fc,0x1850,0x1850,0x18b2,0x18b2,0x1958,0x1958,0x1a14,0x1a14,0x1b5f,0x1b5f,0x1ce2,0x1ce2,0x1f81,0x1f81,0x226f,0x226f,0x283b,0x283b,0x2f54,0x2f54,0x3cc9,0x3cc9,0x4dc5,0x4dc5,
	0x174b,0x174b,0x178e,0x178e,0x17c7,0x17c7,0x17fc,0x17fc,0x1850,0x1850,0x18b2,0x18b2,0x1958,0x1958,0x1a14,0x1a14,0x1b5f,0x1b5f,0x1ce2,0x1ce2,0x1f81,0x1f81,0x226f,0x226f,0x283b,0x283b,0x2f54,0x2f54,0x3cc9,0x3cc9,0x4dc5,0x4dc5,
	0x18a7,0x18a7,0x18e6,0x18e6,0x191c,0x191c,0x1952,0x1952,0x19a4,0x19a4,0x1a02,0x1a02,0x1aa8,0x1aa8,0x1b5f,0x1b5f,0x1ca5,0x1ca5,0x1e1e,0x1e1e,0x20af,0x20af,0x2389,0x2389,0x293b,0x293b,0x3033,0x3033,0x3d5c,0x3d5c,0x4dee,0x4dee,
	0x18a7,0x18a7,0x18e6,0x18e6,0x191c,0x191c,0x1952,0x1952,0x19a4,0x19a4,0x1a02,0x1a02,0x1aa8,0x1aa8,0x1b5f,0x1b5f,0x1ca5,0x1ca5,0x1e1e,0x1e1e,0x20af,0x20af,0x2389,0x2389,0x293b,0x293b,0x3033,0x3033,0x3d5c,0x3d5c,0x4dee,0x4dee,
	0x1a41,0x1a41,0x1a80,0x1a80,0x1ab4,0x1ab4,0x1ae3,0x1ae3,0x1b35,0x1b35,0x1b90,0x1b90,0x1c2e,0x1c2e,0x1ce2,0x1ce2,0x1e1e,0x1e1e,0x1f94,0x1f94,0x21eb,0x21eb,0x24dd,0x24dd,0x2a74,0x2a74,0x3147,0x3147,0x3e23,0x3e23,0x4e3f,0x4e3f,
	0x1a41,0x1a41,0x1a80,0x1a80,0x1ab4,0x1ab4,0x1ae3,0x1ae3,0x1b35,0x1b35,0x1b90,0x1b90,0x1c2e,0x1c2e,0x1ce2,0x1ce2,0x1e1e,0x1e1e,0x1f94,0x1f94,0x21eb,0x21eb,0x24dd,0x24dd,0x2a74,0x2a74,0x3147,0x3147,0x3e23,0x3e23,0x4e3f,0x4e3f,
	0x1d07,0x1d07,0x1d41,0x1d41,0x1d71,0x1d71,0x1da0,0x1da0,0x1de9,0x1de9,0x1e3f,0x1e3f,0x1ed7,0x1ed7,0x1f81,0x1f81,0x20af,0x20af,0x21eb,0x21eb,0x245b,0x245b,0x2747,0x2747,0x2cb0,0x2cb0,0x334a,0x334a,0x3fba,0x3fba,0x4f20,0x4f20,
	0x1d07,0x1d07,0x1d41,0x1d41,0x1d71,0x1d71,0x1da0,0x1da0,0x1de9,0x1de9,0x1e3f,0x1e3f,0x1ed7,0x1ed7,0x1f81,0x1f81,0x20af,0x20af,0x21eb,0x21eb,0x245b,0x245b,0x2747,0x2747,0x2cb0,0x2cb0,0x334a,0x334a,0x3fba,0x3fba,0x4f20,0x4f20,
	0x2056,0x2056,0x208b,0x208b,0x20b6,0x20b6,0x20e1,0x20e1,0x2124,0x2124,0x2173,0x2173,0x21e4,0x21e4,0x226f,0x226f,0x2389,0x2389,0x24dd,0x24dd,0x2747,0x2747,0x2a22,0x2a22,0x2f5d,0x2f5d,0x3582,0x3582,0x41ce,0x41ce,0x5093,0x5093,
	0x2056,0x2056,0x208b,0x208b,0x20b6,0x20b6,0x20e1,0x20e1,0x2124,0x2124,0x2173,0x2173,0x21e4,0x21e4,0x226f,0x226f,0x2389,0x2389,0x24dd,0x24dd,0x2747,0x2747,0x2a22,0x2a22,0x2f5d,0x2f5d,0x3582,0x3582,0x41ce,0x41ce,0x5093,0x5093,
	0x2631,0x2631,0x265f,0x265f,0x2686,0x2686,0x26ac,0x26ac,0x26ea,0x26ea,0x272f,0x272f,0x27ad,0x27ad,0x283b,0x283b,0x293b,0x293b,0x2a74,0x2a74,0x2cb0,0x2cb0,0x2f5d,0x2f5d,0x3433,0x3433,0x3a30,0x3a30,0x45f1,0x45f1,0x53f3,0x53f3,
	0x2631,0x2631,0x265f,0x265f,0x2686,0x2686,0x26ac,0x26ac,0x26ea,0x26ea,0x272f,0x272f,0x27ad,0x27ad,0x283b,0x283b,0x293b,0x293b,0x2a74,0x2a74,0x2cb0,0x2cb0,0x2f5d,0x2f5d,0x3433,0x3433,0x3a30,0x3a30,0x45f1,0x45f1,0x53f3,0x53f3,
	0x2da8,0x2da8,0x2dcc,0x2dcc,0x2de9,0x2de9,0x2e08,0x2e08,0x2e39,0x2e39,0x2e73,0x2e73,0x2edb,0x2edb,0x2f54,0x2f54,0x3033,0x3033,0x3147,0x3147,0x334a,0x334a,0x3582,0x3582,0x3a30,0x3a30,0x4014,0x4014,0x4afa,0x4afa,0x589c,0x589c,
	0x2da8,0x2da8,0x2dcc,0x2dcc,0x2de9,0x2de9,0x2e08,0x2e08,0x2e39,0x2e39,0x2e73,0x2e73,0x2edb,0x2edb,0x2f54,0x2f54,0x3033,0x3033,0x3147,0x3147,0x334a,0x334a,0x3582,0x3582,0x3a30,0x3a30,0x4014,0x4014,0x4afa,0x4afa,0x589c,0x589c,
	0x3be9,0x3be9,0x3bf7,0x3bf7,0x3c03,0x3c03,0x3c10,0x3c10,0x3c28,0x3c28,0x3c46,0x3c46,0x3c80,0x3c80,0x3cc9,0x3cc9,0x3d5c,0x3d5c,0x3e23,0x3e23,0x3fba,0x3fba,0x41ce,0x41ce,0x45f1,0x45f1,0x4afa,0x4afa,0x5525,0x5525,0x61c0,0x61c0,
	0x3be9,0x3be9,0x3bf7,0x3bf7,0x3c03,0x3c03,0x3c10,0x3c10,0x3c28,0x3c28,0x3c46,0x3c46,0x3c80,0x3c80,0x3cc9,0x3cc9,0x3d5c,0x3d5c,0x3e23,0x3e23,0x3fba,0x3fba,0x41ce,0x41ce,0x45f1,0x45f1,0x4afa,0x4afa,0x5525,0x5525,0x61c0,0x61c0,
	0x4da3,0x4da3,0x4da3,0x4da3,0x4da4,0x4da4,0x4da5,0x4da5,0x4daa,0x4daa,0x4dac,0x4dac,0x4db5,0x4db5,0x4dc5,0x4dc5,0x4dee,0x4dee,0x4e3f,0x4e3f,0x4f20,0x4f20,0x5093,0x5093,0x53f3,0x53f3,0x589c,0x589c,0x61c0,0x61c0,0x6d9b,0x6d9b,
	0x4da3,0x4da3,0x4da3,0x4da3,0x4da4,0x4da4,0x4da5,0x4da5,0x4daa,0x4daa,0x4dac,0x4dac,0x4db5,0x4db5,0x4dc5,0x4dc5,0x4dee,0x4dee,0x4e3f,0x4e3f,0x4f20,0x4f20,0x5093,0x5093,0x53f3,0x53f3,0x589c,0x589c,0x61c0,0x61c0,0x6d9b,0x6d9b,
	0x1835,0x1cc3,0x184f,0x1d01,0x188e,0x1d33,0x18c5,0x1d66,0x190a,0x1db9,0x1966,0x1e13,0x19e2,0x1eb1,0x1a98,0x1f68,0x1b94,0x20a7,0x1cf1,0x21fb,0x1ef8,0x248a,0x21f4,0x27b7,0x266c,0x2da8,0x2ce9,0x34d1,0x3750,0x4305,0x46db,0x53cd,
	0x1cc3,0x1cc3,0x1d01,0x1d01,0x1d33,0x1d33,0x1d66,0x1d66,0x1db9,0x1db9,0x1e13,0x1e13,0x1eb1,0x1eb1,0x1f68,0x1f68,0x20a7,0x20a7,0x21fb,0x21fb,0x248a,0x248a,0x27b7,0x27b7,0x2da8,0x2da8,0x34d1,0x34d1,0x4305,0x4305,0x53cd,0x53cd,
	0x184f,0x1d01,0x186a,0x1d41,0x18a8,0x1d71,0x18e0,0x1da6,0x1924,0x1df7,0x1981,0x1e52,0x19fb,0x1eed,0x1ab0,0x1fa2,0x1bab,0x20df,0x1d04,0x2228,0x1f0e,0x24bc,0x2207,0x27e4,0x267b,0x2dcc,0x2cf3,0x34e8,0x3752,0x430a,0x46db,0x53cd,
	0x1d01,0x1d01,0x1d41,0x1d41,0x1d71,0x1d71,0x1da6,0x1da6,0x1df7,0x1df7,0x1e52,0x1e52,0x1eed,0x1eed,0x1fa2,0x1fa2,0x20df,0x20df,0x2228,0x2228,0x24bc,0x24bc,0x27e4,0x27e4,0x2dcc,0x2dcc,0x34e8,0x34e8,0x430a,0x430a,0x53cd,0x53cd,
	0x188e,0x1d33,0x18a8,0x1d71,0x18e7,0x1da6,0x191e,0x1dd9,0x1961,0x1e27,0x19c0,0x1e84,0x1a3a,0x1f1d,0x1aec,0x1fd1,0x1be7,0x210f,0x1d3b,0x2251,0x1f44,0x24e4,0x2238,0x2809,0x26a7,0x2de9,0x2d16,0x34fc,0x376c,0x4313,0x46e3,0x53ce,
	0x1d33,0x1d33,0x1d71,0x1d71,0x1da6,0x1da6,0x1dd9,0x1dd9,0x1e27,0x1e27,0x1e84,0x1e84,0x1f1d,0x1f1d,0x1fd1,0x1fd1,0x210f,0x210f,0x2251,0x2251,0x24e4,0x24e4,0x2809,0x2809,0x2de9,0x2de9,0x34fc,0x34fc,0x4313,0x4313,0x53ce,0x53ce,
	0x18c5,0x1d66,0x18e0,0x1da6,0x191e,0x1dd9,0x1956,0x1e0b,0x199b,0x1e5b,0x19f5,0x1eb6,0x1a72,0x1f50,0x1b20,0x1fff,0x1c1b,0x213b,0x1d6d,0x227d,0x1f74,0x250d,0x2265,0x2830,0x26cd,0x2e08,0x2d36,0x3511,0x3780,0x431a,0x46eb,0x53cf,
	0x1d66,0x1d66,0x1da6,0x1da6,0x1dd9,0x1dd9,0x1e0b,0x1e0b,0x1e5b,0x1e5b,0x1eb6,0x1eb6,0x1f50,0x1f50,0x1fff,0x1fff,0x213b,0x213b,0x227d,0x227d,0x250d,0x250d,0x2830,0x2830,0x2e08,0x2e08,0x3511,0x3511,0x431a,0x431a,0x53cf,0x53cf,
	0x190a,0x1db9,0x1924,0x1df7,0x1961,0x1e27,0x199b,0x1e5b,0x19df,0x1eac,0x1a37,0x1f06,0x1ab4,0x1f9e,0x1b5e,0x204b,0x1c58,0x2180,0x1daa,0x22c1,0x1fab,0x254f,0x229b,0x286d,0x26fb,0x2e39,0x2d5b,0x3533,0x3798,0x4326,0x46f3,0x53d0,
	0x1db9,0x1db9,0x1df7,0x1df7,0x1e27,0x1e27,0x1e5b,0x1e5b,0x1eac,0x1eac,0x1f06,0x1f06,0x1f9e,0x1f9e,0x204b,0x204b,0x2180,0x2180,0x22c1,0x22c1,0x254f,0x254f,0x286d,0x286d,0x2e39,0x2e39,0x3533,0x3533,0x4326,0x4326,0x53d0,0x53d0,
	0x1966,0x1e13,0x1981,0x1e52,0x19c0,0x1e84,0x19f5,0x1eb6,0x1a37,0x1f06,0x1a91,0x1f5f,0x1b0f,0x1ff6,0x1bb6,0x20a0,0x1ca7,0x21c6,0x1dfc,0x2312,0x1ffb,0x2599,0x22e3,0x28b1,0x273c,0x2e73,0x2d91,0x355d,0x37bc,0x4335,0x4701,0x53d1,
	0x1e13,0x1e13,0x1e52,0x1e52,0x1e84,0x1e84,0x1eb6,0x1eb6,0x1f06,0x1f06,0x1f5f,0x1f5f,0x1ff6,0x1ff6,0x20a0,0x20a0,0x21c6,0x21c6,0x2312,0x2312,0x2599,0x2599,0x28b1,0x28b1,0x2e73,0x2e73,0x355d,0x355d,0x4335,0x4335,0x53d1,0x53d1,
	0x19e2,0x1eb1,0x19fb,0x1eed,0x1a3a,0x1f1d,0x1a72,0x1f50,0x1ab4,0x1f9e,0x1b0f,0x1ff6,0x1b8c,0x2093,0x1c30,0x2137,0x1d12,0x223a,0x1e6f,0x239f,0x206a,0x261f,0x234a,0x292e,0x2796,0x2edb,0x2ddb,0x35ac,0x37ed,0x4356,0x4714,0x53d3,
	0x1eb1,0x1eb1,0x1eed,0x1eed,0x1f1d,0x1f1d,0x1f50,0x1f50,0x1f9e,0x1f9e,0x1ff6,0x1ff6,0x2093,0x2093,0x2137,0x2137,0x223a,0x223a,0x239f,0x239f,0x261f,0x261f,0x292e,0x292e,0x2edb,0x2edb,0x35ac,0x35ac,0x4356,0x4356,0x53d3,0x53d3,
	0x1a98,0x1f68,0x1ab0,0x1fa2,0x1aec,0x1fd1,0x1b20,0x1fff,0x1b5e,0x204b,0x1bb6,0x20a0,0x1c30,0x2137,0x1cd6,0x21cd,0x1db8,0x22da,0x1f15,0x2440,0x2107,0x26b6,0x23df,0x29bb,0x280c,0x2f54,0x2e4e,0x360c,0x383d,0x4381,0x4739,0x53da,
	0x1f68,0x1f68,0x1fa2,0x1fa2,0x1fd1,0x1fd1,0x1fff,0x1fff,0x204b,0x204b,0x20a0,0x20a0,0x2137,0x2137,0x21cd,0x21cd,0x22da,0x22da,0x2440,0x2440,0x26b6,0x26b6,0x29bb,0x29bb,0x2f54,0x2f54,0x360c,0x360c,0x4381,0x4381,0x53da,0x53da,
	0x1b94,0x20a7,0x1bab,0x20df,0x1be7,0x210f,0x1c1b,0x213b,0x1c58,0x2180,0x1ca7,0x21c6,0x1d12,0x223a,0x1db8,0x22da,0x1ea3,0x23fe,0x1ffb,0x255e,0x21e3,0x27c4,0x24af,0x2ab9,0x28bd,0x3033,0x2ef0,0x36c4,0x38b0,0x43e6,0x476b,0x53eb,
	0x20a7,0x20a7,0x20df,0x20df,0x210f,0x210f,0x213b,0x213b,0x2180,0x2180,0x21c6,0x21c6,0x223a,0x223a,0x22da,0x22da,0x23fe,0x23fe,0x255e,0x255e,0x27c4,0x27c4,0x2ab9,0x2ab9,0x3033,0x3033,0x36c4,0x36c4,0x43e6,0x43e6,0x53eb,0x53eb,
	0x1cf1,0x21fb,0x1d04,0x2228,0x1d3b,0x2251,0x1d6d,0x227d,0x1daa,0x22c1,0x1dfc,0x2312,0x1e6f,0x239f,0x1f15,0x2440,0x1ffb,0x255e,0x214c,0x26b6,0x2328,0x290c,0x25e4,0x2bef,0x29d8,0x3147,0x2fea,0x37b0,0x3973,0x447b,0x47d2,0x5412,
	0x21fb,0x21fb,0x2228,0x2228,0x2251,0x2251,0x227d,0x227d,0x22c1,0x22c1,0x2312,0x2312,0x239f,0x239f,0x2440,0x2440,0x255e,0x255e,0x26b6,0x26b6,0x290c,0x290c,0x2bef,0x2bef,0x3147,0x3147,0x37b0,0x37b0,0x447b,0x447b,0x5412,0x5412,
	0x1ef8,0x248a,0x1f0e,0x24bc,0x1f44,0x24e4,0x1f74,0x250d,0x1fab,0x254f,0x1ffb,0x2599,0x206a,0x261f,0x2107,0x26b6,0x21e3,0x27c4,0x2328,0x290c,0x2504,0x2b64,0x2791,0x2e29,0x2b7b,0x334a,0x3165,0x3979,0x3aa2,0x45c6,0x4886,0x54a6,
	0x248a,0x248a,0x24bc,0x24bc,0x24e4,0x24e4,0x250d,0x250d,0x254f,0x254f,0x2599,0x2599,0x261f,0x261f,0x26b6,0x26b6,0x27c4,0x27c4,0x290c,0x290c,0x2b64,0x2b64,0x2e29,0x2e29,0x334a,0x334a,0x3979,0x3979,0x45c6,0x45c6,0x54a6,0x54a6,
	0x21f4,0x27b7,0x2207,0x27e4,0x2238,0x2809,0x2265,0x2830,0x229b,0x286d,0x22e3,0x28b1,0x234a,0x292e,0x23df,0x29bb,0x24af,0x2ab9,0x25e4,0x2bef,0x2791,0x2e29,0x2a21,0x30d3,0x2dd7,0x3582,0x33a9,0x3bb9,0x3c84,0x4768,0x49ee,0x55c6,
	0x27b7,0x27b7,0x27e4,0x27e4,0x2809,0x2809,0x2830,0x2830,0x286d,0x286d,0x28b1,0x28b1,0x292e,0x292e,0x29bb,0x29bb,0x2ab9,0x2ab9,0x2bef,0x2bef,0x2e29,0x2e29,0x30d3,0x30d3,0x3582,0x3582,0x3bb9,0x3bb9,0x4768,0x4768,0x55c6,0x55c6,
	0x266c,0x2da8,0x267b,0x2dcc,0x26a7,0x2de9,0x26cd,0x2e08,0x26fb,0x2e39,0x273c,0x2e73,0x2796,0x2edb,0x280c,0x2f54,0x28bd,0x3033,0x29d8,0x3147,0x2b7b,0x334a,0x2dd7,0x3582,0x3183,0x3a30,0x3717,0x4014,0x3f56,0x4afa,0x4c5c,0x589c,
	0x2da8,0x2da8,0x2dcc,0x2dcc,0x2de9,0x2de9,0x2e08,0x2e08,0x2e39,0x2e39,0x2e73,0x2e73,0x2edb,0x2edb,0x2f54,0x2f54,0x3033,0x3033,0x3147,0x3147,0x334a,0x334a,0x3582,0x3582,0x3a30,0x3a30,0x4014,0x4014,0x4afa,0x4afa,0x589c,0x589c,
	0x2ce9,0x34d1,0x2cf3,0x34e8,0x2d16,0x34fc,0x2d36,0x3511,0x2d5b,0x3533,0x2d91,0x355d,0x2ddb,0x35ac,0x2e4e,0x360c,0x2ef0,0x36c4,0x2fea,0x37b0,0x3165,0x3979,0x33a9,0x3bb9,0x3717,0x4014,0x3c4b,0x45a5,0x4438,0x4ffd,0x507f,0x5ca5,
	0x34d1,0x34d1,0x34e8,0x34e8,0x34fc,0x34fc,0x3511,0x3511,0x3533,0x3533,0x355d,0x355d,0x35ac,0x35ac,0x360c,0x360c,0x36c4,0x36c4,0x37b0,0x37b0,0x3979,0x3979,0x3bb9,0x3bb9,0x4014,0x4014,0x45a5,0x45a5,0x4ffd,0x4ffd,0x5ca5,0x5ca5,
	0x3750,0x4305,0x3752,0x430a,0x376c,0x4313,0x3780,0x431a,0x3798,0x4326,0x37bc,0x4335,0x37ed,0x4356,0x383d,0x4381,0x38b0,0x43e6,0x3973,0x447b,0x3aa2,0x45c6,0x3c84,0x4768,0x3f56,0x4afa,0x4438,0x4ffd,0x4ba8,0x5955,0x5727,0x654f,
	0x4305,0x4305,0x430a,0x430a,0x4313,0x4313,0x431a,0x431a,0x4326,0x4326,0x4335,0x4335,0x4356,0x4356,0x4381,0x4381,0x43e6,0x43e6,0x447b,0x447b,0x45c6,0x45c6,0x4768,0x4768,0x4afa,0x4afa,0x4ffd,0x4ffd,0x5955,0x5955,0x654f,0x654f,
	0x46db,0x53cd,0x46db,0x53cd,0x46e3,0x53ce,0x46eb,0x53cf,0x46f3,0x53d0,0x4701,0x53d1,0x4714,0x53d3,0x4739,0x53da,0x476b,0x53eb,0x47d2,0x5412,0x4886,0x54a6,0x49ee,0x55c6,0x4c5c,0x589c,0x507f,0x5ca5,0x5727,0x654f,0x61ab,0x7009,
	0x53cd,0x53cd,0x53cd,0x53cd,0x53ce,0x53ce,0x53cf,0x53cf,0x53d0,0x53d0,0x53d1,0x53d1,0x53d3,0x53d3,0x53da,0x53da,0x53eb,0x53eb,0x5412,0x5412,0x54a6,0x54a6,0x55c6,0x55c6,0x589c,0x589c,0x5ca5,0x5ca5,0x654f,0x654f,0x7009,0x7009,
	0x1cc3,0x1cc3,0x1d01,0x1d01,0x1d33,0x1d33,0x1d66,0x1d66,0x1db9,0x1db9,0x1e13,0x1e13,0x1eb1,0x1eb1,0x1f68,0x1f68,0x20a7,0x20a7,0x21fb,0x21fb,0x248a,0x248a,0x27b7,0x27b7,0x2da8,0x2da8,0x34d1,0x34d1,0x4305,0x4305,0x53cd,0x53cd,
	0x1cc3,0x1cc3,0x1d01,0x1d01,0x1d33,0x1d33,0x1d66,0x1d66,0x1db9,0x1db9,0x1e13,0x1e13,0x1eb1,0x1eb1,0x1f68,0x1f68,0x20a7,0x20a7,0x21fb,0x21fb,0x248a,0x248a,0x27b7,0x27b7,0x2da8,0x2da8,0x34d1,0x34d1,0x4305,0x4305,0x53cd,0x53cd,
	0x1d01,0x1d01,0x1d41,0x1d41,0x1d71,0x1d71,0x1da6,0x1da6,0x1df7,0x1df7,0x1e52,0x1e52,0x1eed,0x1eed,0x1fa2,0x1fa2,0x20df,0x20df,0x2228,0x2228,0x24bc,0x24bc,0x27e4,0x27e4,0x2dcc,0x2dcc,0x34e8,0x34e8,0x430a,0x430a,0x53cd,0x53cd,
	0x1d01,0x1d01,0x1d41,0x1d41,0x1d71,0x1d71,0x1da6,0x1da6,0x1df7,0x1df7,0x1e52,0x1e52,0x1eed,0x1eed,0x1fa2,0x1fa2,0x20df,0x20df,0x2228,0x2228,0x24bc,0x24bc,0x27e4,0x27e4,0x2dcc,0x2dcc,0x34e8,0x34e8,0x430a,0x430a,0x53cd,0x53cd,
	0x1d33,0x1d33,0x1d71,0x1d71,0x1da6,0x1da6,0x1dd9,0x1dd9,0x1e27,0x1e27,0x1e84,0x1e84,0x1f1d,0x1f1d,0x1fd1,0x1fd1,0x210f,0x210f,0x2251,0x2251,0x24e4,0x24e4,0x2809,0x2809,0x2de9,0x2de9,0x34fc,0x34fc,0x4313,0x4313,0x53ce,0x53ce,
	0x1d33,0x1d33,0x1d71,0x1d71,0x1da6,0x1da6,0x1dd9,0x1dd9,0x1e27,0x1e27,0x1e84,0x1e84,0x1f1d,0x1f1d,0x1fd1,0x1fd1,0x210f,0x210f,0x2251,0x2251,0x24e4,0x24e4,0x2809,0x2809,0x2de9,0x2de9,0x34fc,0x34fc,0x4313,0x4313,0x53ce,0x53ce,
	0x1d66,0x1d66,0x1da6,0x1da6,0x1dd9,0x1dd9,0x1e0b,0x1e0b,0x1e5b,0x1e5b,0x1eb6,0x1eb6,0x1f50,0x1f50,0x1fff,0x1fff,0x213b,0x213b,0x227d,0x227d,0x250d,0x250d,0x2830,0x2830,0x2e08,0x2e08,0x3511,0x3511,0x431a,0x431a,0x53cf,0x53cf,
	0x1d66,0x1d66,0x1da6,0x1da6,0x1dd9,0x1dd9,0x1e0b,0x1e0b,0x1e5b,0x1e5b,0x1eb6,0x1eb6,0x1f50,0x1f50,0x1fff,0x1fff,0x213b,0x213b,0x227d,0x227d,0x250d,0x250d,0x2830,0x2830,0x2e08,0x2e08,0x3511,0x3511,0x431a,0x431a,0x53cf,0x53cf,
	0x1db9,0x1db9,0x1df7,0x1df7,0x1e27,0x1e27,0x1e5b,0x1e5b,0x1eac,0x1eac,0x1f06,0x1f06,0x1f9e,0x1f9e,0x204b,0x204b,0x2180,0x2180,0x22c1,0x22c1,0x254f,0x254f,0x286d,0x286d,0x2e39,0x2e39,0x3533,0x3533,0x4326,0x4326,0x53d0,0x53d0,
	0x1db9,0x1db9,0x1df7,0x1df7,0x1e27,0x1e27,0x1e5b,0x1e5b,0x1eac,0x1eac,0x1f06,0x1f06,0x1f9e,0x1f9e,0x204b,0x204b,0x2180,0x2180,0x22c1,0x22c1,0x254f,0x254f,0x286d,0x286d,0x2e39,0x2e39,0x3533,0x3533,0x4326,0x4326,0x53d0,0x53d0,
	0x1e13,0x1e13,0x1e52,0x1e52,0x1e84,0x1e84,0x1eb6,0x1eb6,0x1f06,0x1f06,0x1f5f,0x1f5f,0x1ff6,0x1ff6,0x20a0,0x20a0,0x21c6,0x21c6,0x2312,0x2312,0x2599,0x2599,0x28b1,0x28b1,0x2e73,0x2e73,0x355d,0x355d,0x4335,0x4335,0x53d1,0x53d1,
	0x1e13,0x1e13,0x1e52,0x1e52,0x1e84,0x1e84,0x1eb6,0x1eb6,0x1f06,0x1f06,0x1f5f,0x1f5f,0x1ff6,0x1ff6,0x20a0,0x20a0,0x21c6,0x21c6,0x2312,0x2312,0x2599,0x2599,0x28b1,0x28b1,0x2e73,0x2e73,0x355d,0x355d,0x4335,0x4335,0x53d1,0x53d1,
	0x1eb1,0x1eb1,0x1eed,0x1eed,0x1f1d,0x1f1d,0x1f50,0x1f50,0x1f9e,0x1f9e,0x1ff6,0x1ff6,0x2093,0x2093,0x2137,0x2137,0x223a,0x223a,0x239f,0x239f,0x261f,0x261f,0x292e,0x292e,0x2edb,0x2edb,0x35ac,0x35ac,0x4356,0x4356,0x53d3,0x53d3,
	0x1eb1,0x1eb1,0x1eed,0x1eed,0x1f1d,0x1f1d,0x1f50,0x1f50,0x1f9e,0x1f9e,0x1ff6,0x1ff6,0x2093,0x2093,0x2137,0x2137,0x223a,0x223a,0x239f,0x239f,0x261f,0x261f,0x292e,0x292e,0x2edb,0x2edb,0x35ac,0x35ac,0x4356,0x4356,0x53d3,0x53d3,
	0x1f68,0x1f68,0x1fa2,0x1fa2,0x1fd1,0x1fd1,0x1fff,0x1fff,0x204b,0x204b,0x20a0,0x20a0,0x2137,0x2137,0x21cd,0x21cd,0x22da,0x22da,0x2440,0x2440,0x26b6,0x26b6,0x29bb,0x29bb,0x2f54,0x2f54,0x360c,0x360c,0x4381,0x4381,0x53da,0x53da,
	0x1f68,0x1f68,0x1fa2,0x1fa2,0x1fd1,0x1fd1,0x1fff,0x1fff,0x204b,0x204b,0x20a0,0x20a0,0x2137,0x2137,0x21cd,0x21cd,0x22da,0x22da,0x2440,0x2440,0x26b6,0x26b6,0x29bb,0x29bb,0x2f54,0x2f54,0x360c,0x360c,0x4381,0x4381,0x53da,0x53da,
	0x20a7,0x20a7,0x20df,0x20df,0x210f,0x210f,0x213b,0x213b,0x2180,0x2180,0x21c6,0x21c6,0x223a,0x223a,0x22da,0x22da,0x23fe,0x23fe,0x255e,0x255e,0x27c4,0x27c4,0x2ab9,0x2ab9,0x3033,0x3033,0x36c4,0x36c4,0x43e6,0x43e6,0x53eb,0x53eb,
	0x20a7,0x20a7,0x20df,0x20df,0x210f,0x210f,0x213b,0x213b,0x2180,0x2180,0x21c6,0x21c6,0x223a,0x223a,0x22da,0x22da,0x23fe,0x23fe,0x255e,0x255e,0x27c4,0x27c4,0x2ab9,0x2ab9,0x3033,0x3033,0x36c4,0x36c4,0x43e6,0x43e6,0x53eb,0x53eb,
	0x21fb,0x21fb,0x2228,0x2228,0x2251,0x2251,0x227d,0x227d,0x22c1,0x22c1,0x2312,0x2312,0x239f,0x239f,0x2440,0x2440,0x255e,0x255e,0x26b6,0x26b6,0x290c,0x290c,0x2bef,0x2bef,0x3147,0x3147,0x37b0,0x37b0,0x447b,0x447b,0x5412,0x5412,
	0x21fb,0x21fb,0x2228,0x2228,0x2251,0x2251,0x227d,0x227d,0x22c1,0x22c1,0x2312,0x2312,0x239f,0x239f,0x2440,0x2440,0x255e,0x255e,0x26b6,0x26b6,0x290c,0x290c,0x2bef,0x2bef,0x3147,0x3147,0x37b0,0x37b0,0x447b,0x447b,0x5412,0x5412,
	0x248a,0x248a,0x24bc,0x24bc,0x24e4,0x24e4,0x250d,0x250d,0x254f,0x254f,0x2599,0x2599,0x261f,0x261f,0x26b6,0x26b6,0x27c4,0x27c4,0x290c,0x290c,0x2b64,0x2b64,0x2e29,0x2e29,0x334a,0x334a,0x3979,0x3979,0x45c6,0x45c6,0x54a6,0x54a6,
	0x248a,0x248a,0x24bc,0x24bc,0x24e4,0x24e4,0x250d,0x250d,0x254f,0x254f,0x2599,0x2599,0x261f,0x261f,0x26b6,0x26b6,0x27c4,0x27c4,0x290c,0x290c,0x2b64,0x2b64,0x2e29,0x2e29,0x334a,0x334a,0x3979,0x3979,0x45c6,0x45c6,0x54a6,0x54a6,
	0x27b7,0x27b7,0x27e4,0x27e4,0x2809,0x2809,0x2830,0x2830,0x286d,0x286d,0x28b1,0x28b1,0x292e,0x292e,0x29bb,0x29bb,0x2ab9,0x2ab9,0x2bef,0x2bef,0x2e29,0x2e29,0x30d3,0x30d3,0x3582,0x3582,0x3bb9,0x3bb9,0x4768,0x4768,0x55c6,0x55c6,
	0x27b7,0x27b7,0x27e4,0x27e4,0x2809,0x2809,0x2830,0x2830,0x286d,0x286d,0x28b1,0x28b1,0x292e,0x292e,0x29bb,0x29bb,0x2ab9,0x2ab9,0x2bef,0x2bef,0x2e29,0x2e29,0x30d3,0x30d3,0x3582,0x3582,0x3bb9,0x3bb9,0x4768,0x4768,0x55c6,0x55c6,
	0x2da8,0x2da8,0x2dcc,0x2dcc,0x2de9,0x2de9,0x2e08,0x2e08,0x2e39,0x2e39,0x2e73,0x2e73,0x2edb,0x2edb,0x2f54,0x2f54,0x3033,0x3033,0x3147,0x3147,0x334a,0x334a,0x3582,0x3582,0x3a30,0x3a30,0x4014,0x4014,0x4afa,0x4afa,0x589c,0x589c,
	0x2da8,0x2da8,0x2dcc,0x2dcc,0x2de9,0x2de9,0x2e08,0x2e08,0x2e39,0x2e39,0x2e73,0x2e73,0x2edb,0x2edb,0x2f54,0x2f54,0x3033,0x3033,0x3147,0x3147,0x334a,0x334a,0x3582,0x3582,0x3a30,0x3a30,0x4014,0x4014,0x4afa,0x4afa,0x589c,0x589c,
	0x34d1,0x34d1,0x34e8,0x34e8,0x34fc,0x34fc,0x3511,0x3511,0x3533,0x3533,0x355d,0x355d,0x35ac,0x35ac,0x360c,0x360c,0x36c4,0x36c4,0x37b0,0x37b0,0x3979,0x3979,0x3bb9,0x3bb9,0x4014,0x4014,0x45a5,0x45a5,0x4ffd,0x4ffd,0x5ca5,0x5ca5,
	0x34d1,0x34d1,0x34e8,0x34e8,0x34fc,0x34fc,0x3511,0x3511,0x3533,0x3533,0x355d,0x355d,0x35ac,0x35ac,0x360c,0x360c,0x36c4,0x36c4,0x37b0,0x37b0,0x3979,0x3979,0x3bb9,0x3bb9,0x4014,0x4014,0x45a5,0x45a5,0x4ffd,0x4ffd,0x5ca5,0x5ca5,
	0x4305,0x4305,0x430a,0x430a,0x4313,0x4313,0x431a,0x431a,0x4326,0x4326,0x4335,0x4335,0x4356,0x4356,0x4381,0x4381,0x43e6,0x43e6,0x447b,0x447b,0x45c6,0x45c6,0x4768,0x4768,0x4afa,0x4afa,0x4ffd,0x4ffd,0x5955,0x5955,0x654f,0x654f,
	0x4305,0x4305,0x430a,0x430a,0x4313,0x4313,0x431a,0x431a,0x4326,0x4326,0x4335,0x4335,0x4356,0x4356,0x4381,0x4381,0x43e6,0x43e6,0x447b,0x447b,0x45c6,0x45c6,0x4768,0x4768,0x4afa,0x4afa,0x4ffd,0x4ffd,0x5955,0x5955,0x654f,0x654f,
	0x53cd,0x53cd,0x53cd,0x53cd,0x53ce,0x53ce,0x53cf,0x53cf,0x53d0,0x53d0,0x53d1,0x53d1,0x53d3,0x53d3,0x53da,0x53da,0x53eb,0x53eb,0x5412,0x5412,0x54a6,0x54a6,0x55c6,0x55c6,0x589c,0x589c,0x5ca5,0x5ca5,0x654f,0x654f,0x7009,0x7009,
	0x53cd,0x53cd,0x53cd,0x53cd,0x53ce,0x53ce,0x53cf,0x53cf,0x53d0,0x53d0,0x53d1,0x53d1,0x53d3,0x53d3,0x53da,0x53da,0x53eb,0x53eb,0x5412,0x5412,0x54a6,0x54a6,0x55c6,0x55c6,0x589c,0x589c,0x5ca5,0x5ca5,0x654f,0x654f,0x7009,0x7009,
	0x2401,0x2d12,0x2411,0x2d3c,0x2446,0x2d5e,0x2474,0x2d83,0x24ab,0x2dbe,0x24f9,0x2dfe,0x2561,0x2e76,0x25fd,0x2f06,0x26d7,0x3009,0x281f,0x314d,0x29dc,0x3392,0x2c8b,0x364e,0x30c7,0x3be9,0x3750,0x4305,0x40dc,0x4fa7,0x4fcb,0x5f02,
	0x2d12,0x2d12,0x2d3c,0x2d3c,0x2d5e,0x2d5e,0x2d83,0x2d83,0x2dbe,0x2dbe,0x2dfe,0x2dfe,0x2e76,0x2e76,0x2f06,0x2f06,0x3009,0x3009,0x314d,0x314d,0x3392,0x3392,0x364e,0x364e,0x3be9,0x3be9,0x4305,0x4305,0x4fa7,0x4fa7,0x5f02,0x5f02,
	0x2411,0x2d3c,0x2423,0x2d68,0x2457,0x2d89,0x2485,0x2daf,0x24bc,0x2de7,0x250a,0x2e29,0x2571,0x2e9e,0x260d,0x2f2e,0x26e6,0x302e,0x282c,0x316e,0x29e8,0x33b0,0x2c95,0x3666,0x30cc,0x3bf7,0x3752,0x430a,0x40dc,0x4fa8,0x4fcb,0x5f02,
	0x2d3c,0x2d3c,0x2d68,0x2d68,0x2d89,0x2d89,0x2daf,0x2daf,0x2de7,0x2de7,0x2e29,0x2e29,0x2e9e,0x2e9e,0x2f2e,0x2f2e,0x302e,0x302e,0x316e,0x316e,0x33b0,0x33b0,0x3666,0x3666,0x3bf7,0x3bf7,0x430a,0x430a,0x4fa8,0x4fa8,0x5f02,0x5f02,
	0x2446,0x2d5e,0x2457,0x2d89,0x248e,0x2daf,0x24bb,0x2dd3,0x24f2,0x2e0b,0x253f,0x2e4c,0x25a6,0x2ec0,0x263f,0x2f4f,0x2716,0x304d,0x285a,0x318b,0x2a0d,0x33c7,0x2cbc,0x367b,0x30ed,0x3c03,0x376c,0x4313,0x40eb,0x4fa9,0x4fcf,0x5f03,
	0x2d5e,0x2d5e,0x2d89,0x2d89,0x2daf,0x2daf,0x2dd3,0x2dd3,0x2e0b,0x2e0b,0x2e4c,0x2e4c,0x2ec0,0x2ec0,0x2f4f,0x2f4f,0x304d,0x304d,0x318b,0x318b,0x33c7,0x33c7,0x367b,0x367b,0x3c03,0x3c03,0x4313,0x4313,0x4fa9,0x4fa9,0x5f03,0x5f03,
	0x2474,0x2d83,0x2485,0x2daf,0x24bb,0x2dd3,0x24eb,0x2df9,0x251f,0x2e2d,0x256a,0x2e6f,0x25d2,0x2ee1,0x266a,0x2f6f,0x2740,0x306d,0x2884,0x31aa,0x2a30,0x33df,0x2cdd,0x3691,0x3109,0x3c10,0x3780,0x431a,0x40f8,0x4fac,0x4fd4,0x5f03,
	0x2d83,0x2d83,0x2daf,0x2daf,0x2dd3,0x2dd3,0x2df9,0x2df9,0x2e2d,0x2e2d,0x2e6f,0x2e6f,0x2ee1,0x2ee1,0x2f6f,0x2f6f,0x306d,0x306d,0x31aa,0x31aa,0x33df,0x33df,0x3691,0x3691,0x3c10,0x3c10,0x431a,0x431a,0x4fac,0x4fac,0x5f03,0x5f03,
	0x24ab,0x2dbe,0x24bc,0x2de7,0x24f2,0x2e0b,0x251f,0x2e2d,0x2556,0x2e67,0x25a2,0x2eaa,0x2608,0x2f1a,0x269f,0x2fa5,0x2771,0x30a0,0x28b3,0x31d9,0x2a5a,0x3403,0x2d05,0x36b5,0x312b,0x3c28,0x3798,0x4326,0x4106,0x4fad,0x4fd9,0x5f04,
	0x2dbe,0x2dbe,0x2de7,0x2de7,0x2e0b,0x2e0b,0x2e2d,0x2e2d,0x2e67,0x2e67,0x2eaa,0x2eaa,0x2f1a,0x2f1a,0x2fa5,0x2fa5,0x30a0,0x30a0,0x31d9,0x31d9,0x3403,0x3403,0x36b5,0x36b5,0x3c28,0x3c28,0x4326,0x4326,0x4fad,0x4fad,0x5f04,0x5f04,
	0x24f9,0x2dfe,0x250a,0x2e29,0x253f,0x2e4c,0x256a,0x2e6f,0x25a2,0x2eaa,0x25ef,0x2eeb,0x2654,0x2f5b,0x26e8,0x2fe2,0x27b8,0x30db,0x28f4,0x3212,0x2a9a,0x343a,0x2d3e,0x36de,0x315c,0x3c46,0x37bc,0x4335,0x411b,0x4faf,0x4fe0,0x5f04,
	0x2dfe,0x2dfe,0x2e29,0x2e29,0x2e4c,0x2e4c,0x2e6f,0x2e6f,0x2eaa,0x2eaa,0x2eeb,0x2eeb,0x2f5b,0x2f5b,0x2fe2,0x2fe2,0x30db,0x30db,0x3212,0x3212,0x343a,0x343a,0x36de,0x36de,0x3c46,0x3c46,0x4335,0x4335,0x4faf,0x4faf,0x5f04,0x5f04,
	0x2561,0x2e76,0x2571,0x2e9e,0x25a6,0x2ec0,0x25d2,0x2ee1,0x2608,0x2f1a,0x2654,0x2f5b,0x26bb,0x2fd1,0x274c,0x3053,0x2818,0x3147,0x2948,0x3276,0x2ae5,0x3477,0x2d8b,0x372c,0x319d,0x3c80,0x37ed,0x4356,0x4137,0x4fb5,0x4fe9,0x5f05,
	0x2e76,0x2e76,0x2e9e,0x2e9e,0x2ec0,0x2ec0,0x2ee1,0x2ee1,0x2f1a,0x2f1a,0x2f5b,0x2f5b,0x2fd1,0x2fd1,0x3053,0x3053,0x3147,0x3147,0x3276,0x3276,0x3477,0x3477,0x372c,0x372c,0x3c80,0x3c80,0x4356,0x4356,0x4fb5,0x4fb5,0x5f05,0x5f05,
	0x25fd,0x2f06,0x260d,0x2f2e,0x263f,0x2f4f,0x266a,0x2f6f,0x269f,0x2fa5,0x26e8,0x2fe2,0x274c,0x3053,0x27e2,0x30d5,0x28a8,0x31c4,0x29bf,0x32eb,0x2b64,0x34db,0x2e04,0x378c,0x3207,0x3cc9,0x383d,0x4381,0x416c,0x4fc0,0x4ffd,0x5f06,
	0x2f06,0x2f06,0x2f2e,0x2f2e,0x2f4f,0x2f4f,0x2f6f,0x2f6f,0x2fa5,0x2fa5,0x2fe2,0x2fe2,0x3053,0x3053,0x30d5,0x30d5,0x31c4,0x31c4,0x32eb,0x32eb,0x34db,0x34db,0x378c,0x378c,0x3cc9,0x3cc9,0x4381,0x4381,0x4fc0,0x4fc0,0x5f06,0x5f06,
	0x26d7,0x3009,0x26e6,0x302e,0x2716,0x304d,0x2740,0x306d,0x2771,0x30a0,0x27b8,0x30db,0x2818,0x3147,0x28a8,0x31c4,0x2962,0x32ac,0x2a78,0x33c1,0x2c18,0x35a3,0x2eab,0x3843,0x329a,0x3d5c,0x38b0,0x43e6,0x41b3,0x4fde,0x5017,0x5f08,
	0x3009,0x3009,0x302e,0x302e,0x304d,0x304d,0x306d,0x306d,0x30a0,0x30a0,0x30db,0x30db,0x3147,0x3147,0x31c4,0x31c4,0x32ac,0x32ac,0x33c1,0x33c1,0x35a3,0x35a3,0x3843,0x3843,0x3d5c,0x3d5c,0x43e6,0x43e6,0x4fde,0x4fde,0x5f08,0x5f08,
	0x281f,0x314d,0x282c,0x316e,0x285a,0x318b,0x2884,0x31aa,0x28b3,0x31d9,0x28f4,0x3212,0x2948,0x3276,0x29bf,0x32eb,0x2a78,0x33c1,0x2b8c,0x34b1,0x2d30,0x36a7,0x2fb0,0x3931,0x3385,0x3e23,0x3973,0x447b,0x423c,0x501c,0x5054,0x5f0a,
	0x314d,0x314d,0x316e,0x316e,0x318b,0x318b,0x31aa,0x31aa,0x31d9,0x31d9,0x3212,0x3212,0x3276,0x3276,0x32eb,0x32eb,0x33c1,0x33c1,0x34b1,0x34b1,0x36a7,0x36a7,0x3931,0x3931,0x3e23,0x3e23,0x447b,0x447b,0x501c,0x501c,0x5f0a,0x5f0a,
	0x29dc,0x3392,0x29e8,0x33b0,0x2a0d,0x33c7,0x2a30,0x33df,0x2a5a,0x3403,0x2a9a,0x343a,0x2ae5,0x3477,0x2b64,0x34db,0x2c18,0x35a3,0x2d30,0x36a7,0x2ed0,0x389d,0x3138,0x3b06,0x34e9,0x3fba,0x3aa2,0x45c6,0x4318,0x50d8,0x50c0,0x5f3a,
	0x3392,0x3392,0x33b0,0x33b0,0x33c7,0x33c7,0x33df,0x33df,0x3403,0x3403,0x343a,0x343a,0x3477,0x3477,0x34db,0x34db,0x35a3,0x35a3,0x36a7,0x36a7,0x389d,0x389d,0x3b06,0x3b06,0x3fba,0x3fba,0x45c6,0x45c6,0x50d8,0x50d8,0x5f3a,0x5f3a,
	0x2c8b,0x364e,0x2c95,0x3666,0x2cbc,0x367b,0x2cdd,0x3691,0x2d05,0x36b5,0x2d3e,0x36de,0x2d8b,0x372c,0x2e04,0x378c,0x2eab,0x3843,0x2fb0,0x3931,0x3138,0x3b06,0x3397,0x3d58,0x371d,0x41ce,0x3c84,0x4768,0x44b1,0x521c,0x51be,0x5fc5,
	0x364e,0x364e,0x3666,0x3666,0x367b,0x367b,0x3691,0x3691,0x36b5,0x36b5,0x36de,0x36de,0x372c,0x372c,0x378c,0x378c,0x3843,0x3843,0x3931,0x3931,0x3b06,0x3b06,0x3d58,0x3d58,0x41ce,0x41ce,0x4768,0x4768,0x521c,0x521c,0x5fc5,0x5fc5,
	0x30c7,0x3be9,0x30cc,0x3bf7,0x30ed,0x3c03,0x3109,0x3c10,0x312b,0x3c28,0x315c,0x3c46,0x319d,0x3c80,0x3207,0x3cc9,0x329a,0x3d5c,0x3385,0x3e23,0x34e9,0x3fba,0x371d,0x41ce,0x3a6f,0x45f1,0x3f56,0x4afa,0x474f,0x5525,0x538b,0x61c0,
	0x3be9,0x3be9,0x3bf7,0x3bf7,0x3c03,0x3c03,0x3c10,0x3c10,0x3c28,0x3c28,0x3c46,0x3c46,0x3c80,0x3c80,0x3cc9,0x3cc9,0x3d5c,0x3d5c,0x3e23,0x3e23,0x3fba,0x3fba,0x41ce,0x41ce,0x45f1,0x45f1,0x4afa,0x4afa,0x5525,0x5525,0x61c0,0x61c0,
	0x3750,0x4305,0x3752,0x430a,0x376c,0x4313,0x3780,0x431a,0x3798,0x4326,0x37bc,0x4335,0x37ed,0x4356,0x383d,0x4381,0x38b0,0x43e6,0x3973,0x447b,0x3aa2,0x45c6,0x3c84,0x4768,0x3f56,0x4afa,0x4438,0x4ffd,0x4ba8,0x5955,0x5727,0x654f,
	0x4305,0x4305,0x430a,0x430a,0x4313,0x4313,0x431a,0x431a,0x4326,0x4326,0x4335,0x4335,0x4356,0x4356,0x4381,0x4381,0x43e6,0x43e6,0x447b,0x447b,0x45c6,0x45c6,0x4768,0x4768,0x4afa,0x4afa,0x4ffd,0x4ffd,0x5955,0x5955,0x654f,0x654f,
	0x40dc,0x4fa7,0x40dc,0x4fa8,0x40eb,0x4fa9,0x40f8,0x4fac,0x4106,0x4fad,0x411b,0x4faf,0x4137,0x4fb5,0x416c,0x4fc0,0x41b3,0x4fde,0x423c,0x501c,0x4318,0x50d8,0x44b1,0x521c,0x474f,0x5525,0x4ba8,0x5955,0x52b4,0x6238,0x5d5e,0x6cfe,
	0x4fa7,0x4fa7,0x4fa8,0x4fa8,0x4fa9,0x4fa9,0x4fac,0x4fac,0x4fad,0x4fad,0x4faf,0x4faf,0x4fb5,0x4fb5,0x4fc0,0x4fc0,0x4fde,0x4fde,0x501c,0x501c,0x50d8,0x50d8,0x521c,0x521c,0x5525,0x5525,0x5955,0x5955,0x6238,0x6238,0x6cfe,0x6cfe,
	0x4fcb,0x5f02,0x4fcb,0x5f02,0x4fcf,0x5f03,0x4fd4,0x5f03,0x4fd9,0x5f04,0x4fe0,0x5f04,0x4fe9,0x5f05,0x4ffd,0x5f06,0x5017,0x5f08,0x5054,0x5f0a,0x50c0,0x5f3a,0x51be,0x5fc5,0x538b,0x61c0,0x5727,0x654f,0x5d5e,0x6cfe,0x6712,0x76ed,
	0x5f02,0x5f02,0x5f02,0x5f02,0x5f03,0x5f03,0x5f03,0x5f03,0x5f04,0x5f04,0x5f04,0x5f04,0x5f05,0x5f05,0x5f06,0x5f06,0x5f08,0x5f08,0x5f0a,0x5f0a,0x5f3a,0x5f3a,0x5fc5,0x5fc5,0x61c0,0x61c0,0x654f,0x654f,0x6cfe,0x6cfe,0x76ed,0x76ed,
	0x2d12,0x2d12,0x2d3c,0x2d3c,0x2d5e,0x2d5e,0x2d83,0x2d83,0x2dbe,0x2dbe,0x2dfe,0x2dfe,0x2e76,0x2e76,0x2f06,0x2f06,0x3009,0x3009,0x314d,0x314d,0x3392,0x3392,0x364e,0x364e,0x3be9,0x3be9,0x4305,0x4305,0x4fa7,0x4fa7,0x5f02,0x5f02,
	0x2d12,0x2d12,0x2d3c,0x2d3c,0x2d5e,0x2d5e,0x2d83,0x2d83,0x2dbe,0x2dbe,0x2dfe,0x2dfe,0x2e76,0x2e76,0x2f06,0x2f06,0x3009,0x3009,0x314d,0x314d,0x3392,0x3392,0x364e,0x364e,0x3be9,0x3be9,0x4305,0x4305,0x4fa7,0x4fa7,0x5f02,0x5f02,
	0x2d3c,0x2d3c,0x2d68,0x2d68,0x2d89,0x2d89,0x2daf,0x2daf,0x2de7,0x2de7,0x2e29,0x2e29,0x2e9e,0x2e9e,0x2f2e,0x2f2e,0x302e,0x302e,0x316e,0x316e,0x33b0,0x33b0,0x3666,0x3666,0x3bf7,0x3bf7,0x430a,0x430a,0x4fa8,0x4fa8,0x5f02,0x5f02,
	0x2d3c,0x2d3c,0x2d68,0x2d68,0x2d89,0x2d89,0x2daf,0x2daf,0x2de7,0x2de7,0x2e29,0x2e29,0x2e9e,0x2e9e,0x2f2e,0x2f2e,0x302e,0x302e,0x316e,0x316e,0x33b0,0x33b0,0x3666,0x3666,0x3bf7,0x3bf7,0x430a,0x430a,0x4fa8,0x4fa8,0x5f02,0x5f02,
	0x2d5e,0x2d5e,0x2d89,0x2d89,0x2daf,0x2daf,0x2dd3,0x2dd3,0x2e0b,0x2e0b,0x2e4c,0x2e4c,0x2ec0,0x2ec0,0x2f4f,0x2f4f,0x304d,0x304d,0x318b,0x318b,0x33c7,0x33c7,0x367b,0x367b,0x3c03,0x3c03,0x4313,0x4313,0x4fa9,0x4fa9,0x5f03,0x5f03,
	0x2d5e,0x2d5e,0x2d89,0x2d89,0x2daf,0x2daf,0x2dd3,0x2dd3,0x2e0b,0x2e0b,0x2e4c,0x2e4c,0x2ec0,0x2ec0,0x2f4f,0x2f4f,0x304d,0x304d,0x318b,0x318b,0x33c7,0x33c7,0x367b,0x367b,0x3c03,0x3c03,0x4313,0x4313,0x4fa9,0x4fa9,0x5f03,0x5f03,
	0x2d83,0x2d83,0x2daf,0x2daf,0x2dd3,0x2dd3,0x2df9,0x2df9,0x2e2d,0x2e2d,0x2e6f,0x2e6f,0x2ee1,0x2ee1,0x2f6f,0x2f6f,0x306d,0x306d,0x31aa,0x31aa,0x33df,0x33df,0x3691,0x3691,0x3c10,0x3c10,0x431a,0x431a,0x4fac,0x4fac,0x5f03,0x5f03,
	0x2d83,0x2d83,0x2daf,0x2daf,0x2dd3,0x2dd3,0x2df9,0x2df9,0x2e2d,0x2e2d,0x2e6f,0x2e6f,0x2ee1,0x2ee1,0x2f6f,0x2f6f,0x306d,0x306d,0x31aa,0x31aa,0x33df,0x33df,0x3691,0x3691,0x3c10,0x3c10,0x431a,0x431a,0x4fac,0x4fac,0x5f03,0x5f03,
	0x2dbe,0x2dbe,0x2de7,0x2de7,0x2e0b,0x2e0b,0x2e2d,0x2e2d,0x2e67,0x2e67,0x2eaa,0x2eaa,0x2f1a,0x2f1a,0x2fa5,0x2fa5,0x30a0,0x30a0,0x31d9,0x31d9,0x3403,0x3403,0x36b5,0x36b5,0x3c28,0x3c28,0x4326,0x4326,0x4fad,0x4fad,0x5f04,0x5f04,
	0x2dbe,0x2dbe,0x2de7,0x2de7,0x2e0b,0x2e0b,0x2e2d,0x2e2d,0x2e67,0x2e67,0x2eaa,0x2eaa,0x2f1a,0x2f1a,0x2fa5,0x2fa5,0x30a0,0x30a0,0x31d9,0x31d9,0x3403,0x3403,0x36b5,0x36b5,0x3c28,0x3c28,0x4326,0x4326,0x4fad,0x4fad,0x5f04,0x5f04,
	0x2dfe,0x2dfe,0x2e29,0x2e29,0x2e4c,0x2e4c,0x2e6f,0x2e6f,0x2eaa,0x2eaa,0x2eeb,0x2eeb,0x2f5b,0x2f5b,0x2fe2,0x2fe2,0x30db,0x30db,0x3212,0x3212,0x343a,0x343a,0x36de,0x36de,0x3c46,0x3c46,0x4335,0x4335,0x4faf,0x4faf,0x5f04,0x5f04,
	0x2dfe,0x2dfe,0x2e29,0x2e29,0x2e4c,0x2e4c,0x2e6f,0x2e6f,0x2eaa,0x2eaa,0x2eeb,0x2eeb,0x2f5b,0x2f5b,0x2fe2,0x2fe2,0x30db,0x30db,0x3212,0x3212,0x343a,0x343a,0x36de,0x36de,0x3c46,0x3c46,0x4335,0x4335,0x4faf,0x4faf,0x5f04,0x5f04,
	0x2e76,0x2e76,0x2e9e,0x2e9e,0x2ec0,0x2ec0,0x2ee1,0x2ee1,0x2f1a,0x2f1a,0x2f5b,0x2f5b,0x2fd1,0x2fd1,0x3053,0x3053,0x3147,0x3147,0x3276,0x3276,0x3477,0x3477,0x372c,0x372c,0x3c80,0x3c80,0x4356,0x4356,0x4fb5,0x4fb5,0x5f05,0x5f05,
	0x2e76,0x2e76,0x2e9e,0x2e9e,0x2ec0,0x2ec0,0x2ee1,0x2ee1,0x2f1a,0x2f1a,0x2f5b,0x2f5b,0x2fd1,0x2fd1,0x3053,0x3053,0x3147,0x3147,0x3276,0x3276,0x3477,0x3477,0x372c,0x372c,0x3c80,0x3c80,0x4356,0x4356,0x4fb5,0x4fb5,0x5f05,0x5f05,
	0x2f06,0x2f06,0x2f2e,0x2f2e,0x2f4f,0x2f4f,0x2f6f,0x2f6f,0x2fa5,0x2fa5,0x2fe2,0x2fe2,0x3053,0x3053,0x30d5,0x30d5,0x31c4,0x31c4,0x32eb,0x32eb,0x34db,0x34db,0x378c,0x378c,0x3cc9,0x3cc9,0x4381,0x4381,0x4fc0,0x4fc0,0x5f06,0x5f06,
	0x2f06,0x2f06,0x2f2e,0x2f2e,0x2f4f,0x2f4f,0x2f6f,0x2f6f,0x2fa5,0x2fa5,0x2fe2,0x2fe2,0x3053,0x3053,0x30d5,0x30d5,0x31c4,0x31c4,0x32eb,0x32eb,0x34db,0x34db,0x378c,0x378c,0x3cc9,0x3cc9,0x4381,0x4381,0x4fc0,0x4fc0,0x5f06,0x5f06,
	0x3009,0x3009,0x302e,0x302e,0x304d,0x304d,0x306d,0x306d,0x30a0,0x30a0,0x30db,0x30db,0x3147,0x3147,0x31c4,0x31c4,0x32ac,0x32ac,0x33c1,0x33c1,0x35a3,0x35a3,0x3843,0x3843,0x3d5c,0x3d5c,0x43e6,0x43e6,0x4fde,0x4fde,0x5f08,0x5f08,
	0x3009,0x3009,0x302e,0x302e,0x304d,0x304d,0x306d,0x306d,0x30a0,0x30a0,0x30db,0x30db,0x3147,0x3147,0x31c4,0x31c4,0x32ac,0x32ac,0x33c1,0x33c1,0x35a3,0x35a3,0x3843,0x3843,0x3d5c,0x3d5c,0x43e6,0x43e6,0x4fde,0x4fde,0x5f08,0x5f08,
	0x314d,0x314d,0x316e,0x316e,0x318b,0x318b,0x31aa,0x31aa,0x31d9,0x31d9,0x3212,0x3212,0x3276,0x3276,0x32eb,0x32eb,0x33c1,0x33c1,0x34b1,0x34b1,0x36a7,0x36a7,0x3931,0x3931,0x3e23,0x3e23,0x447b,0x447b,0x501c,0x501c,0x5f0a,0x5f0a,
	0x314d,0x314d,0x316e,0x316e,0x318b,0x318b,0x31aa,0x31aa,0x31d9,0x31d9,0x3212,0x3212,0x3276,0x3276,0x32eb,0x32eb,0x33c1,0x33c1,0x34b1,0x34b1,0x36a7,0x36a7,0x3931,0x3931,0x3e23,0x3e23,0x447b,0x447b,0x501c,0x501c,0x5f0a,0x5f0a,
	0x3392,0x3392,0x33b0,0x33b0,0x33c7,0x33c7,0x33df,0x33df,0x3403,0x3403,0x343a,0x343a,0x3477,0x3477,0x34db,0x34db,0x35a3,0x35a3,0x36a7,0x36a7,0x389d,0x389d,0x3b06,0x3b06,0x3fba,0x3fba,0x45c6,0x45c6,0x50d8,0x50d8,0x5f3a,0x5f3a,
	0x3392,0x3392,0x33b0,0x33b0,0x33c7,0x33c7,0x33df,0x33df,0x3403,0x3403,0x343a,0x343a,0x3477,0x3477,0x34db,0x34db,0x35a3,0x35a3,0x36a7,0x36a7,0x389d,0x389d,0x3b06,0x3b06,0x3fba,0x3fba,0x45c6,0x45c6,0x50d8,0x50d8,0x5f3a,0x5f3a,
	0x364e,0x364e,0x3666,0x3666,0x367b,0x367b,0x3691,0x3691,0x36b5,0x36b5,0x36de,0x36de,0x372c,0x372c,0x378c,0x378c,0x3843,0x3843,0x3931,0x3931,0x3b06,0x3b06,0x3d58,0x3d58,0x41ce,0x41ce,0x4768,0x4768,0x521c,0x521c,0x5fc5,0x5fc5,
	0x364e,0x364e,0x3666,0x3666,0x367b,0x367b,0x3691,0x3691,0x36b5,0x36b5,0x36de,0x36de,0x372c,0x372c,0x378c,0x378c,0x3843,0x3843,0x3931,0x3931,0x3b06,0x3b06,0x3d58,0x3d58,0x41ce,0x41ce,0x4768,0x4768,0x521c,0x521c,0x5fc5,0x5fc5,
	0x3be9,0x3be9,0x3bf7,0x3bf7,0x3c03,0x3c03,0x3c10,0x3c10,0x3c28,0x3c28,0x3c46,0x3c46,0x3c80,0x3c80,0x3cc9,0x3cc9,0x3d5c,0x3d5c,0x3e23,0x3e23,0x3fba,0x3fba,0x41ce,0x41ce,0x45f1,0x45f1,0x4afa,0x4afa,0x5525,0x5525,0x61c0,0x61c0,
	0x3be9,0x3be9,0x3bf7,0x3bf7,0x3c03,0x3c03,0x3c10,0x3c10,0x3c28,0x3c28,0x3c46,0x3c46,0x3c80,0x3c80,0x3cc9,0x3cc9,0x3d5c,0x3d5c,0x3e23,0x3e23,0x3fba,0x3fba,0x41ce,0x41ce,0x45f1,0x45f1,0x4afa,0x4afa,0x5525,0x5525,0x61c0,0x61c0,
	0x4305,0x4305,0x430a,0x430a,0x4313,0x4313,0x431a,0x431a,0x4326,0x4326,0x4335,0x4335,0x4356,0x4356,0x4381,0x4381,0x43e6,0x43e6,0x447b,0x447b,0x45c6,0x45c6,0x4768,0x4768,0x4afa,0x4afa,0x4ffd,0x4ffd,0x5955,0x5955,0x654f,0x654f,
	0x4305,0x4305,0x430a,0x430a,0x4313,0x4313,0x431a,0x431a,0x4326,0x4326,0x4335,0x4335,0x4356,0x4356,0x4381,0x4381,0x43e6,0x43e6,0x447b,0x447b,0x45c6,0x45c6,0x4768,0x4768,0x4afa,0x4afa,0x4ffd,0x4ffd,0x5955,0x5955,0x654f,0x654f,
	0x4fa7,0x4fa7,0x4fa8,0x4fa8,0x4fa9,0x4fa9,0x4fac,0x4fac,0x4fad,0x4fad,0x4faf,0x4faf,0x4fb5,0x4fb5,0x4fc0,0x4fc0,0x4fde,0x4fde,0x501c,0x501c,0x50d8,0x50d8,0x521c,0x521c,0x5525,0x5525,0x5955,0x5955,0x6238,0x6238,0x6cfe,0x6cfe,
	0x4fa7,0x4fa7,0x4fa8,0x4fa8,0x4fa9,0x4fa9,0x4fac,0x4fac,0x4fad,0x4fad,0x4faf,0x4faf,0x4fb5,0x4fb5,0x4fc0,0x4fc0,0x4fde,0x4fde,0x501c,0x501c,0x50d8,0x50d8,0x521c,0x521c,0x5525,0x5525,0x5955,0x5955,0x6238,0x6238,0x6cfe,0x6cfe,
	0x5f02,0x5f02,0x5f02,0x5f02,0x5f03,0x5f03,0x5f03,0x5f03,0x5f04,0x5f04,0x5f04,0x5f04,0x5f05,0x5f05,0x5f06,0x5f06,0x5f08,0x5f08,0x5f0a,0x5f0a,0x5f3a,0x5f3a,0x5fc5,0x5fc5,0x61c0,0x61c0,0x654f,0x654f,0x6cfe,0x6cfe,0x76ed,0x76ed,
	0x5f02,0x5f02,0x5f02,0x5f02,0x5f03,0x5f03,0x5f03,0x5f03,0x5f04,0x5f04,0x5f04,0x5f04,0x5f05,0x5f05,0x5f06,0x5f06,0x5f08,0x5f08,0x5f0a,0x5f0a,0x5f3a,0x5f3a,0x5fc5,0x5fc5,0x61c0,0x61c0,0x654f,0x654f,0x6cfe,0x6cfe,0x76ed,0x76ed,
	0x3742,0x43c0,0x3744,0x43c5,0x3760,0x43cc,0x3778,0x43d4,0x3795,0x43e3,0x37c0,0x43f3,0x37f6,0x4419,0x3855,0x444f,0x38de,0x44c7,0x39c6,0x457e,0x3b29,0x46fe,0x3d5b,0x4901,0x40ee,0x4da3,0x46db,0x53cd,0x4fcb,0x5f02,0x5d1c,0x6cd8,
	0x43c0,0x43c0,0x43c5,0x43c5,0x43cc,0x43cc,0x43d4,0x43d4,0x43e3,0x43e3,0x43f3,0x43f3,0x4419,0x4419,0x444f,0x444f,0x44c7,0x44c7,0x457e,0x457e,0x46fe,0x46fe,0x4901,0x4901,0x4da3,0x4da3,0x53cd,0x53cd,0x5f02,0x5f02,0x6cd8,0x6cd8,
	0x3744,0x43c5,0x3748,0x43cf,0x3764,0x43d4,0x377c,0x43dd,0x3799,0x43ec,0x37c3,0x43fa,0x37fa,0x4421,0x3859,0x4458,0x38e1,0x44cf,0x39c8,0x4583,0x3b2a,0x4702,0x3d5c,0x4902,0x40ee,0x4da3,0x46db,0x53cd,0x4fcb,0x5f02,0x5d1c,0x6cd8,
	0x43c5,0x43c5,0x43cf,0x43cf,0x43d4,0x43d4,0x43dd,0x43dd,0x43ec,0x43ec,0x43fa,0x43fa,0x4421,0x4421,0x4458,0x4458,0x44cf,0x44cf,0x4583,0x4583,0x4702,0x4702,0x4902,0x4902,0x4da3,0x4da3,0x53cd,0x53cd,0x5f02,0x5f02,0x6cd8,0x6cd8,
	0x3760,0x43cc,0x3764,0x43d4,0x3782,0x43dc,0x3799,0x43e4,0x37b6,0x43f2,0x37df,0x4402,0x3816,0x4427,0x3873,0x445d,0x38fc,0x44d5,0x39e2,0x458b,0x3b40,0x4706,0x3d6f,0x4905,0x40fd,0x4da4,0x46e3,0x53ce,0x4fcf,0x5f03,0x5d1d,0x6cd9,
	0x43cc,0x43cc,0x43d4,0x43d4,0x43dc,0x43dc,0x43e4,0x43e4,0x43f2,0x43f2,0x4402,0x4402,0x4427,0x4427,0x445d,0x445d,0x44d5,0x44d5,0x458b,0x458b,0x4706,0x4706,0x4905,0x4905,0x4da4,0x4da4,0x53ce,0x53ce,0x5f03,0x5f03,0x6cd9,0x6cd9,
	0x3778,0x43d4,0x377c,0x43dd,0x3799,0x43e4,0x37b4,0x43ee,0x37d0,0x43fb,0x37f9,0x440c,0x382f,0x4430,0x388b,0x4465,0x3913,0x44dc,0x39f7,0x4590,0x3b53,0x470a,0x3d7e,0x4908,0x410a,0x4da5,0x46eb,0x53cf,0x4fd4,0x5f03,0x5d1e,0x6cd9,
	0x43d4,0x43d4,0x43dd,0x43dd,0x43e4,0x43e4,0x43ee,0x43ee,0x43fb,0x43fb,0x440c,0x440c,0x4430,0x4430,0x4465,0x4465,0x44dc,0x44dc,0x4590,0x4590,0x470a,0x470a,0x4908,0x4908,0x4da5,0x4da5,0x53cf,0x53cf,0x5f03,0x5f03,0x6cd9,0x6cd9,
	0x3795,0x43e3,0x3799,0x43ec,0x37b6,0x43f2,0x37d0,0x43fb,0x37ec,0x4408,0x3813,0x441a,0x384a,0x443e,0x38a5,0x4472,0x392c,0x44e9,0x3a0e,0x459b,0x3b68,0x4710,0x3d8e,0x490d,0x4119,0x4daa,0x46f3,0x53d0,0x4fd9,0x5f04,0x5d1f,0x6cd9,
	0x43e3,0x43e3,0x43ec,0x43ec,0x43f2,0x43f2,0x43fb,0x43fb,0x4408,0x4408,0x441a,0x441a,0x443e,0x443e,0x4472,0x4472,0x44e9,0x44e9,0x459b,0x459b,0x4710,0x4710,0x490d,0x490d,0x4daa,0x4daa,0x53d0,0x53d0,0x5f04,0x5f04,0x6cd9,0x6cd9,
	0x37c0,0x43f3,0x37c3,0x43fa,0x37df,0x4402,0x37f9,0x440c,0x3813,0x441a,0x383f,0x442e,0x3876,0x4451,0x38ce,0x4484,0x3952,0x44f8,0x3a33,0x45a9,0x3b88,0x471a,0x3da7,0x4915,0x412f,0x4dac,0x4701,0x53d1,0x4fe0,0x5f04,0x5d20,0x6cd9,
	0x43f3,0x43f3,0x43fa,0x43fa,0x4402,0x4402,0x440c,0x440c,0x441a,0x441a,0x442e,0x442e,0x4451,0x4451,0x4484,0x4484,0x44f8,0x44f8,0x45a9,0x45a9,0x471a,0x471a,0x4915,0x4915,0x4dac,0x4dac,0x53d1,0x53d1,0x5f04,0x5f04,0x6cd9,0x6cd9,
	0x37f6,0x4419,0x37fa,0x4421,0x3816,0x4427,0x382f,0x4430,0x384a,0x443e,0x3876,0x4451,0x38ae,0x4479,0x3905,0x44a9,0x3986,0x451d,0x3a63,0x45c9,0x3bb3,0x472f,0x3dce,0x4926,0x414b,0x4db5,0x4714,0x53d3,0x4fe9,0x5f05,0x5d21,0x6cda,
	0x4419,0x4419,0x4421,0x4421,0x4427,0x4427,0x4430,0x4430,0x443e,0x443e,0x4451,0x4451,0x4479,0x4479,0x44a9,0x44a9,0x451d,0x451d,0x45c9,0x45c9,0x472f,0x472f,0x4926,0x4926,0x4db5,0x4db5,0x53d3,0x53d3,0x5f05,0x5f05,0x6cda,0x6cda,
	0x3855,0x444f,0x3859,0x4458,0x3873,0x445d,0x388b,0x4465,0x38a5,0x4472,0x38ce,0x4484,0x3905,0x44a9,0x3962,0x44de,0x39de,0x454d,0x3ab6,0x45f4,0x3bfa,0x474a,0x3e00,0x4945,0x4180,0x4dc5,0x4739,0x53da,0x4ffd,0x5f06,0x5d25,0x6cda,
	0x444f,0x444f,0x4458,0x4458,0x445d,0x445d,0x4465,0x4465,0x4472,0x4472,0x4484,0x4484,0x44a9,0x44a9,0x44de,0x44de,0x454d,0x454d,0x45f4,0x45f4,0x474a,0x474a,0x4945,0x4945,0x4dc5,0x4dc5,0x53da,0x53da,0x5f06,0x5f06,0x6cda,0x6cda,
	0x38de,0x44c7,0x38e1,0x44cf,0x38fc,0x44d5,0x3913,0x44dc,0x392c,0x44e9,0x3952,0x44f8,0x3986,0x451d,0x39de,0x454d,0x3a5b,0x45be,0x3b2b,0x465b,0x3c60,0x4797,0x3e59,0x498c,0x41cb,0x4dee,0x476b,0x53eb,0x5017,0x5f08,0x5d2c,0x6cdb,
	0x44c7,0x44c7,0x44cf,0x44cf,0x44d5,0x44d5,0x44dc,0x44dc,0x44e9,0x44e9,0x44f8,0x44f8,0x451d,0x451d,0x454d,0x454d,0x45be,0x45be,0x465b,0x465b,0x4797,0x4797,0x498c,0x498c,0x4dee,0x4dee,0x53eb,0x53eb,0x5f08,0x5f08,0x6cdb,0x6cdb,
	0x39c6,0x457e,0x39c8,0x4583,0x39e2,0x458b,0x39f7,0x4590,0x3a0e,0x459b,0x3a33,0x45a9,0x3a63,0x45c9,0x3ab6,0x45f4,0x3b2b,0x465b,0x3bf6,0x46f4,0x3d13,0x4814,0x3eff,0x49ff,0x4259,0x4e3f,0x47d2,0x5412,0x5054,0x5f0a,0x5d3d,0x6cdb,
	0x457e,0x457e,0x4583,0x4583,0x458b,0x458b,0x4590,0x4590,0x459b,0x459b,0x45a9,0x45a9,0x45c9,0x45c9,0x45f4,0x45f4,0x465b,0x465b,0x46f4,0x46f4,0x4814,0x4814,0x49ff,0x49ff,0x4e3f,0x4e3f,0x5412,0x5412,0x5f0a,0x5f0a,0x6cdb,0x6cdb,
	0x3b29,0x46fe,0x3b2a,0x4702,0x3b40,0x4706,0x3b53,0x470a,0x3b68,0x4710,0x3b88,0x471a,0x3bb3,0x472f,0x3bfa,0x474a,0x3c60,0x4797,0x3d13,0x4814,0x3e2b,0x495b,0x4015,0x4b24,0x4345,0x4f20,0x4886,0x54a6,0x50c0,0x5f3a,0x5d62,0x6cdc,
	0x46fe,0x46fe,0x4702,0x4702,0x4706,0x4706,0x470a,0x470a,0x4710,0x4710,0x471a,0x471a,0x472f,0x472f,0x474a,0x474a,0x4797,0x4797,0x4814,0x4814,0x495b,0x495b,0x4b24,0x4b24,0x4f20,0x4f20,0x54a6,0x54a6,0x5f3a,0x5f3a,0x6cdc,0x6cdc,
	0x3d5b,0x4901,0x3d5c,0x4902,0x3d6f,0x4905,0x3d7e,0x4908,0x3d8e,0x490d,0x3da7,0x4915,0x3dce,0x4926,0x3e00,0x4945,0x3e59,0x498c,0x3eff,0x49ff,0x4015,0x4b24,0x41f9,0x4ce2,0x44f6,0x5093,0x49ee,0x55c6,0x51be,0x5fc5,0x5dd4,0x6ce8,
	0x4901,0x4901,0x4902,0x4902,0x4905,0x4905,0x4908,0x4908,0x490d,0x490d,0x4915,0x4915,0x4926,0x4926,0x4945,0x4945,0x498c,0x498c,0x49ff,0x49ff,0x4b24,0x4b24,0x4ce2,0x4ce2,0x5093,0x5093,0x55c6,0x55c6,0x5fc5,0x5fc5,0x6ce8,0x6ce8,
	0x40ee,0x4da3,0x40ee,0x4da3,0x40fd,0x4da4,0x410a,0x4da5,0x4119,0x4daa,0x412f,0x4dac,0x414b,0x4db5,0x4180,0x4dc5,0x41cb,0x4dee,0x4259,0x4e3f,0x4345,0x4f20,0x44f6,0x5093,0x47c3,0x53f3,0x4c5c,0x589c,0x538b,0x61c0,0x5edd,0x6d9b,
	0x4da3,0x4da3,0x4da3,0x4da3,0x4da4,0x4da4,0x4da5,0x4da5,0x4daa,0x4daa,0x4dac,0x4dac,0x4db5,0x4db5,0x4dc5,0x4dc5,0x4dee,0x4dee,0x4e3f,0x4e3f,0x4f20,0x4f20,0x5093,0x5093,0x53f3,0x53f3,0x589c,0x589c,0x61c0,0x61c0,0x6d9b,0x6d9b,
	0x46db,0x53cd,0x46db,0x53cd,0x46e3,0x53ce,0x46eb,0x53cf,0x46f3,0x53d0,0x4701,0x53d1,0x4714,0x53d3,0x4739,0x53da,0x476b,0x53eb,0x47d2,0x5412,0x4886,0x54a6,0x49ee,0x55c6,0x4c5c,0x589c,0x507f,0x5ca5,0x5727,0x654f,0x61ab,0x7009,
	0x53cd,0x53cd,0x53cd,0x53cd,0x53ce,0x53ce,0x53cf,0x53cf,0x53d0,0x53d0,0x53d1,0x53d1,0x53d3,0x53d3,0x53da,0x53da,0x53eb,0x53eb,0x5412,0x5412,0x54a6,0x54a6,0x55c6,0x55c6,0x589c,0x589c,0x5ca5,0x5ca5,0x654f,0x654f,0x7009,0x7009,
	0x4fcb,0x5f02,0x4fcb,0x5f02,0x4fcf,0x5f03,0x4fd4,0x5f03,0x4fd9,0x5f04,0x4fe0,0x5f04,0x4fe9,0x5f05,0x4ffd,0x5f06,0x5017,0x5f08,0x5054,0x5f0a,0x50c0,0x5f3a,0x51be,0x5fc5,0x538b,0x61c0,0x5727,0x654f,0x5d5e,0x6cfe,0x6712,0x76ed,
	0x5f02,0x5f02,0x5f02,0x5f02,0x5f03,0x5f03,0x5f03,0x5f03,0x5f04,0x5f04,0x5f04,0x5f04,0x5f05,0x5f05,0x5f06,0x5f06,0x5f08,0x5f08,0x5f0a,0x5f0a,0x5f3a,0x5f3a,0x5fc5,0x5fc5,0x61c0,0x61c0,0x654f,0x654f,0x6cfe,0x6cfe,0x76ed,0x76ed,
	0x5d1c,0x6cd8,0x5d1c,0x6cd8,0x5d1d,0x6cd9,0x5d1e,0x6cd9,0x5d1f,0x6cd9,0x5d20,0x6cd9,0x5d21,0x6cda,0x5d25,0x6cda,0x5d2c,0x6cdb,0x5d3d,0x6cdb,0x5d62,0x6cdc,0x5dd4,0x6ce8,0x5edd,0x6d9b,0x61ab,0x7009,0x6712,0x76ed,0x701f,0x7fff,
	0x6cd8,0x6cd8,0x6cd8,0x6cd8,0x6cd9,0x6cd9,0x6cd9,0x6cd9,0x6cd9,0x6cd9,0x6cd9,0x6cd9,0x6cda,0x6cda,0x6cda,0x6cda,0x6cdb,0x6cdb,0x6cdb,0x6cdb,0x6cdc,0x6cdc,0x6ce8,0x6ce8,0x6d9b,0x6d9b,0x7009,0x7009,0x76ed,0x76ed,0x7fff,0x7fff,
	0x43c0,0x43c0,0x43c5,0x43c5,0x43cc,0x43cc,0x43d4,0x43d4,0x43e3,0x43e3,0x43f3,0x43f3,0x4419,0x4419,0x444f,0x444f,0x44c7,0x44c7,0x457e,0x457e,0x46fe,0x46fe,0x4901,0x4901,0x4da3,0x4da3,0x53cd,0x53cd,0x5f02,0x5f02,0x6cd8,0x6cd8,
	0x43c0,0x43c0,0x43c5,0x43c5,0x43cc,0x43cc,0x43d4,0x43d4,0x43e3,0x43e3,0x43f3,0x43f3,0x4419,0x4419,0x444f,0x444f,0x44c7,0x44c7,0x457e,0x457e,0x46fe,0x46fe,0x4901,0x4901,0x4da3,0x4da3,0x53cd,0x53cd,0x5f02,0x5f02,0x6cd8,0x6cd8,
	0x43c5,0x43c5,0x43cf,0x43cf,0x43d4,0x43d4,0x43dd,0x43dd,0x43ec,0x43ec,0x43fa,0x43fa,0x4421,0x4421,0x4458,0x4458,0x44cf,0x44cf,0x4583,0x4583,0x4702,0x4702,0x4902,0x4902,0x4da3,0x4da3,0x53cd,0x53cd,0x5f02,0x5f02,0x6cd8,0x6cd8,
	0x43c5,0x43c5,0x43cf,0x43cf,0x43d4,0x43d4,0x43dd,0x43dd,0x43ec,0x43ec,0x43fa,0x43fa,0x4421,0x4421,0x4458,0x4458,0x44cf,0x44cf,0x4583,0x4583,0x4702,0x4702,0x4902,0x4902,0x4da3,0x4da3,0x53cd,0x53cd,0x5f02,0x5f02,0x6cd8,0x6cd8,
	0x43cc,0x43cc,0x43d4,0x43d4,0x43dc,0x43dc,0x43e4,0x43e4,0x43f2,0x43f2,0x4402,0x4402,0x4427,0x4427,0x445d,0x445d,0x44d5,0x44d5,0x458b,0x458b,0x4706,0x4706,0x4905,0x4905,0x4da4,0x4da4,0x53ce,0x53ce,0x5f03,0x5f03,0x6cd9,0x6cd9,
	0x43cc,0x43cc,0x43d4,0x43d4,0x43dc,0x43dc,0x43e4,0x43e4,0x43f2,0x43f2,0x4402,0x4402,0x4427,0x4427,0x445d,0x445d,0x44d5,0x44d5,0x458b,0x458b,0x4706,0x4706,0x4905,0x4905,0x4da4,0x4da4,0x53ce,0x53ce,0x5f03,0x5f03,0x6cd9,0x6cd9,
	0x43d4,0x43d4,0x43dd,0x43dd,0x43e4,0x43e4,0x43ee,0x43ee,0x43fb,0x43fb,0x440c,0x440c,0x4430,0x4430,0x4465,0x4465,0x44dc,0x44dc,0x4590,0x4590,0x470a,0x470a,0x4908,0x4908,0x4da5,0x4da5,0x53cf,0x53cf,0x5f03,0x5f03,0x6cd9,0x6cd9,
	0x43d4,0x43d4,0x43dd,0x43dd,0x43e4,0x43e4,0x43ee,0x43ee,0x43fb,0x43fb,0x440c,0x440c,0x4430,0x4430,0x4465,0x4465,0x44dc,0x44dc,0x4590,0x4590,0x470a,0x470a,0x4908,0x4908,0x4da5,0x4da5,0x53cf,0x53cf,0x5f03,0x5f03,0x6cd9,0x6cd9,
	0x43e3,0x43e3,0x43ec,0x43ec,0x43f2,0x43f2,0x43fb,0x43fb,0x4408,0x4408,0x441a,0x441a,0x443e,0x443e,0x4472,0x4472,0x44e9,0x44e9,0x459b,0x459b,0x4710,0x4710,0x490d,0x490d,0x4daa,0x4daa,0x53d0,0x53d0,0x5f04,0x5f04,0x6cd9,0x6cd9,
	0x43e3,0x43e3,0x43ec,0x43ec,0x43f2,0x43f2,0x43fb,0x43fb,0x4408,0x4408,0x441a,0x441a,0x443e,0x443e,0x4472,0x4472,0x44e9,0x44e9,0x459b,0x459b,0x4710,0x4710,0x490d,0x490d,0x4daa,0x4daa,0x53d0,0x53d0,0x5f04,0x5f04,0x6cd9,0x6cd9,
	0x43f3,0x43f3,0x43fa,0x43fa,0x4402,0x4402,0x440c,0x440c,0x441a,0x441a,0x442e,0x442e,0x4451,0x4451,0x4484,0x4484,0x44f8,0x44f8,0x45a9,0x45a9,0x471a,0x471a,0x4915,0x4915,0x4dac,0x4dac,0x53d1,0x53d1,0x5f04,0x5f04,0x6cd9,0x6cd9,
	0x43f3,0x43f3,0x43fa,0x43fa,0x4402,0x4402,0x440c,0x440c,0x441a,0x441a,0x442e,0x442e,0x4451,0x4451,0x4484,0x4484,0x44f8,0x44f8,0x45a9,0x45a9,0x471a,0x471a,0x4915,0x4915,0x4dac,0x4dac,0x53d1,0x53d1,0x5f04,0x5f04,0x6cd9,0x6cd9,
	0x4419,0x4419,0x4421,0x4421,0x4427,0x4427,0x4430,0x4430,0x443e,0x443e,0x4451,0x4451,0x4479,0x4479,0x44a9,0x44a9,0x451d,0x451d,0x45c9,0x45c9,0x472f,0x472f,0x4926,0x4926,0x4db5,0x4db5,0x53d3,0x53d3,0x5f05,0x5f05,0x6cda,0x6cda,
	0x4419,0x4419,0x4421,0x4421,0x4427,0x4427,0x4430,0x4430,0x443e,0x443e,0x4451,0x4451,0x4479,0x4479,0x44a9,0x44a9,0x451d,0x451d,0x45c9,0x45c9,0x472f,0x472f,0x4926,0x4926,0x4db5,0x4db5,0x53d3,0x53d3,0x5f05,0x5f05,0x6cda,0x6cda,
	0x444f,0x444f,0x4458,0x4458,0x445d,0x445d,0x4465,0x4465,0x4472,0x4472,0x4484,0x4484,0x44a9,0x44a9,0x44de,0x44de,0x454d,0x454d,0x45f4,0x45f4,0x474a,0x474a,0x4945,0x4945,0x4dc5,0x4dc5,0x53da,0x53da,0x5f06,0x5f06,0x6cda,0x6cda,
	0x444f,0x444f,0x4458,0x4458,0x445d,0x445d,0x4465,0x4465,0x4472,0x4472,0x4484,0x4484,0x44a9,0x44a9,0x44de,0x44de,0x454d,0x454d,0x45f4,0x45f4,0x474a,0x474a,0x4945,0x4945,0x4dc5,0x4dc5,0x53da,0x53da,0x5f06,0x5f06,0x6cda,0x6cda,
	0x44c7,0x44c7,0x44cf,0x44cf,0x44d5,0x44d5,0x44dc,0x44dc,0x44e9,0x44e9,0x44f8,0x44f8,0x451d,0x451d,0x454d,0x454d,0x45be,0x45be,0x465b,0x465b,0x4797,0x4797,0x498c,0x498c,0x4dee,0x4dee,0x53eb,0x53eb,0x5f08,0x5f08,0x6cdb,0x6cdb,
	0x44c7,0x44c7,0x44cf,0x44cf,0x44d5,0x44d5,0x44dc,0x44dc,0x44e9,0x44e9,0x44f8,0x44f8,0x451d,0x451d,0x454d,0x454d,0x45be,0x45be,0x465b,0x465b,0x4797,0x4797,0x498c,0x498c,0x4dee,0x4dee,0x53eb,0x53eb,0x5f08,0x5f08,0x6cdb,0x6cdb,
	0x457e,0x457e,0x4583,0x4583,0x458b,0x458b,0x4590,0x4590,0x459b,0x459b,0x45a9,0x45a9,0x45c9,0x45c9,0x45f4,0x45f4,0x465b,0x465b,0x46f4,0x46f4,0x4814,0x4814,0x49ff,0x49ff,0x4e3f,0x4e3f,0x5412,0x5412,0x5f0a,0x5f0a,0x6cdb,0x6cdb,
	0x457e,0x457e,0x4583,0x4583,0x458b,0x458b,0x4590,0x4590,0x459b,0x459b,0x45a9,0x45a9,0x45c9,0x45c9,0x45f4,0x45f4,0x465b,0x465b,0x46f4,0x46f4,0x4814,0x4814,0x49ff,0x49ff,0x4e3f,0x4e3f,0x5412,0x5412,0x5f0a,0x5f0a,0x6cdb,0x6cdb,
	0x46fe,0x46fe,0x4702,0x4702,0x4706,0x4706,0x470a,0x470a,0x4710,0x4710,0x471a,0x471a,0x472f,0x472f,0x474a,0x474a,0x4797,0x4797,0x4814,0x4814,0x495b,0x495b,0x4b24,0x4b24,0x4f20,0x4f20,0x54a6,0x54a6,0x5f3a,0x5f3a,0x6cdc,0x6cdc,
	0x46fe,0x46fe,0x4702,0x4702,0x4706,0x4706,0x470a,0x470a,0x4710,0x4710,0x471a,0x471a,0x472f,0x472f,0x474a,0x474a,0x4797,0x4797,0x4814,0x4814,0x495b,0x495b,0x4b24,0x4b24,0x4f20,0x4f20,0x54a6,0x54a6,0x5f3a,0x5f3a,0x6cdc,0x6cdc,
	0x4901,0x4901,0x4902,0x4902,0x4905,0x4905,0x4908,0x4908,0x490d,0x490d,0x4915,0x4915,0x4926,0x4926,0x4945,0x4945,0x498c,0x498c,0x49ff,0x49ff,0x4b24,0x4b24,0x4ce2,0x4ce2,0x5093,0x5093,0x55c6,0x55c6,0x5fc5,0x5fc5,0x6ce8,0x6ce8,
	0x4901,0x4901,0x4902,0x4902,0x4905,0x4905,0x4908,0x4908,0x490d,0x490d,0x4915,0x4915,0x4926,0x4926,0x4945,0x4945,0x498c,0x498c,0x49ff,0x49ff,0x4b24,0x4b24,0x4ce2,0x4ce2,0x5093,0x5093,0x55c6,0x55c6,0x5fc5,0x5fc5,0x6ce8,0x6ce8,
	0x4da3,0x4da3,0x4da3,0x4da3,0x4da4,0x4da4,0x4da5,0x4da5,0x4daa,0x4daa,0x4dac,0x4dac,0x4db5,0x4db5,0x4dc5,0x4dc5,0x4dee,0x4dee,0x4e3f,0x4e3f,0x4f20,0x4f20,0x5093,0x5093,0x53f3,0x53f3,0x589c,0x589c,0x61c0,0x61c0,0x6d9b,0x6d9b,
	0x4da3,0x4da3,0x4da3,0x4da3,0x4da4,0x4da4,0x4da5,0x4da5,0x4daa,0x4daa,0x4dac,0x4dac,0x4db5,0x4db5,0x4dc5,0x4dc5,0x4dee,0x4dee,0x4e3f,0x4e3f,0x4f20,0x4f20,0x5093,0x5093,0x53f3,0x53f3,0x589c,0x589c,0x61c0,0x61c0,0x6d9b,0x6d9b,
	0x53cd,0x53cd,0x53cd,0x53cd,0x53ce,0x53ce,0x53cf,0x53cf,0x53d0,0x53d0,0x53d1,0x53d1,0x53d3,0x53d3,0x53da,0x53da,0x53eb,0x53eb,0x5412,0x5412,0x54a6,0x54a6,0x55c6,0x55c6,0x589c,0x589c,0x5ca5,0x5ca5,0x654f,0x654f,0x7009,0x7009,
	0x53cd,0x53cd,0x53cd,0x53cd,0x53ce,0x53ce,0x53cf,0x53cf,0x53d0,0x53d0,0x53d1,0x53d1,0x53d3,0x53d3,0x53da,0x53da,0x53eb,0x53eb,0x5412,0x5412,0x54a6,0x54a6,0x55c6,0x55c6,0x589c,0x589c,0x5ca5,0x5ca5,0x654f,0x654f,0x7009,0x7009,
	0x5f02,0x5f02,0x5f02,0x5f02,0x5f03,0x5f03,0x5f03,0x5f03,0x5f04,0x5f04,0x5f04,0x5f04,0x5f05,0x5f05,0x5f06,0x5f06,0x5f08,0x5f08,0x5f0a,0x5f0a,0x5f3a,0x5f3a,0x5fc5,0x5fc5,0x61c0,0x61c0,0x654f,0x654f,0x6cfe,0x6cfe,0x76ed,0x76ed,
	0x5f02,0x5f02,0x5f02,0x5f02,0x5f03,0x5f03,0x5f03,0x5f03,0x5f04,0x5f04,0x5f04,0x5f04,0x5f05,0x5f05,0x5f06,0x5f06,0x5f08,0x5f08,0x5f0a,0x5f0a,0x5f3a,0x5f3a,0x5fc5,0x5fc5,0x61c0,0x61c0,0x654f,0x654f,0x6cfe,0x6cfe,0x76ed,0x76ed,
	0x6cd8,0x6cd8,0x6cd8,0x6cd8,0x6cd9,0x6cd9,0x6cd9,0x6cd9,0x6cd9,0x6cd9,0x6cd9,0x6cd9,0x6cda,0x6cda,0x6cda,0x6cda,0x6cdb,0x6cdb,0x6cdb,0x6cdb,0x6cdc,0x6cdc,0x6ce8,0x6ce8,0x6d9b,0x6d9b,0x7009,0x7009,0x76ed,0x76ed,0x7fff,0x7fff,
	0x6cd8,0x6cd8,0x6cd8,0x6cd8,0x6cd9,0x6cd9,0x6cd9,0x6cd9,0x6cd9,0x6cd9,0x6cd9,0x6cd9,0x6cda,0x6cda,0x6cda,0x6cda,0x6cdb,0x6cdb,0x6cdb,0x6cdb,0x6cdc,0x6cdc,0x6ce8,0x6ce8,0x6d9b,0x6d9b,0x7009,0x7009,0x76ed,0x76ed,0x7fff,0x7fff,
};
